__source__,bucket,calibration,detector_gflops,detector_latency_ms,filter_rate,gate,gate_gflops,gate_latency_ms,gate_recall_on_positive_tiles,label,mAP@0.50,mAP@0.55,mAP@0.5:0.95,mAP@0.60,mAP@0.65,mAP@0.70,mAP@0.75,mAP@0.80,mAP@0.85,mAP@0.90,mAP@0.95,n_accepted,n_classes,n_gt_tiles,n_tiles,skipped,stratum,threshold,total_gflops,total_latency_ms
reports/planes/cascade/codesign_planes_early_exit_context_adaptive.json,,context_adaptive,974779.5025592321,108932.92932660552,0.0,real,25232.186443776005,1802.2176906088134,1.0,codesign_planes_early_exit,0.9151257181537812,0.9042543076046732,0.6147770594124805,0.8824829661262232,0.8495620928477391,0.8022977384669684,0.7266678294128557,0.5877931411437782,0.36292315389451707,0.11358925181370712,0.003074394660561391,5297,1,,5297,,,0.0,1000011.6890030081,110735.14701721433
reports/planes/cascade/codesign_planes_early_exit_context_adaptive.json,,context_adaptive,974779.5025592321,108932.92932660552,0.0,real,25232.186443776005,1802.2176906088134,1.0,codesign_planes_early_exit,0.9151257181537812,0.9042543076046732,0.6147770594124805,0.8824829661262232,0.8495620928477391,0.8022977384669684,0.7266678294128557,0.5877931411437782,0.36292315389451707,0.11358925181370712,0.003074394660561391,5297,1,,5297,,,0.05,1000011.6890030081,110735.14701721433
reports/planes/cascade/codesign_planes_early_exit_context_adaptive.json,,context_adaptive,974779.5025592321,108932.92932660552,0.0,real,25232.186443776005,1802.2176906088134,1.0,codesign_planes_early_exit,0.9151257181537812,0.9042543076046732,0.6147770594124805,0.8824829661262232,0.8495620928477391,0.8022977384669684,0.7266678294128557,0.5877931411437782,0.36292315389451707,0.11358925181370712,0.003074394660561391,5297,1,,5297,,,0.1,1000011.6890030081,110735.14701721433
reports/planes/cascade/codesign_planes_early_exit_context_adaptive.json,,context_adaptive,974779.5025592321,108932.92932660552,0.0,real,25232.186443776005,1802.2176906088134,1.0,codesign_planes_early_exit,0.9151257181537812,0.9042543076046732,0.6147770594124805,0.8824829661262232,0.8495620928477391,0.8022977384669684,0.7266678294128557,0.5877931411437782,0.36292315389451707,0.11358925181370712,0.003074394660561391,5297,1,,5297,,,0.15000000000000002,1000011.6890030081,110735.14701721433
reports/planes/cascade/codesign_planes_early_exit_context_adaptive.json,,context_adaptive,974779.5025592321,108932.92932660552,0.0,real,25232.186443776005,1802.2176906088134,1.0,codesign_planes_early_exit,0.9151257181537812,0.9042543076046732,0.6147770594124805,0.8824829661262232,0.8495620928477391,0.8022977384669684,0.7266678294128557,0.5877931411437782,0.36292315389451707,0.11358925181370712,0.003074394660561391,5297,1,,5297,,,0.2,1000011.6890030081,110735.14701721433
reports/planes/cascade/codesign_planes_early_exit_context_adaptive.json,,context_adaptive,974779.5025592321,108932.92932660552,0.0,real,25232.186443776005,1802.2176906088134,1.0,codesign_planes_early_exit,0.9151257181537812,0.9042543076046732,0.6147770594124805,0.8824829661262232,0.8495620928477391,0.8022977384669684,0.7266678294128557,0.5877931411437782,0.36292315389451707,0.11358925181370712,0.003074394660561391,5297,1,,5297,,,0.25,1000011.6890030081,110735.14701721433
reports/planes/cascade/codesign_planes_early_exit_context_adaptive.json,,context_adaptive,974779.5025592321,108932.92932660552,0.0,real,25232.186443776005,1802.2176906088134,1.0,codesign_planes_early_exit,0.9151257181537812,0.9042543076046732,0.6147770594124805,0.8824829661262232,0.8495620928477391,0.8022977384669684,0.7266678294128557,0.5877931411437782,0.36292315389451707,0.11358925181370712,0.003074394660561391,5297,1,,5297,,,0.30000000000000004,1000011.6890030081,110735.14701721433
reports/planes/cascade/codesign_planes_early_exit_context_adaptive.json,,context_adaptive,971467.0556938241,108562.75890412508,0.0033981498961676015,real,25232.186443776005,1802.2176906088134,1.0,codesign_planes_early_exit,0.9151257181537812,0.9042543076046732,0.6147770594124805,0.8824829661262232,0.8495620928477391,0.8022977384669684,0.7266678294128557,0.5877931411437782,0.36292315389451707,0.11358925181370712,0.003074394660561391,5279,1,,5297,,,0.35000000000000003,996699.2421376001,110364.97659473389
reports/planes/cascade/codesign_planes_early_exit_context_adaptive.json,,context_adaptive,969258.757783552,108315.97862247145,0.005663583160279373,real,25232.186443776005,1802.2176906088134,0.998546511627907,codesign_planes_early_exit,0.9150971833193956,0.9041995426627855,0.6147546480474596,0.8824544804822616,0.8495399235384903,0.8022440483893474,0.726625491930963,0.5877978517751377,0.3629243119019465,0.11358925181370712,0.003074394660561391,5267,1,,5297,,,0.4,994490.9442273281,110118.19631308026
reports/planes/cascade/codesign_planes_early_exit_context_adaptive.json,,context_adaptive,955824.945496064,106814.73190907855,0.019444968850292565,real,25232.186443776005,1802.2176906088134,0.9840116279069767,codesign_planes_early_exit,0.9147902255067693,0.8950293259496479,0.6128195006099462,0.8735093010176733,0.8491666399170352,0.801918502933044,0.7264237227619733,0.5877617311007786,0.362931910438272,0.11358925181370712,0.003074394660561391,5194,1,,5297,,,0.45,981057.13193984,108616.94959968736
reports/planes/cascade/codesign_planes_early_exit_context_adaptive.json,,context_adaptive,818174.3757557761,91432.09435266908,0.16065697564659243,real,25232.186443776005,1802.2176906088134,0.9520348837209303,codesign_planes_early_exit,0.9053190162414713,0.8944761079517843,0.6091467468233527,0.8729520338978167,0.8402167324650659,0.7932988080719499,0.7182155514332492,0.5872430774226759,0.36302301992622593,0.11364872616272709,0.003074394660561391,4446,1,,5297,,,0.5,843406.5621995521,93234.3120432779
reports/planes/cascade/codesign_planes_early_exit_context_adaptive.json,,context_adaptive,635989.798158336,71072.7211162448,0.34755521993581273,real,25232.186443776005,1802.2176906088134,0.8459302325581395,codesign_planes_early_exit,0.8469407625339541,0.8364373838984162,0.5757199378954807,0.8155396572129743,0.7922787998209575,0.7468620557706427,0.6821521516346164,0.5636505516258858,0.35654871083428613,0.11371002940102817,0.003079276222045693,3456,1,,5297,,,0.55,661221.984602112,72874.9388068536
reports/planes/cascade/codesign_planes_early_exit_context_adaptive.json,,context_adaptive,490242.136080384,54785.22252710536,0.497073815367189,real,25232.186443776005,1802.2176906088134,0.7718023255813954,codesign_planes_early_exit,0.8180175265118117,0.8076570983764554,0.5622020520572867,0.7960068222357451,0.7732504008586872,0.7369110259548807,0.6728855579686661,0.5483477571702398,0.3517482825668612,0.1141151342204007,0.0030809147091179706,2664,1,,5297,,,0.6000000000000001,515474.32252416003,56587.440217714175
reports/planes/cascade/codesign_planes_early_exit_context_adaptive.json,,context_adaptive,340998.002311168,38106.98849201435,0.6501793468000755,real,25232.186443776005,1802.2176906088134,0.5770348837209303,codesign_planes_early_exit,0.7100000782935847,0.7087962628799394,0.4939136216131611,0.6886723060272727,0.6761087012562534,0.6417542007824106,0.5905152613161703,0.48911741632613026,0.3199279889434998,0.11115979149604455,0.0030842088103050927,1853,1,,5297,,,0.65,366230.188754944,39909.206182623166
reports/planes/cascade/codesign_planes_early_exit_context_adaptive.json,,context_adaptive,187521.297547264,20955.758917087223,0.8076269586558429,real,25232.186443776005,1802.2176906088134,0.3313953488372093,codesign_planes_early_exit,0.49284856088532825,0.49223284925770555,0.3465556891460872,0.4824842744848373,0.4711863384607284,0.44790092196771897,0.4095678778907102,0.3380664715101874,0.2380026663403402,0.0904989555669742,0.002767975096341362,1019,1,,5297,,,0.7000000000000001,212753.48399104,22757.976607696037
reports/planes/cascade/codesign_planes_early_exit_context_adaptive.json,,context_adaptive,71401.632432128,7979.229106800631,0.9267509911270531,real,25232.186443776005,1802.2176906088134,0.1875,codesign_planes_early_exit,0.36453387896053324,0.36439774403767855,0.264387601422502,0.3639561877530616,0.353238656057509,0.33963831096267183,0.3062818961996598,0.26811413400858064,0.19802052477552579,0.08312555379705007,0.0025691276727501005,388,1,,5297,,,0.75,96633.818875904,9781.446797409444
reports/planes/cascade/codesign_planes_early_exit_context_adaptive.json,,context_adaptive,6624.893730816,740.3408449608833,0.9932037002076647,real,25232.186443776005,1802.2176906088134,0.029069767441860465,codesign_planes_early_exit,0.10824966503680244,0.10807442813246843,0.07981396215817801,0.09900990099009901,0.0988863959160989,0.09862515968799158,0.09825253578668143,0.0856183249256403,0.06347073889025369,0.034652142182741194,0.0033003300330033,36,1,,5297,,,0.8,31857.080174592003,2542.5585355696967
reports/planes/cascade/codesign_planes_early_exit_context_adaptive.json,,context_adaptive,0.0,0.0,1.0,real,25232.186443776005,1802.2176906088134,0.0,codesign_planes_early_exit,0.0,0.0,0.0,0.0,0.0,0.0,0.0,0.0,0.0,0.0,0.0,0,1,,5297,,,0.8500000000000001,25232.186443776005,1802.2176906088134
reports/planes/cascade/codesign_planes_early_exit_context_adaptive.json,,context_adaptive,0.0,0.0,1.0,real,25232.186443776005,1802.2176906088134,0.0,codesign_planes_early_exit,0.0,0.0,0.0,0.0,0.0,0.0,0.0,0.0,0.0,0.0,0.0,0,1,,5297,,,0.9,25232.186443776005,1802.2176906088134
reports/planes/cascade/codesign_planes_early_exit_context_adaptive.json,,context_adaptive,0.0,0.0,1.0,real,25232.186443776005,1802.2176906088134,0.0,codesign_planes_early_exit,0.0,0.0,0.0,0.0,0.0,0.0,0.0,0.0,0.0,0.0,0.0,0,1,,5297,,,0.9500000000000001,25232.186443776005,1802.2176906088134
reports/planes/cascade/codesign_planes_early_exit_context_adaptive.json,,context_adaptive,0.0,0.0,1.0,real,25232.186443776005,1802.2176906088134,0.0,codesign_planes_early_exit,0.0,0.0,0.0,0.0,0.0,0.0,0.0,0.0,0.0,0.0,0.0,0,1,,5297,,,1.0,25232.186443776005,1802.2176906088134
reports/planes/cascade/codesign_planes_early_exit_identity.json,,identity,974779.5025592321,108932.92932660552,0.0,real,25232.186443776005,1802.2176906088134,1.0,codesign_planes_early_exit,0.9151257181537812,0.9042543076046732,0.6147770594124805,0.8824829661262232,0.8495620928477391,0.8022977384669684,0.7266678294128557,0.5877931411437782,0.36292315389451707,0.11358925181370712,0.003074394660561391,5297,1,,5297,,,0.0,1000011.6890030081,110735.14701721433
reports/planes/cascade/codesign_planes_early_exit_identity.json,,identity,974779.5025592321,108932.92932660552,0.0,real,25232.186443776005,1802.2176906088134,1.0,codesign_planes_early_exit,0.9151257181537812,0.9042543076046732,0.6147770594124805,0.8824829661262232,0.8495620928477391,0.8022977384669684,0.7266678294128557,0.5877931411437782,0.36292315389451707,0.11358925181370712,0.003074394660561391,5297,1,,5297,,,0.05,1000011.6890030081,110735.14701721433
reports/planes/cascade/codesign_planes_early_exit_identity.json,,identity,974779.5025592321,108932.92932660552,0.0,real,25232.186443776005,1802.2176906088134,1.0,codesign_planes_early_exit,0.9151257181537812,0.9042543076046732,0.6147770594124805,0.8824829661262232,0.8495620928477391,0.8022977384669684,0.7266678294128557,0.5877931411437782,0.36292315389451707,0.11358925181370712,0.003074394660561391,5297,1,,5297,,,0.1,1000011.6890030081,110735.14701721433
reports/planes/cascade/codesign_planes_early_exit_identity.json,,identity,974779.5025592321,108932.92932660552,0.0,real,25232.186443776005,1802.2176906088134,1.0,codesign_planes_early_exit,0.9151257181537812,0.9042543076046732,0.6147770594124805,0.8824829661262232,0.8495620928477391,0.8022977384669684,0.7266678294128557,0.5877931411437782,0.36292315389451707,0.11358925181370712,0.003074394660561391,5297,1,,5297,,,0.15000000000000002,1000011.6890030081,110735.14701721433
reports/planes/cascade/codesign_planes_early_exit_identity.json,,identity,974779.5025592321,108932.92932660552,0.0,real,25232.186443776005,1802.2176906088134,1.0,codesign_planes_early_exit,0.9151257181537812,0.9042543076046732,0.6147770594124805,0.8824829661262232,0.8495620928477391,0.8022977384669684,0.7266678294128557,0.5877931411437782,0.36292315389451707,0.11358925181370712,0.003074394660561391,5297,1,,5297,,,0.2,1000011.6890030081,110735.14701721433
reports/planes/cascade/codesign_planes_early_exit_identity.json,,identity,974779.5025592321,108932.92932660552,0.0,real,25232.186443776005,1802.2176906088134,1.0,codesign_planes_early_exit,0.9151257181537812,0.9042543076046732,0.6147770594124805,0.8824829661262232,0.8495620928477391,0.8022977384669684,0.7266678294128557,0.5877931411437782,0.36292315389451707,0.11358925181370712,0.003074394660561391,5297,1,,5297,,,0.25,1000011.6890030081,110735.14701721433
reports/planes/cascade/codesign_planes_early_exit_identity.json,,identity,974779.5025592321,108932.92932660552,0.0,real,25232.186443776005,1802.2176906088134,1.0,codesign_planes_early_exit,0.9151257181537812,0.9042543076046732,0.6147770594124805,0.8824829661262232,0.8495620928477391,0.8022977384669684,0.7266678294128557,0.5877931411437782,0.36292315389451707,0.11358925181370712,0.003074394660561391,5297,1,,5297,,,0.30000000000000004,1000011.6890030081,110735.14701721433
reports/planes/cascade/codesign_planes_early_exit_identity.json,,identity,974779.5025592321,108932.92932660552,0.0,real,25232.186443776005,1802.2176906088134,1.0,codesign_planes_early_exit,0.9151257181537812,0.9042543076046732,0.6147770594124805,0.8824829661262232,0.8495620928477391,0.8022977384669684,0.7266678294128557,0.5877931411437782,0.36292315389451707,0.11358925181370712,0.003074394660561391,5297,1,,5297,,,0.35000000000000003,1000011.6890030081,110735.14701721433
reports/planes/cascade/codesign_planes_early_exit_identity.json,,identity,974779.5025592321,108932.92932660552,0.0,real,25232.186443776005,1802.2176906088134,1.0,codesign_planes_early_exit,0.9151257181537812,0.9042543076046732,0.6147770594124805,0.8824829661262232,0.8495620928477391,0.8022977384669684,0.7266678294128557,0.5877931411437782,0.36292315389451707,0.11358925181370712,0.003074394660561391,5297,1,,5297,,,0.4,1000011.6890030081,110735.14701721433
reports/planes/cascade/codesign_planes_early_exit_identity.json,,identity,974779.5025592321,108932.92932660552,0.0,real,25232.186443776005,1802.2176906088134,1.0,codesign_planes_early_exit,0.9151257181537812,0.9042543076046732,0.6147770594124805,0.8824829661262232,0.8495620928477391,0.8022977384669684,0.7266678294128557,0.5877931411437782,0.36292315389451707,0.11358925181370712,0.003074394660561391,5297,1,,5297,,,0.45,1000011.6890030081,110735.14701721433
reports/planes/cascade/codesign_planes_early_exit_identity.json,,identity,971099.006042112,108521.6288571828,0.0037757221068529523,real,25232.186443776005,1802.2176906088134,1.0,codesign_planes_early_exit,0.9151257181537812,0.9042543076046732,0.6147770594124805,0.8824829661262232,0.8495620928477391,0.8022977384669684,0.7266678294128557,0.5877931411437782,0.36292315389451707,0.11358925181370712,0.003074394660561391,5277,1,,5297,,,0.5,996331.192485888,110323.84654779162
reports/planes/cascade/codesign_planes_early_exit_identity.json,,identity,968706.683305984,108254.28355205804,0.006229941476307399,real,25232.186443776005,1802.2176906088134,0.998546511627907,codesign_planes_early_exit,0.9150971833193956,0.9041995426627855,0.6147546480474596,0.8824544804822616,0.8495399235384903,0.8022440483893474,0.726625491930963,0.5877978517751377,0.3629243119019465,0.11358925181370712,0.003074394660561391,5264,1,,5297,,,0.55,993938.86974976,110056.50124266685
reports/planes/cascade/codesign_planes_early_exit_identity.json,,identity,858291.787792384,95915.26946937665,0.11950160468189541,real,25232.186443776005,1802.2176906088134,0.9738372093023255,codesign_planes_early_exit,0.9056215474713953,0.8948249310261898,0.6101506955391072,0.8733672664425437,0.8406021526081724,0.7936175565181318,0.7261561180550065,0.5877253665189339,0.36290945379888745,0.11360816829124831,0.003074394660561391,4664,1,,5297,,,0.6000000000000001,883523.97423616,97717.48715998547
reports/planes/cascade/codesign_planes_early_exit_identity.json,,identity,693773.59347712,77530.13848618139,0.28827638285822166,real,25232.186443776005,1802.2176906088134,0.8851744186046512,codesign_planes_early_exit,0.866356790536791,0.8467969748030713,0.5862264986302714,0.8345805477072363,0.8027699966654036,0.7653988608824905,0.6997950723794919,0.5722461905222218,0.3575784367044554,0.11366772144099024,0.003074394660561391,3770,1,,5297,,,0.65,719005.779920896,79332.3561767902
reports/planes/cascade/codesign_planes_early_exit_identity.json,,identity,563484.016771072,62970.10186861735,0.4219369454408155,real,25232.186443776005,1802.2176906088134,0.8197674418604651,codesign_planes_early_exit,0.8373602883299324,0.8269959135483452,0.5709215603919011,0.8064440217487222,0.7834538418321021,0.7468294584473538,0.6821289341153712,0.5569613581036905,0.3521556060181161,0.11380690555333245,0.003079276222045693,3062,1,,5297,,,0.7000000000000001,588716.2032148481,64772.31955922616
reports/planes/cascade/codesign_planes_early_exit_identity.json,,identity,460982.18876928004,51515.38379519479,0.5270908061166698,real,25232.186443776005,1802.2176906088134,0.751453488372093,codesign_planes_early_exit,0.8173968890213518,0.8070848606085886,0.5584148178599755,0.7867032264687399,0.7641446231090285,0.7279789523902506,0.6644079467142436,0.5477978523405472,0.3515052829085218,0.11404763032936499,0.0030809147091179706,2505,1,,5297,,,0.75,486214.37521305605,53317.60148580361
reports/planes/cascade/codesign_planes_early_exit_identity.json,,identity,322963.56937728,36091.61619184306,0.6686803851236549,real,25232.186443776005,1802.2176906088134,0.5566860465116279,codesign_planes_early_exit,0.6998671381009886,0.6896145526932604,0.48408476115311394,0.6784590426052618,0.6572357705163663,0.6315134437125793,0.5802872585567351,0.47927128086614795,0.31283952806946214,0.10867373192613788,0.0030858644842001906,1755,1,,5297,,,0.8,348195.755821056,37893.83388245187
reports/planes/cascade/codesign_planes_early_exit_identity.json,,identity,168198.69083238402,18796.43145261798,0.8274494997168208,real,25232.186443776005,1802.2176906088134,0.3125,codesign_planes_early_exit,0.4829016453921753,0.48229106080087225,0.34026850709469747,0.4725628241248616,0.4613475859996305,0.4381271978192369,0.4010123405859793,0.3381228829186789,0.23276029365414835,0.09079546704132462,0.0027637726100667023,914,1,,5297,,,0.8500000000000001,193430.87727616003,20598.649143226794
reports/planes/cascade/codesign_planes_early_exit_identity.json,,identity,60544.167706624,6765.892722003628,0.9378893713422692,real,25232.186443776005,1802.2176906088134,0.17151162790697674,codesign_planes_early_exit,0.363670612396136,0.3546176586975894,0.25936150595867125,0.3543321290312163,0.34373512930917954,0.33062535711459495,0.3049781556055311,0.2596645326083844,0.19699884654723268,0.0825056161670491,0.0024870221097988672,329,1,,5297,,,0.9,85776.3541504,8568.110412612441
reports/planes/cascade/codesign_planes_early_exit_identity.json,,identity,1472.198606848,164.52018776908517,0.9984897111572588,real,25232.186443776005,1802.2176906088134,0.007267441860465116,codesign_planes_early_exit,0.019801980198019802,0.019801980198019802,0.017986438539096164,0.019801980198019802,0.019801980198019802,0.019801980198019802,0.019801980198019802,0.019801980198019802,0.019631273472174804,0.01666875548314325,0.0049504950495049506,8,1,,5297,,,0.9500000000000001,26704.385050624005,1966.7378783778986
reports/planes/cascade/codesign_planes_early_exit_identity.json,,identity,0.0,0.0,1.0,real,25232.186443776005,1802.2176906088134,0.0,codesign_planes_early_exit,0.0,0.0,0.0,0.0,0.0,0.0,0.0,0.0,0.0,0.0,0.0,0,1,,5297,,,1.0,25232.186443776005,1802.2176906088134
reports/planes/cascade/codesign_planes_early_exit_isotonic.json,,isotonic,974779.5025592321,108932.92932660552,0.0,real,25232.186443776005,1802.2176906088134,1.0,codesign_planes_early_exit,0.9151257181537812,0.9042543076046732,0.6147770594124805,0.8824829661262232,0.8495620928477391,0.8022977384669684,0.7266678294128557,0.5877931411437782,0.36292315389451707,0.11358925181370712,0.003074394660561391,5297,1,,5297,,,0.0,1000011.6890030081,110735.14701721433
reports/planes/cascade/codesign_planes_early_exit_isotonic.json,,isotonic,816702.177148928,91267.5741649,0.1621672644893336,real,25232.186443776005,1802.2176906088134,0.9607558139534884,codesign_planes_early_exit,0.9052429790832649,0.8943770973462708,0.6091964417217081,0.8728616686944164,0.8402052244325818,0.793416420515719,0.7183496395534862,0.5877843516414938,0.3630226825451559,0.11362995874413012,0.003074394660561391,4438,1,,5297,,,0.05,841934.3635927041,93069.79185550881
reports/planes/cascade/codesign_planes_early_exit_isotonic.json,,isotonic,475888.199663616,53181.15069635678,0.5117991315839154,real,25232.186443776005,1802.2176906088134,0.7703488372093024,codesign_planes_early_exit,0.8178300863640398,0.8074861924058067,0.5595524822030954,0.7957557557224503,0.7644662458564092,0.7283531007165828,0.6647941689551393,0.5482434999151777,0.35157753153431326,0.11393732585191589,0.0030809147091179706,2586,1,,5297,,,0.1,501120.386107392,54983.368386965594
reports/planes/cascade/codesign_planes_early_exit_isotonic.json,,isotonic,444051.904790528,49623.401635850314,0.5444591278081934,real,25232.186443776005,1802.2176906088134,0.7383720930232558,codesign_planes_early_exit,0.8079625594480937,0.7975997052643122,0.5562492155369299,0.7860225327793304,0.7635568085794566,0.7272884244658164,0.663945618587012,0.5473227513054785,0.35158059229434624,0.11413224793633403,0.0030809147091179706,2413,1,,5297,,,0.15000000000000002,469284.091234304,51425.61932645913
reports/planes/cascade/codesign_planes_early_exit_isotonic.json,,isotonic,35516.791390208,3969.0495299291797,0.9635642816688692,real,25232.186443776005,1802.2176906088134,0.1438953488372093,codesign_planes_early_exit,0.33492373760231087,0.33478288610091683,0.24396685781091731,0.3343813760197234,0.32400343713972163,0.3109671984491898,0.2866189247813281,0.24971309923551613,0.18290008975483518,0.07888373419065334,0.002494094834977639,193,1,,5297,,,0.2,60748.97783398401,5771.267220537993
reports/planes/cascade/codesign_planes_early_exit_isotonic.json,,isotonic,35516.791390208,3969.0495299291797,0.9635642816688692,real,25232.186443776005,1802.2176906088134,0.1438953488372093,codesign_planes_early_exit,0.33492373760231087,0.33478288610091683,0.24396685781091731,0.3343813760197234,0.32400343713972163,0.3109671984491898,0.2866189247813281,0.24971309923551613,0.18290008975483518,0.07888373419065334,0.002494094834977639,193,1,,5297,,,0.25,60748.97783398401,5771.267220537993
reports/planes/cascade/codesign_planes_early_exit_isotonic.json,,isotonic,35516.791390208,3969.0495299291797,0.9635642816688692,real,25232.186443776005,1802.2176906088134,0.1438953488372093,codesign_planes_early_exit,0.33492373760231087,0.33478288610091683,0.24396685781091731,0.3343813760197234,0.32400343713972163,0.3109671984491898,0.2866189247813281,0.24971309923551613,0.18290008975483518,0.07888373419065334,0.002494094834977639,193,1,,5297,,,0.30000000000000004,60748.97783398401,5771.267220537993
reports/planes/cascade/codesign_planes_early_exit_isotonic.json,,isotonic,30180.071440384003,3372.663849266246,0.9690390787238059,real,25232.186443776005,1802.2176906088134,0.1308139534883721,codesign_planes_early_exit,0.3051654213905238,0.3049113451035137,0.2232791939868084,0.2956652316492296,0.2944040094617646,0.2831082995635701,0.262072582290562,0.23564299419450813,0.1766032038012802,0.07314655215985125,0.002072300253281142,164,1,,5297,,,0.35000000000000003,55412.257884160004,5174.881539875059
reports/planes/cascade/codesign_planes_early_exit_isotonic.json,,isotonic,23555.177709568,2632.3230043053627,0.9758353785161412,real,25232.186443776005,1802.2176906088134,0.11046511627906977,codesign_planes_early_exit,0.2662209711731523,0.2661008408698632,0.1978209968120424,0.2658594785326637,0.2560324502600785,0.2540022822991915,0.23347630192421193,0.20802670479339136,0.16010406066398258,0.0661866575818871,0.0022002200220022,128,1,,5297,,,0.4,48787.36415334401,4434.540694914176
reports/planes/cascade/codesign_planes_early_exit_isotonic.json,,isotonic,23555.177709568,2632.3230043053627,0.9758353785161412,real,25232.186443776005,1802.2176906088134,0.11046511627906977,codesign_planes_early_exit,0.2662209711731523,0.2661008408698632,0.1978209968120424,0.2658594785326637,0.2560324502600785,0.2540022822991915,0.23347630192421193,0.20802670479339136,0.16010406066398258,0.0661866575818871,0.0022002200220022,128,1,,5297,,,0.45,48787.36415334401,4434.540694914176
reports/planes/cascade/codesign_planes_early_exit_isotonic.json,,isotonic,23555.177709568,2632.3230043053627,0.9758353785161412,real,25232.186443776005,1802.2176906088134,0.11046511627906977,codesign_planes_early_exit,0.2662209711731523,0.2661008408698632,0.1978209968120424,0.2658594785326637,0.2560324502600785,0.2540022822991915,0.23347630192421193,0.20802670479339136,0.16010406066398258,0.0661866575818871,0.0022002200220022,128,1,,5297,,,0.5,48787.36415334401,4434.540694914176
reports/planes/cascade/codesign_planes_early_exit_isotonic.json,,isotonic,22819.078406144,2550.06291042082,0.9765905229375118,real,25232.186443776005,1802.2176906088134,0.10755813953488372,codesign_planes_early_exit,0.2560784387584716,0.25593256452443325,0.18927702140231412,0.24659261312582553,0.2459469699827585,0.235662404213072,0.2244859103748655,0.1998572690659445,0.1601967907926488,0.06627001963823757,0.0017472335468841002,124,1,,5297,,,0.55,48051.26484992,4352.2806010296335
reports/planes/cascade/codesign_planes_early_exit_isotonic.json,,isotonic,1288.173780992,143.95516429794952,0.9986784972626015,real,25232.186443776005,1802.2176906088134,0.007267441860465116,codesign_planes_early_exit,0.019801980198019802,0.019801980198019802,0.017986438539096164,0.019801980198019802,0.019801980198019802,0.019801980198019802,0.019801980198019802,0.019801980198019802,0.019631273472174804,0.01666875548314325,0.0049504950495049506,7,1,,5297,,,0.6000000000000001,26520.360224768006,1946.172854906763
reports/planes/cascade/codesign_planes_early_exit_isotonic.json,,isotonic,1288.173780992,143.95516429794952,0.9986784972626015,real,25232.186443776005,1802.2176906088134,0.007267441860465116,codesign_planes_early_exit,0.019801980198019802,0.019801980198019802,0.017986438539096164,0.019801980198019802,0.019801980198019802,0.019801980198019802,0.019801980198019802,0.019801980198019802,0.019631273472174804,0.01666875548314325,0.0049504950495049506,7,1,,5297,,,0.65,26520.360224768006,1946.172854906763
reports/planes/cascade/codesign_planes_early_exit_isotonic.json,,isotonic,1288.173780992,143.95516429794952,0.9986784972626015,real,25232.186443776005,1802.2176906088134,0.007267441860465116,codesign_planes_early_exit,0.019801980198019802,0.019801980198019802,0.017986438539096164,0.019801980198019802,0.019801980198019802,0.019801980198019802,0.019801980198019802,0.019801980198019802,0.019631273472174804,0.01666875548314325,0.0049504950495049506,7,1,,5297,,,0.7000000000000001,26520.360224768006,1946.172854906763
reports/planes/cascade/codesign_planes_early_exit_isotonic.json,,isotonic,0.0,0.0,1.0,real,25232.186443776005,1802.2176906088134,0.0,codesign_planes_early_exit,0.0,0.0,0.0,0.0,0.0,0.0,0.0,0.0,0.0,0.0,0.0,0,1,,5297,,,0.75,25232.186443776005,1802.2176906088134
reports/planes/cascade/codesign_planes_early_exit_isotonic.json,,isotonic,0.0,0.0,1.0,real,25232.186443776005,1802.2176906088134,0.0,codesign_planes_early_exit,0.0,0.0,0.0,0.0,0.0,0.0,0.0,0.0,0.0,0.0,0.0,0,1,,5297,,,0.8,25232.186443776005,1802.2176906088134
reports/planes/cascade/codesign_planes_early_exit_isotonic.json,,isotonic,0.0,0.0,1.0,real,25232.186443776005,1802.2176906088134,0.0,codesign_planes_early_exit,0.0,0.0,0.0,0.0,0.0,0.0,0.0,0.0,0.0,0.0,0.0,0,1,,5297,,,0.8500000000000001,25232.186443776005,1802.2176906088134
reports/planes/cascade/codesign_planes_early_exit_isotonic.json,,isotonic,0.0,0.0,1.0,real,25232.186443776005,1802.2176906088134,0.0,codesign_planes_early_exit,0.0,0.0,0.0,0.0,0.0,0.0,0.0,0.0,0.0,0.0,0.0,0,1,,5297,,,0.9,25232.186443776005,1802.2176906088134
reports/planes/cascade/codesign_planes_early_exit_isotonic.json,,isotonic,0.0,0.0,1.0,real,25232.186443776005,1802.2176906088134,0.0,codesign_planes_early_exit,0.0,0.0,0.0,0.0,0.0,0.0,0.0,0.0,0.0,0.0,0.0,0,1,,5297,,,0.9500000000000001,25232.186443776005,1802.2176906088134
reports/planes/cascade/codesign_planes_early_exit_isotonic.json,,isotonic,0.0,0.0,1.0,real,25232.186443776005,1802.2176906088134,0.0,codesign_planes_early_exit,0.0,0.0,0.0,0.0,0.0,0.0,0.0,0.0,0.0,0.0,0.0,0,1,,5297,,,1.0,25232.186443776005,1802.2176906088134
reports/planes/cascade/codesign_planes_early_exit_platt.json,,platt,974779.5025592321,108932.92932660552,0.0,real,25232.186443776005,1802.2176906088134,1.0,codesign_planes_early_exit,0.9151257181537812,0.9042543076046732,0.6147770594124805,0.8824829661262232,0.8495620928477391,0.8022977384669684,0.7266678294128557,0.5877931411437782,0.36292315389451707,0.11358925181370712,0.003074394660561391,5297,1,,5297,,,0.0,1000011.6890030081,110735.14701721433
reports/planes/cascade/codesign_planes_early_exit_platt.json,,platt,951040.300023808,106280.04129882902,0.02435340758920146,real,25232.186443776005,1802.2176906088134,0.9927325581395349,codesign_planes_early_exit,0.9149330279212247,0.903993767010368,0.6137937304953981,0.8736216163491479,0.8493936810496325,0.8021223503250823,0.7265098456474075,0.5877665136388154,0.3629328565380343,0.11358925181370712,0.003074394660561391,5168,1,,5297,,,0.05,976272.486467584,108082.25898943783
reports/planes/cascade/codesign_planes_early_exit_platt.json,,platt,501651.67528345605,56060.25398231577,0.4853690768359449,real,25232.186443776005,1802.2176906088134,0.7863372093023255,codesign_planes_early_exit,0.8276615247391238,0.8173192181190057,0.5652236539703734,0.7967750379716433,0.7740669061404415,0.7377600380370708,0.6737384254856955,0.5562295988914742,0.3517778039025535,0.11382707170760799,0.0030809147091179706,2726,1,,5297,,,0.1,526883.861727232,57862.471672924585
reports/planes/cascade/codesign_planes_early_exit_platt.json,,platt,306953.409527808,34302.45914985426,0.6851047762884652,real,25232.186443776005,1802.2176906088134,0.5290697674418605,codesign_planes_early_exit,0.6899694031439053,0.679832294062876,0.4777216212100008,0.6689267868720175,0.6478724295707783,0.6224374857752883,0.5718513565730111,0.4719784337586621,0.3127214982922986,0.10854065956697048,0.0030858644842001906,1668,1,,5297,,,0.15000000000000002,332185.595971584,36104.67684046307
reports/planes/cascade/codesign_planes_early_exit_platt.json,,platt,161021.72262400002,17994.39553724369,0.834812157825184,real,25232.186443776005,1802.2176906088134,0.3023255813953488,codesign_planes_early_exit,0.47313569949454787,0.4726628181080961,0.33356403299486714,0.46287713843872647,0.4516890847130592,0.42859677698360904,0.39180489115095907,0.32977302262102304,0.23190108387891747,0.09048189570902501,0.0027179188507086005,875,1,,5297,,,0.2,186253.90906777603,19796.613227852504
reports/planes/cascade/codesign_planes_early_exit_platt.json,,platt,88699.96606259201,9912.341313087381,0.9090050972248442,real,25232.186443776005,1802.2176906088134,0.22093023255813954,codesign_planes_early_exit,0.393814730695852,0.39352615794805273,0.27943227201539556,0.3840281173276023,0.3733020713647784,0.3593880605587082,0.3245096325167015,0.27612499167681154,0.2045748916607081,0.08249889353589752,0.0025551728688428914,482,1,,5297,,,0.25,113932.15250636802,11714.559003696195
reports/planes/cascade/codesign_planes_early_exit_platt.json,,platt,54103.298801664,6046.11690051388,0.9444968850292619,real,25232.186443776005,1802.2176906088134,0.16279069767441862,codesign_planes_early_exit,0.3545922983580425,0.3544804408871834,0.2563005468867883,0.3537386123690899,0.3434208904419796,0.32175238053336347,0.2972207081111162,0.25956615711415404,0.19658559021566682,0.07915833843057957,0.0024900524067073583,294,1,,5297,,,0.30000000000000004,79335.48524544001,7848.334591122693
reports/planes/cascade/codesign_planes_early_exit_platt.json,,platt,29443.97213696,3290.4037553817034,0.9697942231451765,real,25232.186443776005,1802.2176906088134,0.12645348837209303,codesign_planes_early_exit,0.2952423461474723,0.29494711701640447,0.21547604609426543,0.28576233891100344,0.2845725765444923,0.27309585386405627,0.25227326593171473,0.22607608769511545,0.16853398263109085,0.07209105061714587,0.002165841584158416,160,1,,5297,,,0.35000000000000003,54676.15858073601,5092.621445990517
reports/planes/cascade/codesign_planes_early_exit_platt.json,,platt,16746.259152896,1871.4171358733438,0.9828204644138191,real,25232.186443776005,1802.2176906088134,0.07703488372093023,codesign_planes_early_exit,0.19639544846330673,0.18743542155388832,0.1435932407509894,0.1873577714078187,0.1867863389148771,0.1772185692596106,0.17557095294798405,0.1524518247118214,0.11682523817572059,0.05360599820586429,0.002284843869002285,91,1,,5297,,,0.4,41978.445596672005,3673.634826482157
reports/planes/cascade/codesign_planes_early_exit_platt.json,,platt,5704.769601536,637.515727605205,0.994147630734378,real,25232.186443776005,1802.2176906088134,0.02616279069767442,codesign_planes_early_exit,0.09853748794362538,0.09851780406668896,0.07268383006869224,0.0891089108910891,0.08899716156717252,0.08877130298847585,0.08842812243226911,0.07660865225271947,0.06362001523588201,0.03094851327599669,0.0033003300330033,31,1,,5297,,,0.45,30936.956045312007,2439.7334182140185
reports/planes/cascade/codesign_planes_early_exit_platt.json,,platt,368.049651712,41.13004694227129,0.9996224277893148,real,25232.186443776005,1802.2176906088134,0.0014534883720930232,codesign_planes_early_exit,0.009900990099009901,0.009900990099009901,0.009000900090009001,0.009900990099009901,0.009900990099009901,0.009900990099009901,0.009900990099009901,0.009900990099009901,0.009900990099009901,0.009900990099009901,0.0009000900090009002,2,1,,5297,,,0.5,25600.236095488006,1843.3477375510847
reports/planes/cascade/codesign_planes_early_exit_platt.json,,platt,0.0,0.0,1.0,real,25232.186443776005,1802.2176906088134,0.0,codesign_planes_early_exit,0.0,0.0,0.0,0.0,0.0,0.0,0.0,0.0,0.0,0.0,0.0,0,1,,5297,,,0.55,25232.186443776005,1802.2176906088134
reports/planes/cascade/codesign_planes_early_exit_platt.json,,platt,0.0,0.0,1.0,real,25232.186443776005,1802.2176906088134,0.0,codesign_planes_early_exit,0.0,0.0,0.0,0.0,0.0,0.0,0.0,0.0,0.0,0.0,0.0,0,1,,5297,,,0.6000000000000001,25232.186443776005,1802.2176906088134
reports/planes/cascade/codesign_planes_early_exit_platt.json,,platt,0.0,0.0,1.0,real,25232.186443776005,1802.2176906088134,0.0,codesign_planes_early_exit,0.0,0.0,0.0,0.0,0.0,0.0,0.0,0.0,0.0,0.0,0.0,0,1,,5297,,,0.65,25232.186443776005,1802.2176906088134
reports/planes/cascade/codesign_planes_early_exit_platt.json,,platt,0.0,0.0,1.0,real,25232.186443776005,1802.2176906088134,0.0,codesign_planes_early_exit,0.0,0.0,0.0,0.0,0.0,0.0,0.0,0.0,0.0,0.0,0.0,0,1,,5297,,,0.7000000000000001,25232.186443776005,1802.2176906088134
reports/planes/cascade/codesign_planes_early_exit_platt.json,,platt,0.0,0.0,1.0,real,25232.186443776005,1802.2176906088134,0.0,codesign_planes_early_exit,0.0,0.0,0.0,0.0,0.0,0.0,0.0,0.0,0.0,0.0,0.0,0,1,,5297,,,0.75,25232.186443776005,1802.2176906088134
reports/planes/cascade/codesign_planes_early_exit_platt.json,,platt,0.0,0.0,1.0,real,25232.186443776005,1802.2176906088134,0.0,codesign_planes_early_exit,0.0,0.0,0.0,0.0,0.0,0.0,0.0,0.0,0.0,0.0,0.0,0,1,,5297,,,0.8,25232.186443776005,1802.2176906088134
reports/planes/cascade/codesign_planes_early_exit_platt.json,,platt,0.0,0.0,1.0,real,25232.186443776005,1802.2176906088134,0.0,codesign_planes_early_exit,0.0,0.0,0.0,0.0,0.0,0.0,0.0,0.0,0.0,0.0,0.0,0,1,,5297,,,0.8500000000000001,25232.186443776005,1802.2176906088134
reports/planes/cascade/codesign_planes_early_exit_platt.json,,platt,0.0,0.0,1.0,real,25232.186443776005,1802.2176906088134,0.0,codesign_planes_early_exit,0.0,0.0,0.0,0.0,0.0,0.0,0.0,0.0,0.0,0.0,0.0,0,1,,5297,,,0.9,25232.186443776005,1802.2176906088134
reports/planes/cascade/codesign_planes_early_exit_platt.json,,platt,0.0,0.0,1.0,real,25232.186443776005,1802.2176906088134,0.0,codesign_planes_early_exit,0.0,0.0,0.0,0.0,0.0,0.0,0.0,0.0,0.0,0.0,0.0,0,1,,5297,,,0.9500000000000001,25232.186443776005,1802.2176906088134
reports/planes/cascade/codesign_planes_early_exit_platt.json,,platt,0.0,0.0,1.0,real,25232.186443776005,1802.2176906088134,0.0,codesign_planes_early_exit,0.0,0.0,0.0,0.0,0.0,0.0,0.0,0.0,0.0,0.0,0.0,0,1,,5297,,,1.0,25232.186443776005,1802.2176906088134
reports/planes/cascade/codesign_planes_early_exit_temperature.json,,temperature,974779.5025592321,108932.92932660552,0.0,real,25232.186443776005,1802.2176906088134,1.0,codesign_planes_early_exit,0.9151257181537812,0.9042543076046732,0.6147770594124805,0.8824829661262232,0.8495620928477391,0.8022977384669684,0.7266678294128557,0.5877931411437782,0.36292315389451707,0.11358925181370712,0.003074394660561391,5297,1,,5297,,,0.0,1000011.6890030081,110735.14701721433
reports/planes/cascade/codesign_planes_early_exit_temperature.json,,temperature,974779.5025592321,108932.92932660552,0.0,real,25232.186443776005,1802.2176906088134,1.0,codesign_planes_early_exit,0.9151257181537812,0.9042543076046732,0.6147770594124805,0.8824829661262232,0.8495620928477391,0.8022977384669684,0.7266678294128557,0.5877931411437782,0.36292315389451707,0.11358925181370712,0.003074394660561391,5297,1,,5297,,,0.05,1000011.6890030081,110735.14701721433
reports/planes/cascade/codesign_planes_early_exit_temperature.json,,temperature,974779.5025592321,108932.92932660552,0.0,real,25232.186443776005,1802.2176906088134,1.0,codesign_planes_early_exit,0.9151257181537812,0.9042543076046732,0.6147770594124805,0.8824829661262232,0.8495620928477391,0.8022977384669684,0.7266678294128557,0.5877931411437782,0.36292315389451707,0.11358925181370712,0.003074394660561391,5297,1,,5297,,,0.1,1000011.6890030081,110735.14701721433
reports/planes/cascade/codesign_planes_early_exit_temperature.json,,temperature,974779.5025592321,108932.92932660552,0.0,real,25232.186443776005,1802.2176906088134,1.0,codesign_planes_early_exit,0.9151257181537812,0.9042543076046732,0.6147770594124805,0.8824829661262232,0.8495620928477391,0.8022977384669684,0.7266678294128557,0.5877931411437782,0.36292315389451707,0.11358925181370712,0.003074394660561391,5297,1,,5297,,,0.15000000000000002,1000011.6890030081,110735.14701721433
reports/planes/cascade/codesign_planes_early_exit_temperature.json,,temperature,974779.5025592321,108932.92932660552,0.0,real,25232.186443776005,1802.2176906088134,1.0,codesign_planes_early_exit,0.9151257181537812,0.9042543076046732,0.6147770594124805,0.8824829661262232,0.8495620928477391,0.8022977384669684,0.7266678294128557,0.5877931411437782,0.36292315389451707,0.11358925181370712,0.003074394660561391,5297,1,,5297,,,0.2,1000011.6890030081,110735.14701721433
reports/planes/cascade/codesign_planes_early_exit_temperature.json,,temperature,974779.5025592321,108932.92932660552,0.0,real,25232.186443776005,1802.2176906088134,1.0,codesign_planes_early_exit,0.9151257181537812,0.9042543076046732,0.6147770594124805,0.8824829661262232,0.8495620928477391,0.8022977384669684,0.7266678294128557,0.5877931411437782,0.36292315389451707,0.11358925181370712,0.003074394660561391,5297,1,,5297,,,0.25,1000011.6890030081,110735.14701721433
reports/planes/cascade/codesign_planes_early_exit_temperature.json,,temperature,974779.5025592321,108932.92932660552,0.0,real,25232.186443776005,1802.2176906088134,1.0,codesign_planes_early_exit,0.9151257181537812,0.9042543076046732,0.6147770594124805,0.8824829661262232,0.8495620928477391,0.8022977384669684,0.7266678294128557,0.5877931411437782,0.36292315389451707,0.11358925181370712,0.003074394660561391,5297,1,,5297,,,0.30000000000000004,1000011.6890030081,110735.14701721433
reports/planes/cascade/codesign_planes_early_exit_temperature.json,,temperature,974779.5025592321,108932.92932660552,0.0,real,25232.186443776005,1802.2176906088134,1.0,codesign_planes_early_exit,0.9151257181537812,0.9042543076046732,0.6147770594124805,0.8824829661262232,0.8495620928477391,0.8022977384669684,0.7266678294128557,0.5877931411437782,0.36292315389451707,0.11358925181370712,0.003074394660561391,5297,1,,5297,,,0.35000000000000003,1000011.6890030081,110735.14701721433
reports/planes/cascade/codesign_planes_early_exit_temperature.json,,temperature,974779.5025592321,108932.92932660552,0.0,real,25232.186443776005,1802.2176906088134,1.0,codesign_planes_early_exit,0.9151257181537812,0.9042543076046732,0.6147770594124805,0.8824829661262232,0.8495620928477391,0.8022977384669684,0.7266678294128557,0.5877931411437782,0.36292315389451707,0.11358925181370712,0.003074394660561391,5297,1,,5297,,,0.4,1000011.6890030081,110735.14701721433
reports/planes/cascade/codesign_planes_early_exit_temperature.json,,temperature,974779.5025592321,108932.92932660552,0.0,real,25232.186443776005,1802.2176906088134,1.0,codesign_planes_early_exit,0.9151257181537812,0.9042543076046732,0.6147770594124805,0.8824829661262232,0.8495620928477391,0.8022977384669684,0.7266678294128557,0.5877931411437782,0.36292315389451707,0.11358925181370712,0.003074394660561391,5297,1,,5297,,,0.45,1000011.6890030081,110735.14701721433
reports/planes/cascade/codesign_planes_early_exit_temperature.json,,temperature,971099.006042112,108521.6288571828,0.0037757221068529523,real,25232.186443776005,1802.2176906088134,1.0,codesign_planes_early_exit,0.9151257181537812,0.9042543076046732,0.6147770594124805,0.8824829661262232,0.8495620928477391,0.8022977384669684,0.7266678294128557,0.5877931411437782,0.36292315389451707,0.11358925181370712,0.003074394660561391,5277,1,,5297,,,0.5,996331.192485888,110323.84654779162
reports/planes/cascade/codesign_planes_early_exit_temperature.json,,temperature,0.0,0.0,1.0,real,25232.186443776005,1802.2176906088134,0.0,codesign_planes_early_exit,0.0,0.0,0.0,0.0,0.0,0.0,0.0,0.0,0.0,0.0,0.0,0,1,,5297,,,0.55,25232.186443776005,1802.2176906088134
reports/planes/cascade/codesign_planes_early_exit_temperature.json,,temperature,0.0,0.0,1.0,real,25232.186443776005,1802.2176906088134,0.0,codesign_planes_early_exit,0.0,0.0,0.0,0.0,0.0,0.0,0.0,0.0,0.0,0.0,0.0,0,1,,5297,,,0.6000000000000001,25232.186443776005,1802.2176906088134
reports/planes/cascade/codesign_planes_early_exit_temperature.json,,temperature,0.0,0.0,1.0,real,25232.186443776005,1802.2176906088134,0.0,codesign_planes_early_exit,0.0,0.0,0.0,0.0,0.0,0.0,0.0,0.0,0.0,0.0,0.0,0,1,,5297,,,0.65,25232.186443776005,1802.2176906088134
reports/planes/cascade/codesign_planes_early_exit_temperature.json,,temperature,0.0,0.0,1.0,real,25232.186443776005,1802.2176906088134,0.0,codesign_planes_early_exit,0.0,0.0,0.0,0.0,0.0,0.0,0.0,0.0,0.0,0.0,0.0,0,1,,5297,,,0.7000000000000001,25232.186443776005,1802.2176906088134
reports/planes/cascade/codesign_planes_early_exit_temperature.json,,temperature,0.0,0.0,1.0,real,25232.186443776005,1802.2176906088134,0.0,codesign_planes_early_exit,0.0,0.0,0.0,0.0,0.0,0.0,0.0,0.0,0.0,0.0,0.0,0,1,,5297,,,0.75,25232.186443776005,1802.2176906088134
reports/planes/cascade/codesign_planes_early_exit_temperature.json,,temperature,0.0,0.0,1.0,real,25232.186443776005,1802.2176906088134,0.0,codesign_planes_early_exit,0.0,0.0,0.0,0.0,0.0,0.0,0.0,0.0,0.0,0.0,0.0,0,1,,5297,,,0.8,25232.186443776005,1802.2176906088134
reports/planes/cascade/codesign_planes_early_exit_temperature.json,,temperature,0.0,0.0,1.0,real,25232.186443776005,1802.2176906088134,0.0,codesign_planes_early_exit,0.0,0.0,0.0,0.0,0.0,0.0,0.0,0.0,0.0,0.0,0.0,0,1,,5297,,,0.8500000000000001,25232.186443776005,1802.2176906088134
reports/planes/cascade/codesign_planes_early_exit_temperature.json,,temperature,0.0,0.0,1.0,real,25232.186443776005,1802.2176906088134,0.0,codesign_planes_early_exit,0.0,0.0,0.0,0.0,0.0,0.0,0.0,0.0,0.0,0.0,0.0,0,1,,5297,,,0.9,25232.186443776005,1802.2176906088134
reports/planes/cascade/codesign_planes_early_exit_temperature.json,,temperature,0.0,0.0,1.0,real,25232.186443776005,1802.2176906088134,0.0,codesign_planes_early_exit,0.0,0.0,0.0,0.0,0.0,0.0,0.0,0.0,0.0,0.0,0.0,0,1,,5297,,,0.9500000000000001,25232.186443776005,1802.2176906088134
reports/planes/cascade/codesign_planes_early_exit_temperature.json,,temperature,0.0,0.0,1.0,real,25232.186443776005,1802.2176906088134,0.0,codesign_planes_early_exit,0.0,0.0,0.0,0.0,0.0,0.0,0.0,0.0,0.0,0.0,0.0,0,1,,5297,,,1.0,25232.186443776005,1802.2176906088134
reports/planes/cascade/codesign_planes_relaxed_context_adaptive.json,,context_adaptive,974779.5025592321,108932.92932660552,0.0,real,25232.186443776005,1802.2176906088134,1.0,codesign_planes_relaxed,0.9151257181537812,0.9042543353094928,0.614777023600072,0.8824830057045369,0.849562145618824,0.8022977384669684,0.7266678294128557,0.5877926629654754,0.36292315389451707,0.11358925181370712,0.003074394660561391,5297,1,,5297,,,0.0,1000011.6890030081,110735.14701721433
reports/planes/cascade/codesign_planes_relaxed_context_adaptive.json,,context_adaptive,974779.5025592321,108932.92932660552,0.0,real,25232.186443776005,1802.2176906088134,1.0,codesign_planes_relaxed,0.9151257181537812,0.9042543353094928,0.614777023600072,0.8824830057045369,0.849562145618824,0.8022977384669684,0.7266678294128557,0.5877926629654754,0.36292315389451707,0.11358925181370712,0.003074394660561391,5297,1,,5297,,,0.05,1000011.6890030081,110735.14701721433
reports/planes/cascade/codesign_planes_relaxed_context_adaptive.json,,context_adaptive,974779.5025592321,108932.92932660552,0.0,real,25232.186443776005,1802.2176906088134,1.0,codesign_planes_relaxed,0.9151257181537812,0.9042543353094928,0.614777023600072,0.8824830057045369,0.849562145618824,0.8022977384669684,0.7266678294128557,0.5877926629654754,0.36292315389451707,0.11358925181370712,0.003074394660561391,5297,1,,5297,,,0.1,1000011.6890030081,110735.14701721433
reports/planes/cascade/codesign_planes_relaxed_context_adaptive.json,,context_adaptive,974779.5025592321,108932.92932660552,0.0,real,25232.186443776005,1802.2176906088134,1.0,codesign_planes_relaxed,0.9151257181537812,0.9042543353094928,0.614777023600072,0.8824830057045369,0.849562145618824,0.8022977384669684,0.7266678294128557,0.5877926629654754,0.36292315389451707,0.11358925181370712,0.003074394660561391,5297,1,,5297,,,0.15000000000000002,1000011.6890030081,110735.14701721433
reports/planes/cascade/codesign_planes_relaxed_context_adaptive.json,,context_adaptive,974779.5025592321,108932.92932660552,0.0,real,25232.186443776005,1802.2176906088134,1.0,codesign_planes_relaxed,0.9151257181537812,0.9042543353094928,0.614777023600072,0.8824830057045369,0.849562145618824,0.8022977384669684,0.7266678294128557,0.5877926629654754,0.36292315389451707,0.11358925181370712,0.003074394660561391,5297,1,,5297,,,0.2,1000011.6890030081,110735.14701721433
reports/planes/cascade/codesign_planes_relaxed_context_adaptive.json,,context_adaptive,974779.5025592321,108932.92932660552,0.0,real,25232.186443776005,1802.2176906088134,1.0,codesign_planes_relaxed,0.9151257181537812,0.9042543353094928,0.614777023600072,0.8824830057045369,0.849562145618824,0.8022977384669684,0.7266678294128557,0.5877926629654754,0.36292315389451707,0.11358925181370712,0.003074394660561391,5297,1,,5297,,,0.25,1000011.6890030081,110735.14701721433
reports/planes/cascade/codesign_planes_relaxed_context_adaptive.json,,context_adaptive,974779.5025592321,108932.92932660552,0.0,real,25232.186443776005,1802.2176906088134,1.0,codesign_planes_relaxed,0.9151257181537812,0.9042543353094928,0.614777023600072,0.8824830057045369,0.849562145618824,0.8022977384669684,0.7266678294128557,0.5877926629654754,0.36292315389451707,0.11358925181370712,0.003074394660561391,5297,1,,5297,,,0.30000000000000004,1000011.6890030081,110735.14701721433
reports/planes/cascade/codesign_planes_relaxed_context_adaptive.json,,context_adaptive,974779.5025592321,108932.92932660552,0.0,real,25232.186443776005,1802.2176906088134,1.0,codesign_planes_relaxed,0.9151257181537812,0.9042543353094928,0.614777023600072,0.8824830057045369,0.849562145618824,0.8022977384669684,0.7266678294128557,0.5877926629654754,0.36292315389451707,0.11358925181370712,0.003074394660561391,5297,1,,5297,,,0.35000000000000003,1000011.6890030081,110735.14701721433
reports/planes/cascade/codesign_planes_relaxed_context_adaptive.json,,context_adaptive,974779.5025592321,108932.92932660552,0.0,real,25232.186443776005,1802.2176906088134,1.0,codesign_planes_relaxed,0.9151257181537812,0.9042543353094928,0.614777023600072,0.8824830057045369,0.849562145618824,0.8022977384669684,0.7266678294128557,0.5877926629654754,0.36292315389451707,0.11358925181370712,0.003074394660561391,5297,1,,5297,,,0.4,1000011.6890030081,110735.14701721433
reports/planes/cascade/codesign_planes_relaxed_context_adaptive.json,,context_adaptive,974779.5025592321,108932.92932660552,0.0,real,25232.186443776005,1802.2176906088134,1.0,codesign_planes_relaxed,0.9151257181537812,0.9042543353094928,0.614777023600072,0.8824830057045369,0.849562145618824,0.8022977384669684,0.7266678294128557,0.5877926629654754,0.36292315389451707,0.11358925181370712,0.003074394660561391,5297,1,,5297,,,0.45,1000011.6890030081,110735.14701721433
reports/planes/cascade/codesign_planes_relaxed_context_adaptive.json,,context_adaptive,726161.962827776,81149.58261710126,0.2550500283179158,real,25232.186443776005,1802.2176906088134,0.9520348837209303,codesign_planes_relaxed,0.9052459791524589,0.8944923196371403,0.6084709162351991,0.8728568601061992,0.8400740739716122,0.7934619621430886,0.7183944234912716,0.5806198763674405,0.362722073314018,0.1137655779417193,0.0030760162270417834,3946,1,,5297,,,0.5,751394.149271552,82951.80030771007
reports/planes/cascade/codesign_planes_relaxed_context_adaptive.json,,context_adaptive,33492.518305792,3742.8342717466876,0.9656409288276383,real,25232.186443776005,1802.2176906088134,0.0014534883720930232,codesign_planes_relaxed,0.009900990099009901,0.009900990099009901,0.007920792079207921,0.009900990099009901,0.009900990099009901,0.009900990099009901,0.009900990099009901,0.009900990099009901,0.009900990099009901,0.0,0.0,182,1,,5297,,,0.55,58724.704749568,5545.051962355501
reports/planes/cascade/codesign_planes_relaxed_context_adaptive.json,,context_adaptive,7176.968208384,802.0359153742902,0.9926373418916368,real,25232.186443776005,1802.2176906088134,0.0,codesign_planes_relaxed,0.0,0.0,0.0,0.0,0.0,0.0,0.0,0.0,0.0,0.0,0.0,39,1,,5297,,,0.6000000000000001,32409.154652160003,2604.2536059831036
reports/planes/cascade/codesign_planes_relaxed_context_adaptive.json,,context_adaptive,3496.471691264,390.7354459515773,0.9964130639984897,real,25232.186443776005,1802.2176906088134,0.0,codesign_planes_relaxed,0.0,0.0,0.0,0.0,0.0,0.0,0.0,0.0,0.0,0.0,0.0,19,1,,5297,,,0.65,28728.658135040005,2192.9531365603907
reports/planes/cascade/codesign_planes_relaxed_context_adaptive.json,,context_adaptive,1288.173780992,143.95516429794952,0.9986784972626015,real,25232.186443776005,1802.2176906088134,0.0,codesign_planes_relaxed,0.0,0.0,0.0,0.0,0.0,0.0,0.0,0.0,0.0,0.0,0.0,7,1,,5297,,,0.7000000000000001,26520.360224768006,1946.172854906763
reports/planes/cascade/codesign_planes_relaxed_context_adaptive.json,,context_adaptive,0.0,0.0,1.0,real,25232.186443776005,1802.2176906088134,0.0,codesign_planes_relaxed,0.0,0.0,0.0,0.0,0.0,0.0,0.0,0.0,0.0,0.0,0.0,0,1,,5297,,,0.75,25232.186443776005,1802.2176906088134
reports/planes/cascade/codesign_planes_relaxed_context_adaptive.json,,context_adaptive,0.0,0.0,1.0,real,25232.186443776005,1802.2176906088134,0.0,codesign_planes_relaxed,0.0,0.0,0.0,0.0,0.0,0.0,0.0,0.0,0.0,0.0,0.0,0,1,,5297,,,0.8,25232.186443776005,1802.2176906088134
reports/planes/cascade/codesign_planes_relaxed_context_adaptive.json,,context_adaptive,0.0,0.0,1.0,real,25232.186443776005,1802.2176906088134,0.0,codesign_planes_relaxed,0.0,0.0,0.0,0.0,0.0,0.0,0.0,0.0,0.0,0.0,0.0,0,1,,5297,,,0.8500000000000001,25232.186443776005,1802.2176906088134
reports/planes/cascade/codesign_planes_relaxed_context_adaptive.json,,context_adaptive,0.0,0.0,1.0,real,25232.186443776005,1802.2176906088134,0.0,codesign_planes_relaxed,0.0,0.0,0.0,0.0,0.0,0.0,0.0,0.0,0.0,0.0,0.0,0,1,,5297,,,0.9,25232.186443776005,1802.2176906088134
reports/planes/cascade/codesign_planes_relaxed_context_adaptive.json,,context_adaptive,0.0,0.0,1.0,real,25232.186443776005,1802.2176906088134,0.0,codesign_planes_relaxed,0.0,0.0,0.0,0.0,0.0,0.0,0.0,0.0,0.0,0.0,0.0,0,1,,5297,,,0.9500000000000001,25232.186443776005,1802.2176906088134
reports/planes/cascade/codesign_planes_relaxed_context_adaptive.json,,context_adaptive,0.0,0.0,1.0,real,25232.186443776005,1802.2176906088134,0.0,codesign_planes_relaxed,0.0,0.0,0.0,0.0,0.0,0.0,0.0,0.0,0.0,0.0,0.0,0,1,,5297,,,1.0,25232.186443776005,1802.2176906088134
reports/planes/cascade/codesign_planes_relaxed_identity.json,,identity,974779.5025592321,108932.92932660552,0.0,real,25232.186443776005,1802.2176906088134,1.0,codesign_planes_relaxed,0.9151257181537812,0.9042543353094928,0.614777023600072,0.8824830057045369,0.849562145618824,0.8022977384669684,0.7266678294128557,0.5877926629654754,0.36292315389451707,0.11358925181370712,0.003074394660561391,5297,1,,5297,,,0.0,1000011.6890030081,110735.14701721433
reports/planes/cascade/codesign_planes_relaxed_identity.json,,identity,974779.5025592321,108932.92932660552,0.0,real,25232.186443776005,1802.2176906088134,1.0,codesign_planes_relaxed,0.9151257181537812,0.9042543353094928,0.614777023600072,0.8824830057045369,0.849562145618824,0.8022977384669684,0.7266678294128557,0.5877926629654754,0.36292315389451707,0.11358925181370712,0.003074394660561391,5297,1,,5297,,,0.05,1000011.6890030081,110735.14701721433
reports/planes/cascade/codesign_planes_relaxed_identity.json,,identity,974779.5025592321,108932.92932660552,0.0,real,25232.186443776005,1802.2176906088134,1.0,codesign_planes_relaxed,0.9151257181537812,0.9042543353094928,0.614777023600072,0.8824830057045369,0.849562145618824,0.8022977384669684,0.7266678294128557,0.5877926629654754,0.36292315389451707,0.11358925181370712,0.003074394660561391,5297,1,,5297,,,0.1,1000011.6890030081,110735.14701721433
reports/planes/cascade/codesign_planes_relaxed_identity.json,,identity,974779.5025592321,108932.92932660552,0.0,real,25232.186443776005,1802.2176906088134,1.0,codesign_planes_relaxed,0.9151257181537812,0.9042543353094928,0.614777023600072,0.8824830057045369,0.849562145618824,0.8022977384669684,0.7266678294128557,0.5877926629654754,0.36292315389451707,0.11358925181370712,0.003074394660561391,5297,1,,5297,,,0.15000000000000002,1000011.6890030081,110735.14701721433
reports/planes/cascade/codesign_planes_relaxed_identity.json,,identity,974779.5025592321,108932.92932660552,0.0,real,25232.186443776005,1802.2176906088134,1.0,codesign_planes_relaxed,0.9151257181537812,0.9042543353094928,0.614777023600072,0.8824830057045369,0.849562145618824,0.8022977384669684,0.7266678294128557,0.5877926629654754,0.36292315389451707,0.11358925181370712,0.003074394660561391,5297,1,,5297,,,0.2,1000011.6890030081,110735.14701721433
reports/planes/cascade/codesign_planes_relaxed_identity.json,,identity,974779.5025592321,108932.92932660552,0.0,real,25232.186443776005,1802.2176906088134,1.0,codesign_planes_relaxed,0.9151257181537812,0.9042543353094928,0.614777023600072,0.8824830057045369,0.849562145618824,0.8022977384669684,0.7266678294128557,0.5877926629654754,0.36292315389451707,0.11358925181370712,0.003074394660561391,5297,1,,5297,,,0.25,1000011.6890030081,110735.14701721433
reports/planes/cascade/codesign_planes_relaxed_identity.json,,identity,974779.5025592321,108932.92932660552,0.0,real,25232.186443776005,1802.2176906088134,1.0,codesign_planes_relaxed,0.9151257181537812,0.9042543353094928,0.614777023600072,0.8824830057045369,0.849562145618824,0.8022977384669684,0.7266678294128557,0.5877926629654754,0.36292315389451707,0.11358925181370712,0.003074394660561391,5297,1,,5297,,,0.30000000000000004,1000011.6890030081,110735.14701721433
reports/planes/cascade/codesign_planes_relaxed_identity.json,,identity,974779.5025592321,108932.92932660552,0.0,real,25232.186443776005,1802.2176906088134,1.0,codesign_planes_relaxed,0.9151257181537812,0.9042543353094928,0.614777023600072,0.8824830057045369,0.849562145618824,0.8022977384669684,0.7266678294128557,0.5877926629654754,0.36292315389451707,0.11358925181370712,0.003074394660561391,5297,1,,5297,,,0.35000000000000003,1000011.6890030081,110735.14701721433
reports/planes/cascade/codesign_planes_relaxed_identity.json,,identity,974779.5025592321,108932.92932660552,0.0,real,25232.186443776005,1802.2176906088134,1.0,codesign_planes_relaxed,0.9151257181537812,0.9042543353094928,0.614777023600072,0.8824830057045369,0.849562145618824,0.8022977384669684,0.7266678294128557,0.5877926629654754,0.36292315389451707,0.11358925181370712,0.003074394660561391,5297,1,,5297,,,0.4,1000011.6890030081,110735.14701721433
reports/planes/cascade/codesign_planes_relaxed_identity.json,,identity,974779.5025592321,108932.92932660552,0.0,real,25232.186443776005,1802.2176906088134,1.0,codesign_planes_relaxed,0.9151257181537812,0.9042543353094928,0.614777023600072,0.8824830057045369,0.849562145618824,0.8022977384669684,0.7266678294128557,0.5877926629654754,0.36292315389451707,0.11358925181370712,0.003074394660561391,5297,1,,5297,,,0.45,1000011.6890030081,110735.14701721433
reports/planes/cascade/codesign_planes_relaxed_identity.json,,identity,551890.452742144,61674.5053899358,0.4338304700774023,real,25232.186443776005,1802.2176906088134,0.8561046511627907,codesign_planes_relaxed,0.8568715866871323,0.8464189967832842,0.5837767862588104,0.8346200117643225,0.8024620955175538,0.7654350495316601,0.6922019880567208,0.5652545246737,0.3574378347868759,0.11398975855981161,0.0030760162270417834,2999,1,,5297,,,0.5,577122.63918592,63476.723080544616
reports/planes/cascade/codesign_planes_relaxed_identity.json,,identity,14537.961242624,1624.636854219716,0.9850858976779309,real,25232.186443776005,1802.2176906088134,0.0,codesign_planes_relaxed,0.0,0.0,0.0,0.0,0.0,0.0,0.0,0.0,0.0,0.0,0.0,79,1,,5297,,,0.55,39770.14768640001,3426.8545448285295
reports/planes/cascade/codesign_planes_relaxed_identity.json,,identity,6624.893730816,740.3408449608833,0.9932037002076647,real,25232.186443776005,1802.2176906088134,0.0,codesign_planes_relaxed,0.0,0.0,0.0,0.0,0.0,0.0,0.0,0.0,0.0,0.0,0.0,36,1,,5297,,,0.6000000000000001,31857.080174592003,2542.5585355696967
reports/planes/cascade/codesign_planes_relaxed_identity.json,,identity,3312.446865408,370.17042248044163,0.9966018501038324,real,25232.186443776005,1802.2176906088134,0.0,codesign_planes_relaxed,0.0,0.0,0.0,0.0,0.0,0.0,0.0,0.0,0.0,0.0,0.0,18,1,,5297,,,0.65,28544.633309184006,2172.388113089255
reports/planes/cascade/codesign_planes_relaxed_identity.json,,identity,1104.148955136,123.39014082681388,0.9988672833679442,real,25232.186443776005,1802.2176906088134,0.0,codesign_planes_relaxed,0.0,0.0,0.0,0.0,0.0,0.0,0.0,0.0,0.0,0.0,0.0,6,1,,5297,,,0.7000000000000001,26336.335398912004,1925.6078314356273
reports/planes/cascade/codesign_planes_relaxed_identity.json,,identity,0.0,0.0,1.0,real,25232.186443776005,1802.2176906088134,0.0,codesign_planes_relaxed,0.0,0.0,0.0,0.0,0.0,0.0,0.0,0.0,0.0,0.0,0.0,0,1,,5297,,,0.75,25232.186443776005,1802.2176906088134
reports/planes/cascade/codesign_planes_relaxed_identity.json,,identity,0.0,0.0,1.0,real,25232.186443776005,1802.2176906088134,0.0,codesign_planes_relaxed,0.0,0.0,0.0,0.0,0.0,0.0,0.0,0.0,0.0,0.0,0.0,0,1,,5297,,,0.8,25232.186443776005,1802.2176906088134
reports/planes/cascade/codesign_planes_relaxed_identity.json,,identity,0.0,0.0,1.0,real,25232.186443776005,1802.2176906088134,0.0,codesign_planes_relaxed,0.0,0.0,0.0,0.0,0.0,0.0,0.0,0.0,0.0,0.0,0.0,0,1,,5297,,,0.8500000000000001,25232.186443776005,1802.2176906088134
reports/planes/cascade/codesign_planes_relaxed_identity.json,,identity,0.0,0.0,1.0,real,25232.186443776005,1802.2176906088134,0.0,codesign_planes_relaxed,0.0,0.0,0.0,0.0,0.0,0.0,0.0,0.0,0.0,0.0,0.0,0,1,,5297,,,0.9,25232.186443776005,1802.2176906088134
reports/planes/cascade/codesign_planes_relaxed_identity.json,,identity,0.0,0.0,1.0,real,25232.186443776005,1802.2176906088134,0.0,codesign_planes_relaxed,0.0,0.0,0.0,0.0,0.0,0.0,0.0,0.0,0.0,0.0,0.0,0,1,,5297,,,0.9500000000000001,25232.186443776005,1802.2176906088134
reports/planes/cascade/codesign_planes_relaxed_identity.json,,identity,0.0,0.0,1.0,real,25232.186443776005,1802.2176906088134,0.0,codesign_planes_relaxed,0.0,0.0,0.0,0.0,0.0,0.0,0.0,0.0,0.0,0.0,0.0,0,1,,5297,,,1.0,25232.186443776005,1802.2176906088134
reports/planes/cascade/codesign_planes_relaxed_isotonic.json,,isotonic,974779.5025592321,108932.92932660552,0.0,real,25232.186443776005,1802.2176906088134,1.0,codesign_planes_relaxed,0.9151257181537812,0.9042543353094928,0.614777023600072,0.8824830057045369,0.849562145618824,0.8022977384669684,0.7266678294128557,0.5877926629654754,0.36292315389451707,0.11358925181370712,0.003074394660561391,5297,1,,5297,,,0.0,1000011.6890030081,110735.14701721433
reports/planes/cascade/codesign_planes_relaxed_isotonic.json,,isotonic,715672.547753984,79977.37627924653,0.2658108363224466,real,25232.186443776005,1802.2176906088134,0.9505813953488372,codesign_planes_relaxed,0.8959997668610648,0.8854049429725296,0.6058056655963326,0.8641932433645689,0.8400864759493185,0.7936962822946922,0.7183189510881789,0.5808262375482087,0.36289415058053853,0.11356221064366366,0.003074394660561391,3889,1,,5297,,,0.05,740904.73419776,81779.59396985534
reports/planes/cascade/codesign_planes_relaxed_isotonic.json,,isotonic,491162.260209664,54888.04764446104,0.4961298848404757,real,25232.186443776005,1802.2176906088134,0.813953488372093,codesign_planes_relaxed,0.8463511009068455,0.8359384758958187,0.5737242471692807,0.815410004889951,0.7833135692528032,0.7467175928027507,0.6828471125329807,0.5575149412781679,0.35216781338570385,0.11390584452074332,0.0030760162270417834,2669,1,,5297,,,0.1,516394.44665344,56690.26533506985
reports/planes/cascade/codesign_planes_relaxed_isotonic.json,,isotonic,400806.070714368,44790.62112013344,0.5888238625637153,real,25232.186443776005,1802.2176906088134,0.7340116279069767,codesign_planes_relaxed,0.8071638720937532,0.7968868208127208,0.5515169979728232,0.7765157724880476,0.753733172165647,0.7178449109722816,0.6559080701287882,0.5421849639955261,0.34742629601559744,0.11441857510870414,0.0030875259471648524,2178,1,,5297,,,0.15000000000000002,426038.257158144,46592.83881074225
reports/planes/cascade/codesign_planes_relaxed_isotonic.json,,isotonic,355904.013205504,39772.75539317634,0.6348876722673211,real,25232.186443776005,1802.2176906088134,0.6729651162790697,codesign_planes_relaxed,0.7686848758446483,0.7673689502730788,0.5325503909457864,0.7472527593674753,0.7248305368367353,0.6898453616779028,0.6371879483413498,0.5330312205032366,0.34192363121315367,0.11227759564774613,0.003101029752537206,1934,1,,5297,,,0.2,381136.19964928,41574.97308378515
reports/planes/cascade/codesign_planes_relaxed_isotonic.json,,isotonic,0.0,0.0,1.0,real,25232.186443776005,1802.2176906088134,0.0,codesign_planes_relaxed,0.0,0.0,0.0,0.0,0.0,0.0,0.0,0.0,0.0,0.0,0.0,0,1,,5297,,,0.25,25232.186443776005,1802.2176906088134
reports/planes/cascade/codesign_planes_relaxed_isotonic.json,,isotonic,0.0,0.0,1.0,real,25232.186443776005,1802.2176906088134,0.0,codesign_planes_relaxed,0.0,0.0,0.0,0.0,0.0,0.0,0.0,0.0,0.0,0.0,0.0,0,1,,5297,,,0.30000000000000004,25232.186443776005,1802.2176906088134
reports/planes/cascade/codesign_planes_relaxed_isotonic.json,,isotonic,0.0,0.0,1.0,real,25232.186443776005,1802.2176906088134,0.0,codesign_planes_relaxed,0.0,0.0,0.0,0.0,0.0,0.0,0.0,0.0,0.0,0.0,0.0,0,1,,5297,,,0.35000000000000003,25232.186443776005,1802.2176906088134
reports/planes/cascade/codesign_planes_relaxed_isotonic.json,,isotonic,0.0,0.0,1.0,real,25232.186443776005,1802.2176906088134,0.0,codesign_planes_relaxed,0.0,0.0,0.0,0.0,0.0,0.0,0.0,0.0,0.0,0.0,0.0,0,1,,5297,,,0.4,25232.186443776005,1802.2176906088134
reports/planes/cascade/codesign_planes_relaxed_isotonic.json,,isotonic,0.0,0.0,1.0,real,25232.186443776005,1802.2176906088134,0.0,codesign_planes_relaxed,0.0,0.0,0.0,0.0,0.0,0.0,0.0,0.0,0.0,0.0,0.0,0,1,,5297,,,0.45,25232.186443776005,1802.2176906088134
reports/planes/cascade/codesign_planes_relaxed_isotonic.json,,isotonic,0.0,0.0,1.0,real,25232.186443776005,1802.2176906088134,0.0,codesign_planes_relaxed,0.0,0.0,0.0,0.0,0.0,0.0,0.0,0.0,0.0,0.0,0.0,0,1,,5297,,,0.5,25232.186443776005,1802.2176906088134
reports/planes/cascade/codesign_planes_relaxed_isotonic.json,,isotonic,0.0,0.0,1.0,real,25232.186443776005,1802.2176906088134,0.0,codesign_planes_relaxed,0.0,0.0,0.0,0.0,0.0,0.0,0.0,0.0,0.0,0.0,0.0,0,1,,5297,,,0.55,25232.186443776005,1802.2176906088134
reports/planes/cascade/codesign_planes_relaxed_isotonic.json,,isotonic,0.0,0.0,1.0,real,25232.186443776005,1802.2176906088134,0.0,codesign_planes_relaxed,0.0,0.0,0.0,0.0,0.0,0.0,0.0,0.0,0.0,0.0,0.0,0,1,,5297,,,0.6000000000000001,25232.186443776005,1802.2176906088134
reports/planes/cascade/codesign_planes_relaxed_isotonic.json,,isotonic,0.0,0.0,1.0,real,25232.186443776005,1802.2176906088134,0.0,codesign_planes_relaxed,0.0,0.0,0.0,0.0,0.0,0.0,0.0,0.0,0.0,0.0,0.0,0,1,,5297,,,0.65,25232.186443776005,1802.2176906088134
reports/planes/cascade/codesign_planes_relaxed_isotonic.json,,isotonic,0.0,0.0,1.0,real,25232.186443776005,1802.2176906088134,0.0,codesign_planes_relaxed,0.0,0.0,0.0,0.0,0.0,0.0,0.0,0.0,0.0,0.0,0.0,0,1,,5297,,,0.7000000000000001,25232.186443776005,1802.2176906088134
reports/planes/cascade/codesign_planes_relaxed_isotonic.json,,isotonic,0.0,0.0,1.0,real,25232.186443776005,1802.2176906088134,0.0,codesign_planes_relaxed,0.0,0.0,0.0,0.0,0.0,0.0,0.0,0.0,0.0,0.0,0.0,0,1,,5297,,,0.75,25232.186443776005,1802.2176906088134
reports/planes/cascade/codesign_planes_relaxed_isotonic.json,,isotonic,0.0,0.0,1.0,real,25232.186443776005,1802.2176906088134,0.0,codesign_planes_relaxed,0.0,0.0,0.0,0.0,0.0,0.0,0.0,0.0,0.0,0.0,0.0,0,1,,5297,,,0.8,25232.186443776005,1802.2176906088134
reports/planes/cascade/codesign_planes_relaxed_isotonic.json,,isotonic,0.0,0.0,1.0,real,25232.186443776005,1802.2176906088134,0.0,codesign_planes_relaxed,0.0,0.0,0.0,0.0,0.0,0.0,0.0,0.0,0.0,0.0,0.0,0,1,,5297,,,0.8500000000000001,25232.186443776005,1802.2176906088134
reports/planes/cascade/codesign_planes_relaxed_isotonic.json,,isotonic,0.0,0.0,1.0,real,25232.186443776005,1802.2176906088134,0.0,codesign_planes_relaxed,0.0,0.0,0.0,0.0,0.0,0.0,0.0,0.0,0.0,0.0,0.0,0,1,,5297,,,0.9,25232.186443776005,1802.2176906088134
reports/planes/cascade/codesign_planes_relaxed_isotonic.json,,isotonic,0.0,0.0,1.0,real,25232.186443776005,1802.2176906088134,0.0,codesign_planes_relaxed,0.0,0.0,0.0,0.0,0.0,0.0,0.0,0.0,0.0,0.0,0.0,0,1,,5297,,,0.9500000000000001,25232.186443776005,1802.2176906088134
reports/planes/cascade/codesign_planes_relaxed_isotonic.json,,isotonic,0.0,0.0,1.0,real,25232.186443776005,1802.2176906088134,0.0,codesign_planes_relaxed,0.0,0.0,0.0,0.0,0.0,0.0,0.0,0.0,0.0,0.0,0.0,0,1,,5297,,,1.0,25232.186443776005,1802.2176906088134
reports/planes/cascade/codesign_planes_relaxed_platt.json,,platt,974779.5025592321,108932.92932660552,0.0,real,25232.186443776005,1802.2176906088134,1.0,codesign_planes_relaxed,0.9151257181537812,0.9042543353094928,0.614777023600072,0.8824830057045369,0.849562145618824,0.8022977384669684,0.7266678294128557,0.5877926629654754,0.36292315389451707,0.11358925181370712,0.003074394660561391,5297,1,,5297,,,0.0,1000011.6890030081,110735.14701721433
reports/planes/cascade/codesign_planes_relaxed_platt.json,,platt,974779.5025592321,108932.92932660552,0.0,real,25232.186443776005,1802.2176906088134,1.0,codesign_planes_relaxed,0.9151257181537812,0.9042543353094928,0.614777023600072,0.8824830057045369,0.849562145618824,0.8022977384669684,0.7266678294128557,0.5877926629654754,0.36292315389451707,0.11358925181370712,0.003074394660561391,5297,1,,5297,,,0.05,1000011.6890030081,110735.14701721433
reports/planes/cascade/codesign_planes_relaxed_platt.json,,platt,890680.15714304,99534.71360029653,0.08627525014158954,real,25232.186443776005,1802.2176906088134,0.9956395348837209,codesign_planes_relaxed,0.9150916519095127,0.904248730558689,0.6147565705163507,0.8824786734445389,0.8495678838093411,0.8022586677891625,0.7266374808017181,0.5877122860011113,0.3629051278398622,0.11359080834900995,0.003074394660561391,4840,1,,5297,,,0.1,915912.343586816,101336.93129090534
reports/planes/cascade/codesign_planes_relaxed_platt.json,,platt,122376.50919424,13675.740608305205,0.8744572399471399,real,25232.186443776005,1802.2176906088134,0.1686046511627907,codesign_planes_relaxed,0.384398450875147,0.3841243221583331,0.2845487644009573,0.37474517618955117,0.37351330240188607,0.36233040037184944,0.3403257563484445,0.30229620354758135,0.22751231522940946,0.09306804715032288,0.003173669737047948,665,1,,5297,,,0.15000000000000002,147608.695638016,15477.958298914018
reports/planes/cascade/codesign_planes_relaxed_platt.json,,platt,19506.631540736,2179.8924879403785,0.9799886728336794,real,25232.186443776005,1802.2176906088134,0.0,codesign_planes_relaxed,0.0,0.0,0.0,0.0,0.0,0.0,0.0,0.0,0.0,0.0,0.0,106,1,,5297,,,0.2,44738.817984512,3982.110178549192
reports/planes/cascade/codesign_planes_relaxed_platt.json,,platt,10121.36542208,1131.0762909124605,0.9896167642061544,real,25232.186443776005,1802.2176906088134,0.0,codesign_planes_relaxed,0.0,0.0,0.0,0.0,0.0,0.0,0.0,0.0,0.0,0.0,0.0,55,1,,5297,,,0.25,35353.551865856,2933.293981521274
reports/planes/cascade/codesign_planes_relaxed_platt.json,,platt,7913.067511808,884.2960092588328,0.9918821974702662,real,25232.186443776005,1802.2176906088134,0.0,codesign_planes_relaxed,0.0,0.0,0.0,0.0,0.0,0.0,0.0,0.0,0.0,0.0,0.0,43,1,,5297,,,0.30000000000000004,33145.253955584005,2686.513699867646
reports/planes/cascade/codesign_planes_relaxed_platt.json,,platt,6624.893730816,740.3408449608833,0.9932037002076647,real,25232.186443776005,1802.2176906088134,0.0,codesign_planes_relaxed,0.0,0.0,0.0,0.0,0.0,0.0,0.0,0.0,0.0,0.0,0.0,36,1,,5297,,,0.35000000000000003,31857.080174592003,2542.5585355696967
reports/planes/cascade/codesign_planes_relaxed_platt.json,,platt,5888.794427392,658.0807510763407,0.9939588446290353,real,25232.186443776005,1802.2176906088134,0.0,codesign_planes_relaxed,0.0,0.0,0.0,0.0,0.0,0.0,0.0,0.0,0.0,0.0,0.0,32,1,,5297,,,0.4,31120.980871168005,2460.298441685154
reports/planes/cascade/codesign_planes_relaxed_platt.json,,platt,4232.570994688,472.99553983611986,0.9956579195771191,real,25232.186443776005,1802.2176906088134,0.0,codesign_planes_relaxed,0.0,0.0,0.0,0.0,0.0,0.0,0.0,0.0,0.0,0.0,0.0,23,1,,5297,,,0.45,29464.757438464003,2275.2132304449333
reports/planes/cascade/codesign_planes_relaxed_platt.json,,platt,3312.446865408,370.17042248044163,0.9966018501038324,real,25232.186443776005,1802.2176906088134,0.0,codesign_planes_relaxed,0.0,0.0,0.0,0.0,0.0,0.0,0.0,0.0,0.0,0.0,0.0,18,1,,5297,,,0.5,28544.633309184006,2172.388113089255
reports/planes/cascade/codesign_planes_relaxed_platt.json,,platt,2392.322736128,267.3453051247634,0.9975457806305456,real,25232.186443776005,1802.2176906088134,0.0,codesign_planes_relaxed,0.0,0.0,0.0,0.0,0.0,0.0,0.0,0.0,0.0,0.0,0.0,13,1,,5297,,,0.55,27624.509179904006,2069.562995733577
reports/planes/cascade/codesign_planes_relaxed_platt.json,,platt,1840.24825856,205.65023471135646,0.9981121389465736,real,25232.186443776005,1802.2176906088134,0.0,codesign_planes_relaxed,0.0,0.0,0.0,0.0,0.0,0.0,0.0,0.0,0.0,0.0,0.0,10,1,,5297,,,0.6000000000000001,27072.434702336006,2007.86792532017
reports/planes/cascade/codesign_planes_relaxed_platt.json,,platt,1288.173780992,143.95516429794952,0.9986784972626015,real,25232.186443776005,1802.2176906088134,0.0,codesign_planes_relaxed,0.0,0.0,0.0,0.0,0.0,0.0,0.0,0.0,0.0,0.0,0.0,7,1,,5297,,,0.65,26520.360224768006,1946.172854906763
reports/planes/cascade/codesign_planes_relaxed_platt.json,,platt,1104.148955136,123.39014082681388,0.9988672833679442,real,25232.186443776005,1802.2176906088134,0.0,codesign_planes_relaxed,0.0,0.0,0.0,0.0,0.0,0.0,0.0,0.0,0.0,0.0,0.0,6,1,,5297,,,0.7000000000000001,26336.335398912004,1925.6078314356273
reports/planes/cascade/codesign_planes_relaxed_platt.json,,platt,736.099303424,82.26009388454258,0.9992448555786294,real,25232.186443776005,1802.2176906088134,0.0,codesign_planes_relaxed,0.0,0.0,0.0,0.0,0.0,0.0,0.0,0.0,0.0,0.0,0.0,4,1,,5297,,,0.75,25968.285747200003,1884.477784493356
reports/planes/cascade/codesign_planes_relaxed_platt.json,,platt,184.024825856,20.565023471135646,0.9998112138946573,real,25232.186443776005,1802.2176906088134,0.0,codesign_planes_relaxed,0.0,0.0,0.0,0.0,0.0,0.0,0.0,0.0,0.0,0.0,0.0,1,1,,5297,,,0.8,25416.211269632004,1822.782714079949
reports/planes/cascade/codesign_planes_relaxed_platt.json,,platt,0.0,0.0,1.0,real,25232.186443776005,1802.2176906088134,0.0,codesign_planes_relaxed,0.0,0.0,0.0,0.0,0.0,0.0,0.0,0.0,0.0,0.0,0.0,0,1,,5297,,,0.8500000000000001,25232.186443776005,1802.2176906088134
reports/planes/cascade/codesign_planes_relaxed_platt.json,,platt,0.0,0.0,1.0,real,25232.186443776005,1802.2176906088134,0.0,codesign_planes_relaxed,0.0,0.0,0.0,0.0,0.0,0.0,0.0,0.0,0.0,0.0,0.0,0,1,,5297,,,0.9,25232.186443776005,1802.2176906088134
reports/planes/cascade/codesign_planes_relaxed_platt.json,,platt,0.0,0.0,1.0,real,25232.186443776005,1802.2176906088134,0.0,codesign_planes_relaxed,0.0,0.0,0.0,0.0,0.0,0.0,0.0,0.0,0.0,0.0,0.0,0,1,,5297,,,0.9500000000000001,25232.186443776005,1802.2176906088134
reports/planes/cascade/codesign_planes_relaxed_platt.json,,platt,0.0,0.0,1.0,real,25232.186443776005,1802.2176906088134,0.0,codesign_planes_relaxed,0.0,0.0,0.0,0.0,0.0,0.0,0.0,0.0,0.0,0.0,0.0,0,1,,5297,,,1.0,25232.186443776005,1802.2176906088134
reports/planes/cascade/codesign_planes_relaxed_temperature.json,,temperature,974779.5025592321,108932.92932660552,0.0,real,25232.186443776005,1802.2176906088134,1.0,codesign_planes_relaxed,0.9151257181537812,0.9042543353094928,0.614777023600072,0.8824830057045369,0.849562145618824,0.8022977384669684,0.7266678294128557,0.5877926629654754,0.36292315389451707,0.11358925181370712,0.003074394660561391,5297,1,,5297,,,0.0,1000011.6890030081,110735.14701721433
reports/planes/cascade/codesign_planes_relaxed_temperature.json,,temperature,974779.5025592321,108932.92932660552,0.0,real,25232.186443776005,1802.2176906088134,1.0,codesign_planes_relaxed,0.9151257181537812,0.9042543353094928,0.614777023600072,0.8824830057045369,0.849562145618824,0.8022977384669684,0.7266678294128557,0.5877926629654754,0.36292315389451707,0.11358925181370712,0.003074394660561391,5297,1,,5297,,,0.05,1000011.6890030081,110735.14701721433
reports/planes/cascade/codesign_planes_relaxed_temperature.json,,temperature,974779.5025592321,108932.92932660552,0.0,real,25232.186443776005,1802.2176906088134,1.0,codesign_planes_relaxed,0.9151257181537812,0.9042543353094928,0.614777023600072,0.8824830057045369,0.849562145618824,0.8022977384669684,0.7266678294128557,0.5877926629654754,0.36292315389451707,0.11358925181370712,0.003074394660561391,5297,1,,5297,,,0.1,1000011.6890030081,110735.14701721433
reports/planes/cascade/codesign_planes_relaxed_temperature.json,,temperature,974779.5025592321,108932.92932660552,0.0,real,25232.186443776005,1802.2176906088134,1.0,codesign_planes_relaxed,0.9151257181537812,0.9042543353094928,0.614777023600072,0.8824830057045369,0.849562145618824,0.8022977384669684,0.7266678294128557,0.5877926629654754,0.36292315389451707,0.11358925181370712,0.003074394660561391,5297,1,,5297,,,0.15000000000000002,1000011.6890030081,110735.14701721433
reports/planes/cascade/codesign_planes_relaxed_temperature.json,,temperature,974779.5025592321,108932.92932660552,0.0,real,25232.186443776005,1802.2176906088134,1.0,codesign_planes_relaxed,0.9151257181537812,0.9042543353094928,0.614777023600072,0.8824830057045369,0.849562145618824,0.8022977384669684,0.7266678294128557,0.5877926629654754,0.36292315389451707,0.11358925181370712,0.003074394660561391,5297,1,,5297,,,0.2,1000011.6890030081,110735.14701721433
reports/planes/cascade/codesign_planes_relaxed_temperature.json,,temperature,974779.5025592321,108932.92932660552,0.0,real,25232.186443776005,1802.2176906088134,1.0,codesign_planes_relaxed,0.9151257181537812,0.9042543353094928,0.614777023600072,0.8824830057045369,0.849562145618824,0.8022977384669684,0.7266678294128557,0.5877926629654754,0.36292315389451707,0.11358925181370712,0.003074394660561391,5297,1,,5297,,,0.25,1000011.6890030081,110735.14701721433
reports/planes/cascade/codesign_planes_relaxed_temperature.json,,temperature,974779.5025592321,108932.92932660552,0.0,real,25232.186443776005,1802.2176906088134,1.0,codesign_planes_relaxed,0.9151257181537812,0.9042543353094928,0.614777023600072,0.8824830057045369,0.849562145618824,0.8022977384669684,0.7266678294128557,0.5877926629654754,0.36292315389451707,0.11358925181370712,0.003074394660561391,5297,1,,5297,,,0.30000000000000004,1000011.6890030081,110735.14701721433
reports/planes/cascade/codesign_planes_relaxed_temperature.json,,temperature,974779.5025592321,108932.92932660552,0.0,real,25232.186443776005,1802.2176906088134,1.0,codesign_planes_relaxed,0.9151257181537812,0.9042543353094928,0.614777023600072,0.8824830057045369,0.849562145618824,0.8022977384669684,0.7266678294128557,0.5877926629654754,0.36292315389451707,0.11358925181370712,0.003074394660561391,5297,1,,5297,,,0.35000000000000003,1000011.6890030081,110735.14701721433
reports/planes/cascade/codesign_planes_relaxed_temperature.json,,temperature,974779.5025592321,108932.92932660552,0.0,real,25232.186443776005,1802.2176906088134,1.0,codesign_planes_relaxed,0.9151257181537812,0.9042543353094928,0.614777023600072,0.8824830057045369,0.849562145618824,0.8022977384669684,0.7266678294128557,0.5877926629654754,0.36292315389451707,0.11358925181370712,0.003074394660561391,5297,1,,5297,,,0.4,1000011.6890030081,110735.14701721433
reports/planes/cascade/codesign_planes_relaxed_temperature.json,,temperature,974779.5025592321,108932.92932660552,0.0,real,25232.186443776005,1802.2176906088134,1.0,codesign_planes_relaxed,0.9151257181537812,0.9042543353094928,0.614777023600072,0.8824830057045369,0.849562145618824,0.8022977384669684,0.7266678294128557,0.5877926629654754,0.36292315389451707,0.11358925181370712,0.003074394660561391,5297,1,,5297,,,0.45,1000011.6890030081,110735.14701721433
reports/planes/cascade/codesign_planes_relaxed_temperature.json,,temperature,551890.452742144,61674.5053899358,0.4338304700774023,real,25232.186443776005,1802.2176906088134,0.8561046511627907,codesign_planes_relaxed,0.8568715866871323,0.8464189967832842,0.5837767862588104,0.8346200117643225,0.8024620955175538,0.7654350495316601,0.6922019880567208,0.5652545246737,0.3574378347868759,0.11398975855981161,0.0030760162270417834,2999,1,,5297,,,0.5,577122.63918592,63476.723080544616
reports/planes/cascade/codesign_planes_relaxed_temperature.json,,temperature,0.0,0.0,1.0,real,25232.186443776005,1802.2176906088134,0.0,codesign_planes_relaxed,0.0,0.0,0.0,0.0,0.0,0.0,0.0,0.0,0.0,0.0,0.0,0,1,,5297,,,0.55,25232.186443776005,1802.2176906088134
reports/planes/cascade/codesign_planes_relaxed_temperature.json,,temperature,0.0,0.0,1.0,real,25232.186443776005,1802.2176906088134,0.0,codesign_planes_relaxed,0.0,0.0,0.0,0.0,0.0,0.0,0.0,0.0,0.0,0.0,0.0,0,1,,5297,,,0.6000000000000001,25232.186443776005,1802.2176906088134
reports/planes/cascade/codesign_planes_relaxed_temperature.json,,temperature,0.0,0.0,1.0,real,25232.186443776005,1802.2176906088134,0.0,codesign_planes_relaxed,0.0,0.0,0.0,0.0,0.0,0.0,0.0,0.0,0.0,0.0,0.0,0,1,,5297,,,0.65,25232.186443776005,1802.2176906088134
reports/planes/cascade/codesign_planes_relaxed_temperature.json,,temperature,0.0,0.0,1.0,real,25232.186443776005,1802.2176906088134,0.0,codesign_planes_relaxed,0.0,0.0,0.0,0.0,0.0,0.0,0.0,0.0,0.0,0.0,0.0,0,1,,5297,,,0.7000000000000001,25232.186443776005,1802.2176906088134
reports/planes/cascade/codesign_planes_relaxed_temperature.json,,temperature,0.0,0.0,1.0,real,25232.186443776005,1802.2176906088134,0.0,codesign_planes_relaxed,0.0,0.0,0.0,0.0,0.0,0.0,0.0,0.0,0.0,0.0,0.0,0,1,,5297,,,0.75,25232.186443776005,1802.2176906088134
reports/planes/cascade/codesign_planes_relaxed_temperature.json,,temperature,0.0,0.0,1.0,real,25232.186443776005,1802.2176906088134,0.0,codesign_planes_relaxed,0.0,0.0,0.0,0.0,0.0,0.0,0.0,0.0,0.0,0.0,0.0,0,1,,5297,,,0.8,25232.186443776005,1802.2176906088134
reports/planes/cascade/codesign_planes_relaxed_temperature.json,,temperature,0.0,0.0,1.0,real,25232.186443776005,1802.2176906088134,0.0,codesign_planes_relaxed,0.0,0.0,0.0,0.0,0.0,0.0,0.0,0.0,0.0,0.0,0.0,0,1,,5297,,,0.8500000000000001,25232.186443776005,1802.2176906088134
reports/planes/cascade/codesign_planes_relaxed_temperature.json,,temperature,0.0,0.0,1.0,real,25232.186443776005,1802.2176906088134,0.0,codesign_planes_relaxed,0.0,0.0,0.0,0.0,0.0,0.0,0.0,0.0,0.0,0.0,0.0,0,1,,5297,,,0.9,25232.186443776005,1802.2176906088134
reports/planes/cascade/codesign_planes_relaxed_temperature.json,,temperature,0.0,0.0,1.0,real,25232.186443776005,1802.2176906088134,0.0,codesign_planes_relaxed,0.0,0.0,0.0,0.0,0.0,0.0,0.0,0.0,0.0,0.0,0.0,0,1,,5297,,,0.9500000000000001,25232.186443776005,1802.2176906088134
reports/planes/cascade/codesign_planes_relaxed_temperature.json,,temperature,0.0,0.0,1.0,real,25232.186443776005,1802.2176906088134,0.0,codesign_planes_relaxed,0.0,0.0,0.0,0.0,0.0,0.0,0.0,0.0,0.0,0.0,0.0,0,1,,5297,,,1.0,25232.186443776005,1802.2176906088134
reports/planes/cascade/codesign_planes_shared_context_adaptive.json,,context_adaptive,974779.5025592321,108932.92932660552,0.0,real,25232.186443776005,1802.2176906088134,1.0,codesign_planes_shared,0.9151257181537812,0.9042543076046732,0.6147767152440035,0.8824829661262232,0.8495621415969103,0.8022978286195456,0.7266642488263374,0.5877931411437782,0.36292315389451707,0.11358925181370712,0.003074394660561391,5297,1,,5297,,,0.0,1000011.6890030081,110735.14701721433
reports/planes/cascade/codesign_planes_shared_context_adaptive.json,,context_adaptive,974779.5025592321,108932.92932660552,0.0,real,25232.186443776005,1802.2176906088134,1.0,codesign_planes_shared,0.9151257181537812,0.9042543076046732,0.6147767152440035,0.8824829661262232,0.8495621415969103,0.8022978286195456,0.7266642488263374,0.5877931411437782,0.36292315389451707,0.11358925181370712,0.003074394660561391,5297,1,,5297,,,0.05,1000011.6890030081,110735.14701721433
reports/planes/cascade/codesign_planes_shared_context_adaptive.json,,context_adaptive,974779.5025592321,108932.92932660552,0.0,real,25232.186443776005,1802.2176906088134,1.0,codesign_planes_shared,0.9151257181537812,0.9042543076046732,0.6147767152440035,0.8824829661262232,0.8495621415969103,0.8022978286195456,0.7266642488263374,0.5877931411437782,0.36292315389451707,0.11358925181370712,0.003074394660561391,5297,1,,5297,,,0.1,1000011.6890030081,110735.14701721433
reports/planes/cascade/codesign_planes_shared_context_adaptive.json,,context_adaptive,974779.5025592321,108932.92932660552,0.0,real,25232.186443776005,1802.2176906088134,1.0,codesign_planes_shared,0.9151257181537812,0.9042543076046732,0.6147767152440035,0.8824829661262232,0.8495621415969103,0.8022978286195456,0.7266642488263374,0.5877931411437782,0.36292315389451707,0.11358925181370712,0.003074394660561391,5297,1,,5297,,,0.15000000000000002,1000011.6890030081,110735.14701721433
reports/planes/cascade/codesign_planes_shared_context_adaptive.json,,context_adaptive,974779.5025592321,108932.92932660552,0.0,real,25232.186443776005,1802.2176906088134,1.0,codesign_planes_shared,0.9151257181537812,0.9042543076046732,0.6147767152440035,0.8824829661262232,0.8495621415969103,0.8022978286195456,0.7266642488263374,0.5877931411437782,0.36292315389451707,0.11358925181370712,0.003074394660561391,5297,1,,5297,,,0.2,1000011.6890030081,110735.14701721433
reports/planes/cascade/codesign_planes_shared_context_adaptive.json,,context_adaptive,974779.5025592321,108932.92932660552,0.0,real,25232.186443776005,1802.2176906088134,1.0,codesign_planes_shared,0.9151257181537812,0.9042543076046732,0.6147767152440035,0.8824829661262232,0.8495621415969103,0.8022978286195456,0.7266642488263374,0.5877931411437782,0.36292315389451707,0.11358925181370712,0.003074394660561391,5297,1,,5297,,,0.25,1000011.6890030081,110735.14701721433
reports/planes/cascade/codesign_planes_shared_context_adaptive.json,,context_adaptive,974779.5025592321,108932.92932660552,0.0,real,25232.186443776005,1802.2176906088134,1.0,codesign_planes_shared,0.9151257181537812,0.9042543076046732,0.6147767152440035,0.8824829661262232,0.8495621415969103,0.8022978286195456,0.7266642488263374,0.5877931411437782,0.36292315389451707,0.11358925181370712,0.003074394660561391,5297,1,,5297,,,0.30000000000000004,1000011.6890030081,110735.14701721433
reports/planes/cascade/codesign_planes_shared_context_adaptive.json,,context_adaptive,974779.5025592321,108932.92932660552,0.0,real,25232.186443776005,1802.2176906088134,1.0,codesign_planes_shared,0.9151257181537812,0.9042543076046732,0.6147767152440035,0.8824829661262232,0.8495621415969103,0.8022978286195456,0.7266642488263374,0.5877931411437782,0.36292315389451707,0.11358925181370712,0.003074394660561391,5297,1,,5297,,,0.35000000000000003,1000011.6890030081,110735.14701721433
reports/planes/cascade/codesign_planes_shared_context_adaptive.json,,context_adaptive,974595.4777333761,108912.36430313438,0.00018878610534267537,real,25232.186443776005,1802.2176906088134,1.0,codesign_planes_shared,0.9151257181537812,0.9042543076046732,0.6147767152440035,0.8824829661262232,0.8495621415969103,0.8022978286195456,0.7266642488263374,0.5877931411437782,0.36292315389451707,0.11358925181370712,0.003074394660561391,5296,1,,5297,,,0.4,999827.6641771521,110714.5819937432
reports/planes/cascade/codesign_planes_shared_context_adaptive.json,,context_adaptive,969442.782609408,108336.54364594258,0.005474797054936809,real,25232.186443776005,1802.2176906088134,0.997093023255814,codesign_planes_shared,0.9150577388172064,0.9041675051429501,0.614694050785707,0.8823820179319579,0.8494671956648637,0.8021332589208966,0.7265463229567302,0.5876191465920663,0.3628927653914139,0.11360016177842319,0.003074394660561391,5268,1,,5297,,,0.45,994674.969053184,110138.7613365514
reports/planes/cascade/codesign_planes_shared_context_adaptive.json,,context_adaptive,835104.659734528,93324.07651201356,0.14328865395506896,real,25232.186443776005,1802.2176906088134,0.9520348837209303,codesign_planes_shared,0.8661523639886501,0.8554053705009541,0.5880749117684578,0.8339439346307878,0.8021611743655065,0.7659805549373319,0.7028013827808027,0.5761199014794939,0.36072021104651747,0.11437503072491914,0.0030891932296145033,4538,1,,5297,,,0.5,860336.846178304,95126.29420262238
reports/planes/cascade/codesign_planes_shared_context_adaptive.json,,context_adaptive,283766.281469952,31711.266192491166,0.7088918255616387,real,25232.186443776005,1802.2176906088134,0.055232558139534885,codesign_planes_shared,0.019801980198019802,0.019801980198019802,0.013049331248914364,0.019454577036651034,0.019454577036651034,0.017326732673267328,0.009900990099009901,0.009900990099009901,0.009900990099009901,0.0049504950495049506,0.0,1542,1,,5297,,,0.55,308998.46791372803,33513.48388309998
reports/planes/cascade/codesign_planes_shared_context_adaptive.json,,context_adaptive,57783.795318784,6457.417369936593,0.9407211629224089,real,25232.186443776005,1802.2176906088134,0.00872093023255814,codesign_planes_shared,0.009900990099009901,0.009900990099009901,0.0067106710671067105,0.009900990099009901,0.009900990099009901,0.009900990099009901,0.009900990099009901,0.0044004400440044,0.0033003300330033,0.0,0.0,314,1,,5297,,,0.6000000000000001,83015.98176256001,8259.635060545406
reports/planes/cascade/codesign_planes_shared_context_adaptive.json,,context_adaptive,4416.595820544,493.5605633072555,0.9954691334717765,real,25232.186443776005,1802.2176906088134,0.0,codesign_planes_shared,0.0,0.0,0.0,0.0,0.0,0.0,0.0,0.0,0.0,0.0,0.0,24,1,,5297,,,0.65,29648.782264320005,2295.778253916069
reports/planes/cascade/codesign_planes_shared_context_adaptive.json,,context_adaptive,552.074477568,61.69507041340694,0.9994336416839721,real,25232.186443776005,1802.2176906088134,0.0,codesign_planes_shared,0.0,0.0,0.0,0.0,0.0,0.0,0.0,0.0,0.0,0.0,0.0,3,1,,5297,,,0.7000000000000001,25784.260921344005,1863.9127610222204
reports/planes/cascade/codesign_planes_shared_context_adaptive.json,,context_adaptive,0.0,0.0,1.0,real,25232.186443776005,1802.2176906088134,0.0,codesign_planes_shared,0.0,0.0,0.0,0.0,0.0,0.0,0.0,0.0,0.0,0.0,0.0,0,1,,5297,,,0.75,25232.186443776005,1802.2176906088134
reports/planes/cascade/codesign_planes_shared_context_adaptive.json,,context_adaptive,0.0,0.0,1.0,real,25232.186443776005,1802.2176906088134,0.0,codesign_planes_shared,0.0,0.0,0.0,0.0,0.0,0.0,0.0,0.0,0.0,0.0,0.0,0,1,,5297,,,0.8,25232.186443776005,1802.2176906088134
reports/planes/cascade/codesign_planes_shared_context_adaptive.json,,context_adaptive,0.0,0.0,1.0,real,25232.186443776005,1802.2176906088134,0.0,codesign_planes_shared,0.0,0.0,0.0,0.0,0.0,0.0,0.0,0.0,0.0,0.0,0.0,0,1,,5297,,,0.8500000000000001,25232.186443776005,1802.2176906088134
reports/planes/cascade/codesign_planes_shared_context_adaptive.json,,context_adaptive,0.0,0.0,1.0,real,25232.186443776005,1802.2176906088134,0.0,codesign_planes_shared,0.0,0.0,0.0,0.0,0.0,0.0,0.0,0.0,0.0,0.0,0.0,0,1,,5297,,,0.9,25232.186443776005,1802.2176906088134
reports/planes/cascade/codesign_planes_shared_context_adaptive.json,,context_adaptive,0.0,0.0,1.0,real,25232.186443776005,1802.2176906088134,0.0,codesign_planes_shared,0.0,0.0,0.0,0.0,0.0,0.0,0.0,0.0,0.0,0.0,0.0,0,1,,5297,,,0.9500000000000001,25232.186443776005,1802.2176906088134
reports/planes/cascade/codesign_planes_shared_context_adaptive.json,,context_adaptive,0.0,0.0,1.0,real,25232.186443776005,1802.2176906088134,0.0,codesign_planes_shared,0.0,0.0,0.0,0.0,0.0,0.0,0.0,0.0,0.0,0.0,0.0,0,1,,5297,,,1.0,25232.186443776005,1802.2176906088134
reports/planes/cascade/codesign_planes_shared_identity.json,,identity,974779.5025592321,108932.92932660552,0.0,real,25232.186443776005,1802.2176906088134,1.0,codesign_planes_shared,0.9151257181537812,0.9042543076046732,0.6147767152440035,0.8824829661262232,0.8495621415969103,0.8022978286195456,0.7266642488263374,0.5877931411437782,0.36292315389451707,0.11358925181370712,0.003074394660561391,5297,1,,5297,,,0.0,1000011.6890030081,110735.14701721433
reports/planes/cascade/codesign_planes_shared_identity.json,,identity,974779.5025592321,108932.92932660552,0.0,real,25232.186443776005,1802.2176906088134,1.0,codesign_planes_shared,0.9151257181537812,0.9042543076046732,0.6147767152440035,0.8824829661262232,0.8495621415969103,0.8022978286195456,0.7266642488263374,0.5877931411437782,0.36292315389451707,0.11358925181370712,0.003074394660561391,5297,1,,5297,,,0.05,1000011.6890030081,110735.14701721433
reports/planes/cascade/codesign_planes_shared_identity.json,,identity,974779.5025592321,108932.92932660552,0.0,real,25232.186443776005,1802.2176906088134,1.0,codesign_planes_shared,0.9151257181537812,0.9042543076046732,0.6147767152440035,0.8824829661262232,0.8495621415969103,0.8022978286195456,0.7266642488263374,0.5877931411437782,0.36292315389451707,0.11358925181370712,0.003074394660561391,5297,1,,5297,,,0.1,1000011.6890030081,110735.14701721433
reports/planes/cascade/codesign_planes_shared_identity.json,,identity,974779.5025592321,108932.92932660552,0.0,real,25232.186443776005,1802.2176906088134,1.0,codesign_planes_shared,0.9151257181537812,0.9042543076046732,0.6147767152440035,0.8824829661262232,0.8495621415969103,0.8022978286195456,0.7266642488263374,0.5877931411437782,0.36292315389451707,0.11358925181370712,0.003074394660561391,5297,1,,5297,,,0.15000000000000002,1000011.6890030081,110735.14701721433
reports/planes/cascade/codesign_planes_shared_identity.json,,identity,974779.5025592321,108932.92932660552,0.0,real,25232.186443776005,1802.2176906088134,1.0,codesign_planes_shared,0.9151257181537812,0.9042543076046732,0.6147767152440035,0.8824829661262232,0.8495621415969103,0.8022978286195456,0.7266642488263374,0.5877931411437782,0.36292315389451707,0.11358925181370712,0.003074394660561391,5297,1,,5297,,,0.2,1000011.6890030081,110735.14701721433
reports/planes/cascade/codesign_planes_shared_identity.json,,identity,974779.5025592321,108932.92932660552,0.0,real,25232.186443776005,1802.2176906088134,1.0,codesign_planes_shared,0.9151257181537812,0.9042543076046732,0.6147767152440035,0.8824829661262232,0.8495621415969103,0.8022978286195456,0.7266642488263374,0.5877931411437782,0.36292315389451707,0.11358925181370712,0.003074394660561391,5297,1,,5297,,,0.25,1000011.6890030081,110735.14701721433
reports/planes/cascade/codesign_planes_shared_identity.json,,identity,974779.5025592321,108932.92932660552,0.0,real,25232.186443776005,1802.2176906088134,1.0,codesign_planes_shared,0.9151257181537812,0.9042543076046732,0.6147767152440035,0.8824829661262232,0.8495621415969103,0.8022978286195456,0.7266642488263374,0.5877931411437782,0.36292315389451707,0.11358925181370712,0.003074394660561391,5297,1,,5297,,,0.30000000000000004,1000011.6890030081,110735.14701721433
reports/planes/cascade/codesign_planes_shared_identity.json,,identity,974779.5025592321,108932.92932660552,0.0,real,25232.186443776005,1802.2176906088134,1.0,codesign_planes_shared,0.9151257181537812,0.9042543076046732,0.6147767152440035,0.8824829661262232,0.8495621415969103,0.8022978286195456,0.7266642488263374,0.5877931411437782,0.36292315389451707,0.11358925181370712,0.003074394660561391,5297,1,,5297,,,0.35000000000000003,1000011.6890030081,110735.14701721433
reports/planes/cascade/codesign_planes_shared_identity.json,,identity,967234.484699136,108089.76336428896,0.007740230319048469,real,25232.186443776005,1802.2176906088134,0.997093023255814,codesign_planes_shared,0.9150577388172064,0.9041675051429501,0.614694050785707,0.8823820179319579,0.8494671956648637,0.8021332589208966,0.7265463229567302,0.5876191465920663,0.3628927653914139,0.11360016177842319,0.003074394660561391,5256,1,,5297,,,0.4,992466.671142912,109891.98105489777
reports/planes/cascade/codesign_planes_shared_identity.json,,identity,829583.914958848,92707.12580787949,0.14895223711534833,real,25232.186443776005,1802.2176906088134,0.9462209302325582,codesign_planes_shared,0.8661479605646053,0.8554418805908476,0.5881748189229692,0.8340077572670014,0.802381356280715,0.766386517604438,0.7033035109206455,0.5763419015272764,0.3603486363648279,0.11430114216217,0.0030875259471648524,4508,1,,5297,,,0.45,854816.101402624,94509.3434984883
reports/planes/cascade/codesign_planes_shared_identity.json,,identity,296279.96962816,33109.68778852839,0.6960543703983386,real,25232.186443776005,1802.2176906088134,0.05232558139534884,codesign_planes_shared,0.019477357571822757,0.019315046258724232,0.012698621473227029,0.01882811231942866,0.01866580100633014,0.01604643222942984,0.009900990099009901,0.009900990099009901,0.009900990099009901,0.0049504950495049506,0.0,1610,1,,5297,,,0.5,321512.156071936,34911.905479137204
reports/planes/cascade/codesign_planes_shared_identity.json,,identity,61280.267010048,6848.15281588817,0.9371342269208986,real,25232.186443776005,1802.2176906088134,0.007267441860465116,codesign_planes_shared,0.009900990099009901,0.009900990099009901,0.007920792079207921,0.009900990099009901,0.009900990099009901,0.009900990099009901,0.009900990099009901,0.009900990099009901,0.009900990099009901,0.0,0.0,333,1,,5297,,,0.55,86512.45345382401,8650.370506496984
reports/planes/cascade/codesign_planes_shared_identity.json,,identity,5152.695123968,575.8206571917981,0.9947139890504059,real,25232.186443776005,1802.2176906088134,0.0,codesign_planes_shared,0.0,0.0,0.0,0.0,0.0,0.0,0.0,0.0,0.0,0.0,0.0,28,1,,5297,,,0.6000000000000001,30384.881567744007,2378.0383478006115
reports/planes/cascade/codesign_planes_shared_identity.json,,identity,552.074477568,61.69507041340694,0.9994336416839721,real,25232.186443776005,1802.2176906088134,0.0,codesign_planes_shared,0.0,0.0,0.0,0.0,0.0,0.0,0.0,0.0,0.0,0.0,0.0,3,1,,5297,,,0.65,25784.260921344005,1863.9127610222204
reports/planes/cascade/codesign_planes_shared_identity.json,,identity,0.0,0.0,1.0,real,25232.186443776005,1802.2176906088134,0.0,codesign_planes_shared,0.0,0.0,0.0,0.0,0.0,0.0,0.0,0.0,0.0,0.0,0.0,0,1,,5297,,,0.7000000000000001,25232.186443776005,1802.2176906088134
reports/planes/cascade/codesign_planes_shared_identity.json,,identity,0.0,0.0,1.0,real,25232.186443776005,1802.2176906088134,0.0,codesign_planes_shared,0.0,0.0,0.0,0.0,0.0,0.0,0.0,0.0,0.0,0.0,0.0,0,1,,5297,,,0.75,25232.186443776005,1802.2176906088134
reports/planes/cascade/codesign_planes_shared_identity.json,,identity,0.0,0.0,1.0,real,25232.186443776005,1802.2176906088134,0.0,codesign_planes_shared,0.0,0.0,0.0,0.0,0.0,0.0,0.0,0.0,0.0,0.0,0.0,0,1,,5297,,,0.8,25232.186443776005,1802.2176906088134
reports/planes/cascade/codesign_planes_shared_identity.json,,identity,0.0,0.0,1.0,real,25232.186443776005,1802.2176906088134,0.0,codesign_planes_shared,0.0,0.0,0.0,0.0,0.0,0.0,0.0,0.0,0.0,0.0,0.0,0,1,,5297,,,0.8500000000000001,25232.186443776005,1802.2176906088134
reports/planes/cascade/codesign_planes_shared_identity.json,,identity,0.0,0.0,1.0,real,25232.186443776005,1802.2176906088134,0.0,codesign_planes_shared,0.0,0.0,0.0,0.0,0.0,0.0,0.0,0.0,0.0,0.0,0.0,0,1,,5297,,,0.9,25232.186443776005,1802.2176906088134
reports/planes/cascade/codesign_planes_shared_identity.json,,identity,0.0,0.0,1.0,real,25232.186443776005,1802.2176906088134,0.0,codesign_planes_shared,0.0,0.0,0.0,0.0,0.0,0.0,0.0,0.0,0.0,0.0,0.0,0,1,,5297,,,0.9500000000000001,25232.186443776005,1802.2176906088134
reports/planes/cascade/codesign_planes_shared_identity.json,,identity,0.0,0.0,1.0,real,25232.186443776005,1802.2176906088134,0.0,codesign_planes_shared,0.0,0.0,0.0,0.0,0.0,0.0,0.0,0.0,0.0,0.0,0.0,0,1,,5297,,,1.0,25232.186443776005,1802.2176906088134
reports/planes/cascade/codesign_planes_shared_isotonic.json,,isotonic,974779.5025592321,108932.92932660552,0.0,real,25232.186443776005,1802.2176906088134,1.0,codesign_planes_shared,0.9151257181537812,0.9042543076046732,0.6147767152440035,0.8824829661262232,0.8495621415969103,0.8022978286195456,0.7266642488263374,0.5877931411437782,0.36292315389451707,0.11358925181370712,0.003074394660561391,5297,1,,5297,,,0.0,1000011.6890030081,110735.14701721433
reports/planes/cascade/codesign_planes_shared_isotonic.json,,isotonic,883871.238586368,98773.80773186451,0.09326033603926753,real,25232.186443776005,1802.2176906088134,0.9825581395348837,codesign_planes_shared,0.8956132997024364,0.8847340604316333,0.6033019179352027,0.8629566238175077,0.8303538027264037,0.7847214859061478,0.7183335816532631,0.5808650468377881,0.3585226627530407,0.11384097211932755,0.0030776434044788564,4803,1,,5297,,,0.05,909103.425030144,100576.02542247332
reports/planes/cascade/codesign_planes_shared_isotonic.json,,isotonic,815598.028193792,91144.18402407318,0.16329998112138944,real,25232.186443776005,1802.2176906088134,0.938953488372093,codesign_planes_shared,0.8470493563924402,0.8364208163317279,0.5776506645125898,0.8238238761063285,0.7923629064504505,0.7482692303258693,0.6932858131728251,0.5673494257201342,0.35345800860742393,0.11139801878908331,0.0030891932296145033,4432,1,,5297,,,0.1,840830.214637568,92946.401714682
reports/planes/cascade/codesign_planes_shared_isotonic.json,,isotonic,0.0,0.0,1.0,real,25232.186443776005,1802.2176906088134,0.0,codesign_planes_shared,0.0,0.0,0.0,0.0,0.0,0.0,0.0,0.0,0.0,0.0,0.0,0,1,,5297,,,0.15000000000000002,25232.186443776005,1802.2176906088134
reports/planes/cascade/codesign_planes_shared_isotonic.json,,isotonic,0.0,0.0,1.0,real,25232.186443776005,1802.2176906088134,0.0,codesign_planes_shared,0.0,0.0,0.0,0.0,0.0,0.0,0.0,0.0,0.0,0.0,0.0,0,1,,5297,,,0.2,25232.186443776005,1802.2176906088134
reports/planes/cascade/codesign_planes_shared_isotonic.json,,isotonic,0.0,0.0,1.0,real,25232.186443776005,1802.2176906088134,0.0,codesign_planes_shared,0.0,0.0,0.0,0.0,0.0,0.0,0.0,0.0,0.0,0.0,0.0,0,1,,5297,,,0.25,25232.186443776005,1802.2176906088134
reports/planes/cascade/codesign_planes_shared_isotonic.json,,isotonic,0.0,0.0,1.0,real,25232.186443776005,1802.2176906088134,0.0,codesign_planes_shared,0.0,0.0,0.0,0.0,0.0,0.0,0.0,0.0,0.0,0.0,0.0,0,1,,5297,,,0.30000000000000004,25232.186443776005,1802.2176906088134
reports/planes/cascade/codesign_planes_shared_isotonic.json,,isotonic,0.0,0.0,1.0,real,25232.186443776005,1802.2176906088134,0.0,codesign_planes_shared,0.0,0.0,0.0,0.0,0.0,0.0,0.0,0.0,0.0,0.0,0.0,0,1,,5297,,,0.35000000000000003,25232.186443776005,1802.2176906088134
reports/planes/cascade/codesign_planes_shared_isotonic.json,,isotonic,0.0,0.0,1.0,real,25232.186443776005,1802.2176906088134,0.0,codesign_planes_shared,0.0,0.0,0.0,0.0,0.0,0.0,0.0,0.0,0.0,0.0,0.0,0,1,,5297,,,0.4,25232.186443776005,1802.2176906088134
reports/planes/cascade/codesign_planes_shared_isotonic.json,,isotonic,0.0,0.0,1.0,real,25232.186443776005,1802.2176906088134,0.0,codesign_planes_shared,0.0,0.0,0.0,0.0,0.0,0.0,0.0,0.0,0.0,0.0,0.0,0,1,,5297,,,0.45,25232.186443776005,1802.2176906088134
reports/planes/cascade/codesign_planes_shared_isotonic.json,,isotonic,0.0,0.0,1.0,real,25232.186443776005,1802.2176906088134,0.0,codesign_planes_shared,0.0,0.0,0.0,0.0,0.0,0.0,0.0,0.0,0.0,0.0,0.0,0,1,,5297,,,0.5,25232.186443776005,1802.2176906088134
reports/planes/cascade/codesign_planes_shared_isotonic.json,,isotonic,0.0,0.0,1.0,real,25232.186443776005,1802.2176906088134,0.0,codesign_planes_shared,0.0,0.0,0.0,0.0,0.0,0.0,0.0,0.0,0.0,0.0,0.0,0,1,,5297,,,0.55,25232.186443776005,1802.2176906088134
reports/planes/cascade/codesign_planes_shared_isotonic.json,,isotonic,0.0,0.0,1.0,real,25232.186443776005,1802.2176906088134,0.0,codesign_planes_shared,0.0,0.0,0.0,0.0,0.0,0.0,0.0,0.0,0.0,0.0,0.0,0,1,,5297,,,0.6000000000000001,25232.186443776005,1802.2176906088134
reports/planes/cascade/codesign_planes_shared_isotonic.json,,isotonic,0.0,0.0,1.0,real,25232.186443776005,1802.2176906088134,0.0,codesign_planes_shared,0.0,0.0,0.0,0.0,0.0,0.0,0.0,0.0,0.0,0.0,0.0,0,1,,5297,,,0.65,25232.186443776005,1802.2176906088134
reports/planes/cascade/codesign_planes_shared_isotonic.json,,isotonic,0.0,0.0,1.0,real,25232.186443776005,1802.2176906088134,0.0,codesign_planes_shared,0.0,0.0,0.0,0.0,0.0,0.0,0.0,0.0,0.0,0.0,0.0,0,1,,5297,,,0.7000000000000001,25232.186443776005,1802.2176906088134
reports/planes/cascade/codesign_planes_shared_isotonic.json,,isotonic,0.0,0.0,1.0,real,25232.186443776005,1802.2176906088134,0.0,codesign_planes_shared,0.0,0.0,0.0,0.0,0.0,0.0,0.0,0.0,0.0,0.0,0.0,0,1,,5297,,,0.75,25232.186443776005,1802.2176906088134
reports/planes/cascade/codesign_planes_shared_isotonic.json,,isotonic,0.0,0.0,1.0,real,25232.186443776005,1802.2176906088134,0.0,codesign_planes_shared,0.0,0.0,0.0,0.0,0.0,0.0,0.0,0.0,0.0,0.0,0.0,0,1,,5297,,,0.8,25232.186443776005,1802.2176906088134
reports/planes/cascade/codesign_planes_shared_isotonic.json,,isotonic,0.0,0.0,1.0,real,25232.186443776005,1802.2176906088134,0.0,codesign_planes_shared,0.0,0.0,0.0,0.0,0.0,0.0,0.0,0.0,0.0,0.0,0.0,0,1,,5297,,,0.8500000000000001,25232.186443776005,1802.2176906088134
reports/planes/cascade/codesign_planes_shared_isotonic.json,,isotonic,0.0,0.0,1.0,real,25232.186443776005,1802.2176906088134,0.0,codesign_planes_shared,0.0,0.0,0.0,0.0,0.0,0.0,0.0,0.0,0.0,0.0,0.0,0,1,,5297,,,0.9,25232.186443776005,1802.2176906088134
reports/planes/cascade/codesign_planes_shared_isotonic.json,,isotonic,0.0,0.0,1.0,real,25232.186443776005,1802.2176906088134,0.0,codesign_planes_shared,0.0,0.0,0.0,0.0,0.0,0.0,0.0,0.0,0.0,0.0,0.0,0,1,,5297,,,0.9500000000000001,25232.186443776005,1802.2176906088134
reports/planes/cascade/codesign_planes_shared_isotonic.json,,isotonic,0.0,0.0,1.0,real,25232.186443776005,1802.2176906088134,0.0,codesign_planes_shared,0.0,0.0,0.0,0.0,0.0,0.0,0.0,0.0,0.0,0.0,0.0,0,1,,5297,,,1.0,25232.186443776005,1802.2176906088134
reports/planes/cascade/codesign_planes_shared_platt.json,,platt,974779.5025592321,108932.92932660552,0.0,real,25232.186443776005,1802.2176906088134,1.0,codesign_planes_shared,0.9151257181537812,0.9042543076046732,0.6147767152440035,0.8824829661262232,0.8495621415969103,0.8022978286195456,0.7266642488263374,0.5877931411437782,0.36292315389451707,0.11358925181370712,0.003074394660561391,5297,1,,5297,,,0.0,1000011.6890030081,110735.14701721433
reports/planes/cascade/codesign_planes_shared_platt.json,,platt,965762.2860922881,107925.24317651987,0.00925051916178965,real,25232.186443776005,1802.2176906088134,1.0,codesign_planes_shared,0.9151257181537812,0.9042543076046732,0.6147767152440035,0.8824829661262232,0.8495621415969103,0.8022978286195456,0.7266642488263374,0.5877931411437782,0.36292315389451707,0.11358925181370712,0.003074394660561391,5248,1,,5297,,,0.05,990994.4725360641,109727.46086712868
reports/planes/cascade/codesign_planes_shared_platt.json,,platt,772904.2685952,86373.09857876971,0.20709835756088357,real,25232.186443776005,1802.2176906088134,0.9723837209302325,codesign_planes_shared,0.9054754120177692,0.8946880834071201,0.6102697687867997,0.8732877332985081,0.8404606365763957,0.7939805551398668,0.7268283579097495,0.5880358066345255,0.36316100279089886,0.1137057054326016,0.003074394660561391,4200,1,,5297,,,0.1,798136.455038976,88175.31626937853
reports/planes/cascade/codesign_planes_shared_platt.json,,platt,258554.88032768,28893.857976945583,0.7347555219935813,real,25232.186443776005,1802.2176906088134,0.20494186046511628,codesign_planes_shared,0.2548357525404538,0.2457011449229427,0.17454539446486383,0.2450672751736687,0.23467079621259243,0.2228230746332291,0.19898613815820676,0.1645522298751621,0.12622844689127585,0.051065856995105484,0.0015232292460015233,1405,1,,5297,,,0.15000000000000002,283787.066771456,30696.075667554396
reports/planes/cascade/codesign_planes_shared_platt.json,,platt,34780.692086784,3886.789436044637,0.9643194260902398,real,25232.186443776005,1802.2176906088134,0.00436046511627907,codesign_planes_shared,0.009900990099009901,0.009900990099009901,0.007425742574257427,0.009900990099009901,0.009900990099009901,0.009900990099009901,0.009900990099009901,0.009900990099009901,0.0049504950495049506,0.0,0.0,189,1,,5297,,,0.2,60012.87853056,5689.0071266534505
reports/planes/cascade/codesign_planes_shared_platt.json,,platt,5336.719949824001,596.3856806629337,0.9945252029450632,real,25232.186443776005,1802.2176906088134,0.0029069767441860465,codesign_planes_shared,0.009900990099009901,0.009900990099009901,0.007920792079207921,0.009900990099009901,0.009900990099009901,0.009900990099009901,0.009900990099009901,0.009900990099009901,0.009900990099009901,0.0,0.0,29,1,,5297,,,0.25,30568.906393600006,2398.603371271747
reports/planes/cascade/codesign_planes_shared_platt.json,,platt,368.049651712,41.13004694227129,0.9996224277893148,real,25232.186443776005,1802.2176906088134,0.0,codesign_planes_shared,0.0,0.0,0.0,0.0,0.0,0.0,0.0,0.0,0.0,0.0,0.0,2,1,,5297,,,0.30000000000000004,25600.236095488006,1843.3477375510847
reports/planes/cascade/codesign_planes_shared_platt.json,,platt,0.0,0.0,1.0,real,25232.186443776005,1802.2176906088134,0.0,codesign_planes_shared,0.0,0.0,0.0,0.0,0.0,0.0,0.0,0.0,0.0,0.0,0.0,0,1,,5297,,,0.35000000000000003,25232.186443776005,1802.2176906088134
reports/planes/cascade/codesign_planes_shared_platt.json,,platt,0.0,0.0,1.0,real,25232.186443776005,1802.2176906088134,0.0,codesign_planes_shared,0.0,0.0,0.0,0.0,0.0,0.0,0.0,0.0,0.0,0.0,0.0,0,1,,5297,,,0.4,25232.186443776005,1802.2176906088134
reports/planes/cascade/codesign_planes_shared_platt.json,,platt,0.0,0.0,1.0,real,25232.186443776005,1802.2176906088134,0.0,codesign_planes_shared,0.0,0.0,0.0,0.0,0.0,0.0,0.0,0.0,0.0,0.0,0.0,0,1,,5297,,,0.45,25232.186443776005,1802.2176906088134
reports/planes/cascade/codesign_planes_shared_platt.json,,platt,0.0,0.0,1.0,real,25232.186443776005,1802.2176906088134,0.0,codesign_planes_shared,0.0,0.0,0.0,0.0,0.0,0.0,0.0,0.0,0.0,0.0,0.0,0,1,,5297,,,0.5,25232.186443776005,1802.2176906088134
reports/planes/cascade/codesign_planes_shared_platt.json,,platt,0.0,0.0,1.0,real,25232.186443776005,1802.2176906088134,0.0,codesign_planes_shared,0.0,0.0,0.0,0.0,0.0,0.0,0.0,0.0,0.0,0.0,0.0,0,1,,5297,,,0.55,25232.186443776005,1802.2176906088134
reports/planes/cascade/codesign_planes_shared_platt.json,,platt,0.0,0.0,1.0,real,25232.186443776005,1802.2176906088134,0.0,codesign_planes_shared,0.0,0.0,0.0,0.0,0.0,0.0,0.0,0.0,0.0,0.0,0.0,0,1,,5297,,,0.6000000000000001,25232.186443776005,1802.2176906088134
reports/planes/cascade/codesign_planes_shared_platt.json,,platt,0.0,0.0,1.0,real,25232.186443776005,1802.2176906088134,0.0,codesign_planes_shared,0.0,0.0,0.0,0.0,0.0,0.0,0.0,0.0,0.0,0.0,0.0,0,1,,5297,,,0.65,25232.186443776005,1802.2176906088134
reports/planes/cascade/codesign_planes_shared_platt.json,,platt,0.0,0.0,1.0,real,25232.186443776005,1802.2176906088134,0.0,codesign_planes_shared,0.0,0.0,0.0,0.0,0.0,0.0,0.0,0.0,0.0,0.0,0.0,0,1,,5297,,,0.7000000000000001,25232.186443776005,1802.2176906088134
reports/planes/cascade/codesign_planes_shared_platt.json,,platt,0.0,0.0,1.0,real,25232.186443776005,1802.2176906088134,0.0,codesign_planes_shared,0.0,0.0,0.0,0.0,0.0,0.0,0.0,0.0,0.0,0.0,0.0,0,1,,5297,,,0.75,25232.186443776005,1802.2176906088134
reports/planes/cascade/codesign_planes_shared_platt.json,,platt,0.0,0.0,1.0,real,25232.186443776005,1802.2176906088134,0.0,codesign_planes_shared,0.0,0.0,0.0,0.0,0.0,0.0,0.0,0.0,0.0,0.0,0.0,0,1,,5297,,,0.8,25232.186443776005,1802.2176906088134
reports/planes/cascade/codesign_planes_shared_platt.json,,platt,0.0,0.0,1.0,real,25232.186443776005,1802.2176906088134,0.0,codesign_planes_shared,0.0,0.0,0.0,0.0,0.0,0.0,0.0,0.0,0.0,0.0,0.0,0,1,,5297,,,0.8500000000000001,25232.186443776005,1802.2176906088134
reports/planes/cascade/codesign_planes_shared_platt.json,,platt,0.0,0.0,1.0,real,25232.186443776005,1802.2176906088134,0.0,codesign_planes_shared,0.0,0.0,0.0,0.0,0.0,0.0,0.0,0.0,0.0,0.0,0.0,0,1,,5297,,,0.9,25232.186443776005,1802.2176906088134
reports/planes/cascade/codesign_planes_shared_platt.json,,platt,0.0,0.0,1.0,real,25232.186443776005,1802.2176906088134,0.0,codesign_planes_shared,0.0,0.0,0.0,0.0,0.0,0.0,0.0,0.0,0.0,0.0,0.0,0,1,,5297,,,0.9500000000000001,25232.186443776005,1802.2176906088134
reports/planes/cascade/codesign_planes_shared_platt.json,,platt,0.0,0.0,1.0,real,25232.186443776005,1802.2176906088134,0.0,codesign_planes_shared,0.0,0.0,0.0,0.0,0.0,0.0,0.0,0.0,0.0,0.0,0.0,0,1,,5297,,,1.0,25232.186443776005,1802.2176906088134
reports/planes/cascade/codesign_planes_shared_temperature.json,,temperature,974779.5025592321,108932.92932660552,0.0,real,25232.186443776005,1802.2176906088134,1.0,codesign_planes_shared,0.9151257181537812,0.9042543076046732,0.6147767152440035,0.8824829661262232,0.8495621415969103,0.8022978286195456,0.7266642488263374,0.5877931411437782,0.36292315389451707,0.11358925181370712,0.003074394660561391,5297,1,,5297,,,0.0,1000011.6890030081,110735.14701721433
reports/planes/cascade/codesign_planes_shared_temperature.json,,temperature,974779.5025592321,108932.92932660552,0.0,real,25232.186443776005,1802.2176906088134,1.0,codesign_planes_shared,0.9151257181537812,0.9042543076046732,0.6147767152440035,0.8824829661262232,0.8495621415969103,0.8022978286195456,0.7266642488263374,0.5877931411437782,0.36292315389451707,0.11358925181370712,0.003074394660561391,5297,1,,5297,,,0.05,1000011.6890030081,110735.14701721433
reports/planes/cascade/codesign_planes_shared_temperature.json,,temperature,974779.5025592321,108932.92932660552,0.0,real,25232.186443776005,1802.2176906088134,1.0,codesign_planes_shared,0.9151257181537812,0.9042543076046732,0.6147767152440035,0.8824829661262232,0.8495621415969103,0.8022978286195456,0.7266642488263374,0.5877931411437782,0.36292315389451707,0.11358925181370712,0.003074394660561391,5297,1,,5297,,,0.1,1000011.6890030081,110735.14701721433
reports/planes/cascade/codesign_planes_shared_temperature.json,,temperature,974779.5025592321,108932.92932660552,0.0,real,25232.186443776005,1802.2176906088134,1.0,codesign_planes_shared,0.9151257181537812,0.9042543076046732,0.6147767152440035,0.8824829661262232,0.8495621415969103,0.8022978286195456,0.7266642488263374,0.5877931411437782,0.36292315389451707,0.11358925181370712,0.003074394660561391,5297,1,,5297,,,0.15000000000000002,1000011.6890030081,110735.14701721433
reports/planes/cascade/codesign_planes_shared_temperature.json,,temperature,974779.5025592321,108932.92932660552,0.0,real,25232.186443776005,1802.2176906088134,1.0,codesign_planes_shared,0.9151257181537812,0.9042543076046732,0.6147767152440035,0.8824829661262232,0.8495621415969103,0.8022978286195456,0.7266642488263374,0.5877931411437782,0.36292315389451707,0.11358925181370712,0.003074394660561391,5297,1,,5297,,,0.2,1000011.6890030081,110735.14701721433
reports/planes/cascade/codesign_planes_shared_temperature.json,,temperature,971467.0556938241,108562.75890412508,0.0033981498961676015,real,25232.186443776005,1802.2176906088134,0.998546511627907,codesign_planes_shared,0.9150577388172064,0.9041675051429501,0.614694050785707,0.8823820179319579,0.8494671956648637,0.8021332589208966,0.7265463229567302,0.5876191465920663,0.3628927653914139,0.11360016177842319,0.003074394660561391,5279,1,,5297,,,0.25,996699.2421376001,110364.97659473389
reports/planes/cascade/codesign_planes_shared_temperature.json,,temperature,954352.746889216,106650.21172130946,0.020955257693033746,real,25232.186443776005,1802.2176906088134,0.997093023255814,codesign_planes_shared,0.9150577388172064,0.9041675051429501,0.614694050785707,0.8823820179319579,0.8494671956648637,0.8021332589208966,0.7265463229567302,0.5876191465920663,0.3628927653914139,0.11360016177842319,0.003074394660561391,5186,1,,5297,,,0.30000000000000004,979584.933332992,108452.42941191827
reports/planes/cascade/codesign_planes_shared_temperature.json,,temperature,901353.597042688,100727.4849616224,0.07532565603171604,real,25232.186443776005,1802.2176906088134,0.9854651162790697,codesign_planes_shared,0.8957766610506154,0.8849315241033225,0.6032257117113925,0.8633325152577054,0.8307723181260249,0.7842492350680329,0.7179050762658258,0.5803573385042293,0.3580971006730801,0.1137577046606097,0.0030776434044788564,4898,1,,5297,,,0.35000000000000003,926585.7834864641,102529.70265223121
reports/planes/cascade/codesign_planes_shared_temperature.json,,temperature,750637.264666624,83884.7307387623,0.22994147630734374,real,25232.186443776005,1802.2176906088134,0.8430232558139535,codesign_planes_shared,0.7382463583133455,0.7276546917294768,0.4936538946281936,0.7067111534891751,0.684239638852306,0.6488189600708157,0.5878944493254712,0.4730610139646995,0.280766733741117,0.08475368204401296,0.00439226475151554,4079,1,,5297,,,0.4,775869.4511104,85686.94842937111
reports/planes/cascade/codesign_planes_shared_temperature.json,,temperature,509748.76762112003,56965.11501504574,0.4770624882008684,real,25232.186443776005,1802.2176906088134,0.3546511627906977,codesign_planes_shared,0.26659412270625965,0.26617206855096753,0.17613214760150245,0.255188634980183,0.2531705212957629,0.2314098122669877,0.21327322601728885,0.1641398929660023,0.08850828132177406,0.020884717889996168,0.0019801980198019802,2770,1,,5297,,,0.45,534980.954064896,58767.33270565455
reports/planes/cascade/codesign_planes_shared_temperature.json,,temperature,296279.96962816,33109.68778852839,0.6960543703983386,real,25232.186443776005,1802.2176906088134,0.05232558139534884,codesign_planes_shared,0.019477357571822757,0.019315046258724232,0.012698621473227029,0.01882811231942866,0.01866580100633014,0.01604643222942984,0.009900990099009901,0.009900990099009901,0.009900990099009901,0.0049504950495049506,0.0,1610,1,,5297,,,0.5,321512.156071936,34911.905479137204
reports/planes/cascade/codesign_planes_shared_temperature.json,,temperature,157157.201281024,17562.53004434984,0.8387766660373797,real,25232.186443776005,1802.2176906088134,0.01744186046511628,codesign_planes_shared,0.009900990099009901,0.009900990099009901,0.00612237694357671,0.009450945094509451,0.009450945094509451,0.0081537565521258,0.006988934187536401,0.0040768782760629,0.0033003300330033,0.0,0.0,854,1,,5297,,,0.55,182389.3877248,19364.747734958655
reports/planes/cascade/codesign_planes_shared_temperature.json,,temperature,81522.997854208,9110.305397713091,0.9163677553332075,real,25232.186443776005,1802.2176906088134,0.00872093023255814,codesign_planes_shared,0.009900990099009901,0.009900990099009901,0.0067106710671067105,0.009900990099009901,0.009900990099009901,0.009900990099009901,0.009900990099009901,0.0044004400440044,0.0033003300330033,0.0,0.0,443,1,,5297,,,0.6000000000000001,106755.18429798401,10912.523088321905
reports/planes/cascade/codesign_planes_shared_temperature.json,,temperature,38829.238255616,4339.219952409621,0.9601661317727015,real,25232.186443776005,1802.2176906088134,0.005813953488372093,codesign_planes_shared,0.009900990099009901,0.009900990099009901,0.007920792079207921,0.009900990099009901,0.009900990099009901,0.009900990099009901,0.009900990099009901,0.009900990099009901,0.009900990099009901,0.0,0.0,211,1,,5297,,,0.65,64061.42469939201,6141.437643018435
reports/planes/cascade/codesign_planes_shared_temperature.json,,temperature,13617.837113344001,1521.8117368640378,0.9860298282046441,real,25232.186443776005,1802.2176906088134,0.0014534883720930232,codesign_planes_shared,0.009900990099009901,0.009900990099009901,0.0039603960396039604,0.009900990099009901,0.009900990099009901,0.0,0.0,0.0,0.0,0.0,0.0,74,1,,5297,,,0.7000000000000001,38850.02355712,3324.0294274728512
reports/planes/cascade/codesign_planes_shared_temperature.json,,temperature,2944.397213696,329.04037553817034,0.9969794223145176,real,25232.186443776005,1802.2176906088134,0.0,codesign_planes_shared,0.0,0.0,0.0,0.0,0.0,0.0,0.0,0.0,0.0,0.0,0.0,16,1,,5297,,,0.75,28176.583657472005,2131.2580661469838
reports/planes/cascade/codesign_planes_shared_temperature.json,,temperature,1104.148955136,123.39014082681388,0.9988672833679442,real,25232.186443776005,1802.2176906088134,0.0,codesign_planes_shared,0.0,0.0,0.0,0.0,0.0,0.0,0.0,0.0,0.0,0.0,0.0,6,1,,5297,,,0.8,26336.335398912004,1925.6078314356273
reports/planes/cascade/codesign_planes_shared_temperature.json,,temperature,184.024825856,20.565023471135646,0.9998112138946573,real,25232.186443776005,1802.2176906088134,0.0,codesign_planes_shared,0.0,0.0,0.0,0.0,0.0,0.0,0.0,0.0,0.0,0.0,0.0,1,1,,5297,,,0.8500000000000001,25416.211269632004,1822.782714079949
reports/planes/cascade/codesign_planes_shared_temperature.json,,temperature,0.0,0.0,1.0,real,25232.186443776005,1802.2176906088134,0.0,codesign_planes_shared,0.0,0.0,0.0,0.0,0.0,0.0,0.0,0.0,0.0,0.0,0.0,0,1,,5297,,,0.9,25232.186443776005,1802.2176906088134
reports/planes/cascade/codesign_planes_shared_temperature.json,,temperature,0.0,0.0,1.0,real,25232.186443776005,1802.2176906088134,0.0,codesign_planes_shared,0.0,0.0,0.0,0.0,0.0,0.0,0.0,0.0,0.0,0.0,0.0,0,1,,5297,,,0.9500000000000001,25232.186443776005,1802.2176906088134
reports/planes/cascade/codesign_planes_shared_temperature.json,,temperature,0.0,0.0,1.0,real,25232.186443776005,1802.2176906088134,0.0,codesign_planes_shared,0.0,0.0,0.0,0.0,0.0,0.0,0.0,0.0,0.0,0.0,0.0,0,1,,5297,,,1.0,25232.186443776005,1802.2176906088134
reports/planes/cascade/gate_planes_effb0_context_adaptive.json,,context_adaptive,974779.5025592321,108932.92932660552,0.0,real,5319.691839488,2873.319636841188,1.0,gate_planes_effb0,0.9151257181537812,0.9042543353094928,0.6147770374902469,0.8824830057045369,0.8495621943679953,0.8022978286195456,0.7266678294128557,0.5877926629654754,0.36292315389451707,0.11358925181370712,0.003074394660561391,5297,1,,5297,,,0.0,980099.19439872,111806.2489634467
reports/planes/cascade/gate_planes_effb0_context_adaptive.json,,context_adaptive,974779.5025592321,108932.92932660552,0.0,real,5319.691839488,2873.319636841188,1.0,gate_planes_effb0,0.9151257181537812,0.9042543353094928,0.6147770374902469,0.8824830057045369,0.8495621943679953,0.8022978286195456,0.7266678294128557,0.5877926629654754,0.36292315389451707,0.11358925181370712,0.003074394660561391,5297,1,,5297,,,0.05,980099.19439872,111806.2489634467
reports/planes/cascade/gate_planes_effb0_context_adaptive.json,,context_adaptive,974779.5025592321,108932.92932660552,0.0,real,5319.691839488,2873.319636841188,1.0,gate_planes_effb0,0.9151257181537812,0.9042543353094928,0.6147770374902469,0.8824830057045369,0.8495621943679953,0.8022978286195456,0.7266678294128557,0.5877926629654754,0.36292315389451707,0.11358925181370712,0.003074394660561391,5297,1,,5297,,,0.1,980099.19439872,111806.2489634467
reports/planes/cascade/gate_planes_effb0_context_adaptive.json,,context_adaptive,974779.5025592321,108932.92932660552,0.0,real,5319.691839488,2873.319636841188,1.0,gate_planes_effb0,0.9151257181537812,0.9042543353094928,0.6147770374902469,0.8824830057045369,0.8495621943679953,0.8022978286195456,0.7266678294128557,0.5877926629654754,0.36292315389451707,0.11358925181370712,0.003074394660561391,5297,1,,5297,,,0.15000000000000002,980099.19439872,111806.2489634467
reports/planes/cascade/gate_planes_effb0_context_adaptive.json,,context_adaptive,974779.5025592321,108932.92932660552,0.0,real,5319.691839488,2873.319636841188,1.0,gate_planes_effb0,0.9151257181537812,0.9042543353094928,0.6147770374902469,0.8824830057045369,0.8495621943679953,0.8022978286195456,0.7266678294128557,0.5877926629654754,0.36292315389451707,0.11358925181370712,0.003074394660561391,5297,1,,5297,,,0.2,980099.19439872,111806.2489634467
reports/planes/cascade/gate_planes_effb0_context_adaptive.json,,context_adaptive,685676.501139456,76625.27745345142,0.29658297149329804,real,5319.691839488,2873.319636841188,0.9941860465116279,gate_planes_effb0,0.9150617284234756,0.9041752678145847,0.6147328114473841,0.8823974668971291,0.8494713051884195,0.8021583015180209,0.7266438236487873,0.5877905965367033,0.36296130577723335,0.11359392400892541,0.003074394660561391,3726,1,,5297,,,0.25,690996.192978944,79498.5970902926
reports/planes/cascade/gate_planes_effb0_context_adaptive.json,,context_adaptive,594952.261992448,66486.72088218154,0.389654521427223,real,5319.691839488,2873.319636841188,0.9869186046511628,gate_planes_effb0,0.895805101008438,0.8849678094622376,0.6064598182513748,0.8634825049028508,0.8311155603467174,0.793588570037898,0.7211395187599428,0.5913182983841679,0.3659339761670332,0.11417082721742088,0.0030760162270417834,3233,1,,5297,,,0.30000000000000004,600271.953831936,69360.04051902273
reports/planes/cascade/gate_planes_effb0_context_adaptive.json,,context_adaptive,556859.123040256,62229.761023656465,0.4287332452331508,real,5319.691839488,2873.319636841188,0.9752906976744186,gate_planes_effb0,0.8952600027941874,0.8843149562331496,0.6039921666073903,0.8540694970153733,0.8303059882506907,0.7856754847512744,0.721357709974948,0.5852838590253798,0.3662960157795377,0.11428213602232071,0.0030760162270417834,3026,1,,5297,,,0.35000000000000003,562178.814879744,65103.08066049765
reports/planes/cascade/gate_planes_effb0_context_adaptive.json,,context_adaptive,534776.143937536,59761.95820712019,0.4513875778742684,real,5319.691839488,2873.319636841188,0.9709302325581395,gate_planes_effb0,0.8951634906880863,0.875425206601476,0.603036057028657,0.8540265781951577,0.8301995447425374,0.7855868679588234,0.7212582072062813,0.5851740529704308,0.36614665847337385,0.11430394722336136,0.0030760162270417834,2906,1,,5297,,,0.4,540095.835777024,62635.277843961376
reports/planes/cascade/gate_planes_effb0_context_adaptive.json,,context_adaptive,447180.32683008,49973.00703485962,0.5412497640173684,real,5319.691839488,2873.319636841188,0.9665697674418605,gate_planes_effb0,0.8860757560924404,0.8752686159006032,0.6011786486528876,0.8538248117246964,0.82155495612027,0.7853352943567659,0.7210534497669845,0.5850731726906672,0.3662021847720277,0.11432222887737906,0.0030760162270417834,2430,1,,5297,,,0.45,452500.018669568,52846.32667170081
reports/planes/cascade/gate_planes_effb0_context_adaptive.json,,context_adaptive,298304.242712576,33335.90304671088,0.6939777232395696,real,5319.691839488,2873.319636841188,0.9520348837209303,gate_planes_effb0,0.8762597302633144,0.8654253915185721,0.5939835894391143,0.8439790299052623,0.8117067797671323,0.7755904506200881,0.7118699701683333,0.5767538338826469,0.3607093512716983,0.11446534076705296,0.0030760162270417834,1621,1,,5297,,,0.5,303623.934552064,36209.22268355207
reports/planes/cascade/gate_planes_effb0_context_adaptive.json,,context_adaptive,232607.379881984,25994.189667515457,0.7613743628468945,real,5319.691839488,2873.319636841188,0.9200581395348837,gate_planes_effb0,0.8661487003370844,0.8554390841485136,0.5856000915745535,0.8339226675552145,0.8018151483446582,0.7576928959154755,0.6949559513651751,0.5682956839472173,0.36011357658496,0.11454119132019429,0.0030760162270417834,1264,1,,5297,,,0.55,237927.071721472,28867.509304356645
reports/planes/cascade/gate_planes_effb0_context_adaptive.json,,context_adaptive,194882.290581504,21778.35985593265,0.8000755144421371,real,5319.691839488,2873.319636841188,0.9098837209302325,gate_planes_effb0,0.8567104331640616,0.846064109382896,0.5818607427549287,0.8247292796964869,0.7925798455920979,0.7571412574217324,0.6949150773886807,0.5686324626389488,0.36017065596604153,0.114588290071299,0.0030760162270417834,1059,1,,5297,,,0.6000000000000001,200201.982420992,24651.679492773837
reports/planes/cascade/gate_planes_effb0_context_adaptive.json,,context_adaptive,168750.765309952,18858.126523031387,0.8268831414007929,real,5319.691839488,2873.319636841188,0.9026162790697675,gate_planes_effb0,0.8567776501515051,0.846152834672452,0.5819384621152109,0.8248188453175593,0.7927168593222799,0.7572729226354281,0.6950359602583508,0.5687185556993632,0.3602207349803043,0.11459424188782445,0.0030760162270417834,917,1,,5297,,,0.65,174070.45714944,21731.446159872576
reports/planes/cascade/gate_planes_effb0_context_adaptive.json,,context_adaptive,153108.655112192,17110.099527984858,0.8429299603549179,real,5319.691839488,2873.319636841188,0.8895348837209303,gate_planes_effb0,0.8373400906702012,0.8267774074223753,0.571512671046055,0.8054986913476584,0.7823021690120886,0.7393388008074628,0.6870033648637897,0.562565842305996,0.3562325301625499,0.11499179764138566,0.0030760162270417834,832,1,,5297,,,0.7000000000000001,158428.34695168,19983.419164826046
reports/planes/cascade/gate_planes_effb0_context_adaptive.json,,context_adaptive,138202.644217856,15444.33262682287,0.8582216348876723,real,5319.691839488,2873.319636841188,0.876453488372093,gate_planes_effb0,0.8372081571327237,0.8266372002288643,0.570510909868277,0.805336507614131,0.773637744826987,0.7391874189139307,0.6867051059100302,0.562277528759738,0.3560432508523942,0.11500016821692834,0.0030760162270417834,751,1,,5297,,,0.75,143522.336057344,18317.65226366406
reports/planes/cascade/gate_planes_effb0_context_adaptive.json,,context_adaptive,131393.725661184,14683.426758390851,0.8652067207853502,real,5319.691839488,2873.319636841188,0.8677325581395349,gate_planes_effb0,0.8278184866996108,0.8172512151370804,0.566634640289898,0.7960800190431362,0.7732013721123522,0.7386718920956767,0.6782058807470958,0.5616734764260396,0.3555545981607082,0.11481344625023732,0.0030760162270417834,714,1,,5297,,,0.8,136713.417500672,17556.74639523204
reports/planes/cascade/gate_planes_effb0_context_adaptive.json,,context_adaptive,124584.807104512,13922.520889958832,0.8721918066830281,real,5319.691839488,2873.319636841188,0.8561046511627907,gate_planes_effb0,0.8275199083443914,0.8169293075867826,0.5664421340408097,0.7958580509584243,0.7727673711789098,0.7382537089564952,0.6779737479055192,0.5615038435153535,0.35567224200168945,0.11486714373348855,0.0030760162270417834,677,1,,5297,,,0.8500000000000001,129904.498944,16795.84052680002
reports/planes/cascade/gate_planes_effb0_context_adaptive.json,,context_adaptive,118327.96302540801,13223.31009194022,0.8786105342646782,real,5319.691839488,2873.319636841188,0.8415697674418605,gate_planes_effb0,0.8273166993501085,0.8167028272782619,0.5646609538310635,0.7955963369582689,0.7641842730989351,0.7298927575035355,0.6779952102849887,0.56139729284793,0.3556341412579077,0.11481398350365728,0.0030760162270417834,643,1,,5297,,,0.9,123647.65486489602,16096.629728781409
reports/planes/cascade/gate_planes_effb0_context_adaptive.json,,context_adaptive,113543.31755315201,12688.619481690694,0.883518973003587,real,5319.691839488,2873.319636841188,0.8241279069767442,gate_planes_effb0,0.817296754910807,0.8066923063398206,0.5578551464636478,0.7856639257163366,0.7543630789430058,0.7202644777255731,0.6687406645207095,0.5532250037445072,0.3545943172827042,0.11463491922597178,0.0030760162270417834,617,1,,5297,,,0.9500000000000001,118863.00939264001,15561.939118531882
reports/planes/cascade/gate_planes_effb0_context_adaptive.json,,context_adaptive,107470.49829990401,12009.973707143217,0.8897489144798942,real,5319.691839488,2873.319636841188,0.8052325581395349,gate_planes_effb0,0.8079298337028316,0.7975288787617703,0.554466746354245,0.7765899423312633,0.7539877293171553,0.7199652780776061,0.6683964656586735,0.5528608190452539,0.3496601496835177,0.11467235073733667,0.0030760162270417834,584,1,,5297,,,1.0,112790.19013939201,14883.293343984406
reports/planes/cascade/gate_planes_effb0_identity.json,,identity,974779.5025592321,108932.92932660552,0.0,real,5319.691839488,2873.319636841188,1.0,gate_planes_effb0,0.9151257181537812,0.9042543353094928,0.6147770374902469,0.8824830057045369,0.8495621943679953,0.8022978286195456,0.7266678294128557,0.5877926629654754,0.36292315389451707,0.11358925181370712,0.003074394660561391,5297,1,,5297,,,0.0,980099.19439872,111806.2489634467
reports/planes/cascade/gate_planes_effb0_identity.json,,identity,435954.812452864,48718.540603120346,0.5527657164432698,real,5319.691839488,2873.319636841188,0.9912790697674418,gate_planes_effb0,0.9152361597795405,0.9043357187804618,0.6148109789331124,0.8825400764943925,0.849586263976437,0.8022453424305624,0.7267016116480821,0.5878254892309576,0.3629708083212039,0.11359392400892541,0.003074394660561391,2369,1,,5297,,,0.05,441274.504292352,51591.860239961534
reports/planes/cascade/gate_planes_effb0_identity.json,,identity,313578.303258624,35042.79999481514,0.6783084764961299,real,5319.691839488,2873.319636841188,0.9680232558139535,gate_planes_effb0,0.8958164514893315,0.8850170523657319,0.6049940506942046,0.863478137920924,0.8311174420374277,0.7855086334470002,0.7210548731256496,0.5848060315376916,0.3658927130910681,0.11417315570017873,0.0030760162270417834,1704,1,,5297,,,0.1,318897.995098112,37916.11963165633
reports/planes/cascade/gate_planes_effb0_identity.json,,identity,254690.358984704,28461.992484051734,0.7387200302057768,real,5319.691839488,2873.319636841188,0.9534883720930233,gate_planes_effb0,0.8861310866783134,0.8753792359967851,0.6004913094844673,0.8539695582368015,0.8217626763418434,0.7854157288692675,0.7135156637360008,0.5851079729457457,0.3662706681115506,0.11428448770132234,0.0030760162270417834,1384,1,,5297,,,0.15000000000000002,260010.050824192,31335.312120892922
reports/planes/cascade/gate_planes_effb0_identity.json,,identity,211628.5497344,23649.776991805993,0.7828959788559562,real,5319.691839488,2873.319636841188,0.9476744186046512,gate_planes_effb0,0.8861122018094288,0.8753967580226678,0.5996839138710901,0.8539420641225021,0.8217807263890365,0.7773166111428581,0.7135842936943075,0.5851018425302844,0.36621649106575177,0.1143121337070222,0.0030760162270417834,1150,1,,5297,,,0.2,216948.241573888,26523.09662864718
reports/planes/cascade/gate_planes_effb0_identity.json,,identity,188809.471328256,21099.714081385173,0.8063054559184444,real,5319.691839488,2873.319636841188,0.938953488372093,gate_planes_effb0,0.8765824052775258,0.8659626834034027,0.5958771068632104,0.8447216026746577,0.8125660885716243,0.7767965994161938,0.7133738639592181,0.5849703358809729,0.36630709024658115,0.11441438297488572,0.0030760162270417834,1026,1,,5297,,,0.25,194129.163167744,23973.03371822636
reports/planes/cascade/gate_planes_effb0_identity.json,,identity,168198.69083238402,18796.43145261798,0.8274494997168208,real,5319.691839488,2873.319636841188,0.9200581395348837,gate_planes_effb0,0.856848159475172,0.8462420357508563,0.5828183555603923,0.8249905115645053,0.8014169897452341,0.7575610721244028,0.6947975550799215,0.5684110169574186,0.3602813933456789,0.11455880533369125,0.0030760162270417834,914,1,,5297,,,0.30000000000000004,173518.382671872,21669.75108945917
reports/planes/cascade/gate_planes_effb0_identity.json,,identity,156053.052325888,17439.139903523028,0.8399093826694355,real,5319.691839488,2873.319636841188,0.9084302325581395,gate_planes_effb0,0.8568720846913014,0.8462290019300905,0.5819686434174407,0.8249494774789684,0.7928913865975336,0.7574753891111604,0.6948554821086178,0.5684682895943372,0.3602949374270941,0.11457436900826186,0.0030760162270417834,848,1,,5297,,,0.35000000000000003,161372.744165376,20312.459540364216
reports/planes/cascade/gate_planes_effb0_identity.json,,identity,144091.438645248,16102.41337789921,0.8521804795167076,real,5319.691839488,2873.319636841188,0.8938953488372093,gate_planes_effb0,0.8472786334784704,0.8366936712563247,0.5781485567793285,0.8155239669956784,0.7922234464548524,0.7485637571495761,0.6946277974183449,0.5685650909810911,0.360321014727779,0.11461217310412618,0.0030760162270417834,783,1,,5297,,,0.4,149411.130484736,18975.7330147404
reports/planes/cascade/gate_planes_effb0_identity.json,,identity,135442.271830016,15135.857274755836,0.861053426467812,real,5319.691839488,2873.319636841188,0.8851744186046512,gate_planes_effb0,0.8373478345910135,0.826774623986311,0.5723592206863468,0.805609366276244,0.7826932390451148,0.7477069922228325,0.6869473298510215,0.5623197859753889,0.35613506470091333,0.11498195398758596,0.0030760162270417834,736,1,,5297,,,0.45,140761.96366950398,18009.176911597024
reports/planes/cascade/gate_planes_effb0_identity.json,,identity,127897.25396992,14292.691312439274,0.8687936567868605,real,5319.691839488,2873.319636841188,0.872093023255814,gate_planes_effb0,0.8278849550530505,0.8262768097861704,0.5696253050015423,0.8051489453109888,0.7737470115768098,0.7393876267012918,0.6869122421438209,0.5625410288506114,0.3562751621535489,0.11500325221208955,0.0030760162270417834,695,1,,5297,,,0.5,133216.945809408,17166.010949280462
reports/planes/cascade/gate_planes_effb0_identity.json,,identity,121272.360239104,13552.35046747839,0.8755899565791958,real,5319.691839488,2873.319636841188,0.8546511627906976,gate_planes_effb0,0.8277563683174378,0.8172517077123438,0.566933620261183,0.7962461353199036,0.7736209578298847,0.739223268439591,0.6788189962365088,0.5622786234098904,0.35606086143855037,0.1150032676806773,0.0030760162270417834,659,1,,5297,,,0.55,126592.05207859201,16425.67010431958
reports/planes/cascade/gate_planes_effb0_identity.json,,identity,117959.913373696,13182.18004499795,0.8789881064753634,real,5319.691839488,2873.319636841188,0.8473837209302325,gate_planes_effb0,0.8274323805121975,0.8168930304900557,0.5665017268216662,0.7958285845464504,0.7729694467983307,0.7385929305759366,0.6782037929017971,0.5615923349503475,0.3556050871898701,0.11482366402463465,0.0030760162270417834,641,1,,5297,,,0.6000000000000001,123279.60521318401,16055.499681839137
reports/planes/cascade/gate_planes_effb0_identity.json,,identity,111887.094120448,12503.534270450473,0.8852180479516708,real,5319.691839488,2873.319636841188,0.8270348837209303,gate_planes_effb0,0.8177408297242968,0.8072070505462948,0.5601036022834273,0.7863167380758493,0.7636048007018491,0.7293295023549582,0.6693265970155967,0.5541804542181368,0.35543848153828056,0.11481555243196903,0.0030760162270417834,608,1,,5297,,,0.65,117206.78595993601,15376.853907291661
reports/planes/cascade/gate_planes_effb0_identity.json,,identity,108942.69690675201,12174.493894912302,0.8882386256371531,real,5319.691839488,2873.319636841188,0.8081395348837209,gate_planes_effb0,0.8082784239259759,0.7977712702162969,0.556071023953601,0.7856268506643926,0.7544233217421653,0.7202720900968643,0.6687192890168225,0.5535361841175742,0.3544707999476434,0.1145359935812329,0.0030760162270417834,592,1,,5297,,,0.7000000000000001,114262.38874624002,15047.81353175349
reports/planes/cascade/gate_planes_effb0_identity.json,,identity,105446.225215488,11783.758448960725,0.8918255616386634,real,5319.691839488,2873.319636841188,0.7950581395348837,gate_planes_effb0,0.798421360250177,0.7968466779242867,0.5508777434778482,0.776097096513004,0.7448402004649385,0.7192692355146029,0.6600098289743687,0.5458227015587165,0.3496850152700656,0.11470930208128137,0.0030760162270417834,573,1,,5297,,,0.75,110765.917054976,14657.078085801913
reports/planes/cascade/gate_planes_effb0_identity.json,,identity,101581.70387251201,11351.892956066877,0.895790069850859,real,5319.691839488,2873.319636841188,0.7805232558139535,gate_planes_effb0,0.7982507785607563,0.7878420012270826,0.5490707004192596,0.7758606407852243,0.7446761685080846,0.7109265957464421,0.6598921467070548,0.545772611339945,0.34965904100501394,0.11475100408595107,0.0030760162270417834,552,1,,5297,,,0.8,106901.39571200001,14225.212592908065
reports/planes/cascade/gate_planes_effb0_identity.json,,identity,98269.25700710401,10981.722533586435,0.8991882197470267,real,5319.691839488,2873.319636841188,0.7630813953488372,gate_planes_effb0,0.7787516991045224,0.7772918659644383,0.5402469102811001,0.7566582380847068,0.734027172477264,0.7007693972874464,0.6502790810692506,0.5372922756341282,0.34942638931315073,0.11489534047161422,0.0030776434044788564,534,1,,5297,,,0.8500000000000001,103588.94884659201,13855.042170427623
reports/planes/cascade/gate_planes_effb0_identity.json,,identity,93116.561883136,10405.901876394637,0.9044742306966207,real,5319.691839488,2873.319636841188,0.7281976744186046,gate_planes_effb0,0.7385617895896442,0.7283838516858067,0.5089876981141754,0.7078436367623124,0.6855308945205778,0.6608390270202688,0.6119548614473489,0.5093298504524276,0.3344080211040586,0.10994990386919692,0.003075144690112555,506,1,,5297,,,0.9,98436.25372262401,13279.221513235825
reports/planes/cascade/gate_planes_effb0_identity.json,,identity,87411.7922816,9768.386148789432,0.9103265999622427,real,5319.691839488,2873.319636841188,0.684593023255814,gate_planes_effb0,0.7092281095749591,0.6990670518619078,0.4901018387298414,0.6875711952443253,0.6653328412318307,0.6327254840575793,0.5847800839085886,0.49162425167647256,0.3213902747082231,0.10637501293344968,0.002924082101078406,475,1,,5297,,,0.9500000000000001,92731.48412108801,12641.70578563062
reports/planes/cascade/gate_planes_effb0_identity.json,,identity,1840.24825856,205.65023471135646,0.9981121389465736,real,5319.691839488,2873.319636841188,0.014534883720930232,gate_planes_effb0,0.019801980198019802,0.019801980198019802,0.01341110448862457,0.019654204226392788,0.019492574257425743,0.019298540023493876,0.01896291324047659,0.009900990099009901,0.005657708628005657,0.0015401540154015402,0.0,10,1,,5297,,,1.0,7159.940098048,3078.9698715525446
reports/planes/cascade/gate_planes_effb0_isotonic.json,,isotonic,974779.5025592321,108932.92932660552,0.0,real,5319.691839488,2873.319636841188,1.0,gate_planes_effb0,0.9151257181537812,0.9042543353094928,0.6147770374902469,0.8824830057045369,0.8495621943679953,0.8022978286195456,0.7266678294128557,0.5877926629654754,0.36292315389451707,0.11358925181370712,0.003074394660561391,5297,1,,5297,,,0.0,980099.19439872,111806.2489634467
reports/planes/cascade/gate_planes_effb0_isotonic.json,,isotonic,195618.389884928,21860.61994981719,0.7993203700207665,real,5319.691839488,2873.319636841188,0.9447674418604651,gate_planes_effb0,0.8768881569749866,0.8662287123110396,0.5968612891722087,0.8449672992489824,0.8215201572317279,0.7770654525882877,0.713492095135777,0.5849147721963128,0.3661297944818873,0.11433043532604431,0.0030760162270417834,1063,1,,5297,,,0.05,200938.081724416,24733.93958665838
reports/planes/cascade/gate_planes_effb0_isotonic.json,,isotonic,175191.63421491202,19577.902344521135,0.8202756277138002,real,5319.691839488,2873.319636841188,0.9316860465116279,gate_planes_effb0,0.8667748839239191,0.8561347179374719,0.5895132866571132,0.8348721935728026,0.8112324249960625,0.7671581152149647,0.703988630284989,0.5766582859319023,0.3607565915815171,0.11448100690046142,0.0030760162270417834,952,1,,5297,,,0.1,180511.3260544,22451.221981362323
reports/planes/cascade/gate_planes_effb0_isotonic.json,,isotonic,138754.718695424,15506.027697236277,0.8576552765716443,real,5319.691839488,2873.319636841188,0.8924418604651163,gate_planes_effb0,0.8472786334784704,0.8366936712563247,0.5781485567793285,0.8155239669956784,0.7922234464548524,0.7485637571495761,0.6946277974183449,0.5685650909810911,0.360321014727779,0.11461217310412618,0.0030760162270417834,754,1,,5297,,,0.15000000000000002,144074.410534912,18379.347334077465
reports/planes/cascade/gate_planes_effb0_isotonic.json,,isotonic,138754.718695424,15506.027697236277,0.8576552765716443,real,5319.691839488,2873.319636841188,0.8924418604651163,gate_planes_effb0,0.8472786334784704,0.8366936712563247,0.5781485567793285,0.8155239669956784,0.7922234464548524,0.7485637571495761,0.6946277974183449,0.5685650909810911,0.360321014727779,0.11461217310412618,0.0030760162270417834,754,1,,5297,,,0.2,144074.410534912,18379.347334077465
reports/planes/cascade/gate_planes_effb0_isotonic.json,,isotonic,129001.402925056,14416.081453266088,0.8676609401548045,real,5319.691839488,2873.319636841188,0.875,gate_planes_effb0,0.8369356123787924,0.8263503760077802,0.5705512026034606,0.8051955118429215,0.7737891777562619,0.7393842766087576,0.6869567536121227,0.562582348005376,0.35624313759820264,0.11499881599734868,0.0030760162270417834,701,1,,5297,,,0.25,134321.094764544,17289.401090107276
reports/planes/cascade/gate_planes_effb0_isotonic.json,,isotonic,127713.22914406401,14272.126288968138,0.8689824428922032,real,5319.691839488,2873.319636841188,0.872093023255814,gate_planes_effb0,0.8278849550530505,0.8262768097861704,0.5696253050015423,0.8051489453109888,0.7737470115768098,0.7393876267012918,0.6869122421438209,0.5625410288506114,0.3562751621535489,0.11500325221208955,0.0030760162270417834,694,1,,5297,,,0.30000000000000004,133032.920983552,17145.445925809327
reports/planes/cascade/gate_planes_effb0_isotonic.json,,isotonic,117959.913373696,13182.18004499795,0.8789881064753634,real,5319.691839488,2873.319636841188,0.8473837209302325,gate_planes_effb0,0.8274323805121975,0.8168930304900557,0.5665017268216662,0.7958285845464504,0.7729694467983307,0.7385929305759366,0.6782037929017971,0.5615923349503475,0.3556050871898701,0.11482366402463465,0.0030760162270417834,641,1,,5297,,,0.35000000000000003,123279.60521318401,16055.499681839137
reports/planes/cascade/gate_planes_effb0_isotonic.json,,isotonic,117959.913373696,13182.18004499795,0.8789881064753634,real,5319.691839488,2873.319636841188,0.8473837209302325,gate_planes_effb0,0.8274323805121975,0.8168930304900557,0.5665017268216662,0.7958285845464504,0.7729694467983307,0.7385929305759366,0.6782037929017971,0.5615923349503475,0.3556050871898701,0.11482366402463465,0.0030760162270417834,641,1,,5297,,,0.4,123279.60521318401,16055.499681839137
reports/planes/cascade/gate_planes_effb0_isotonic.json,,isotonic,112071.118946304,12524.099293921608,0.8850292618463281,real,5319.691839488,2873.319636841188,0.8284883720930233,gate_planes_effb0,0.8177533286017271,0.8072185438814414,0.5601377799498567,0.7863283942180253,0.763627480977764,0.729387217832103,0.6693605024081417,0.5542239226156486,0.35551914743731333,0.11488324529936021,0.0030760162270417834,609,1,,5297,,,0.45,117390.81078579201,15397.418930762797
reports/planes/cascade/gate_planes_effb0_isotonic.json,,isotonic,112071.118946304,12524.099293921608,0.8850292618463281,real,5319.691839488,2873.319636841188,0.8284883720930233,gate_planes_effb0,0.8177533286017271,0.8072185438814414,0.5601377799498567,0.7863283942180253,0.763627480977764,0.729387217832103,0.6693605024081417,0.5542239226156486,0.35551914743731333,0.11488324529936021,0.0030760162270417834,609,1,,5297,,,0.5,117390.81078579201,15397.418930762797
reports/planes/cascade/gate_planes_effb0_isotonic.json,,isotonic,112071.118946304,12524.099293921608,0.8850292618463281,real,5319.691839488,2873.319636841188,0.8284883720930233,gate_planes_effb0,0.8177533286017271,0.8072185438814414,0.5601377799498567,0.7863283942180253,0.763627480977764,0.729387217832103,0.6693605024081417,0.5542239226156486,0.35551914743731333,0.11488324529936021,0.0030760162270417834,609,1,,5297,,,0.55,117390.81078579201,15397.418930762797
reports/planes/cascade/gate_planes_effb0_isotonic.json,,isotonic,102133.77835008,11413.588026480284,0.895223711534831,real,5319.691839488,2873.319636841188,0.7848837209302325,gate_planes_effb0,0.79827760635461,0.7878586182390602,0.5491161705355101,0.7759392037508756,0.744717665634965,0.7109758435002872,0.6599687623514469,0.5458676114015235,0.3497573781113538,0.11472299978393807,0.0030760162270417834,555,1,,5297,,,0.6000000000000001,107453.470189568,14286.907663321472
reports/planes/cascade/gate_planes_effb0_isotonic.json,,isotonic,99557.430788096,11125.677697884385,0.8978667170096281,real,5319.691839488,2873.319636841188,0.7718023255813954,gate_planes_effb0,0.788425454436221,0.7779891021748527,0.5440295378118932,0.7661243643116475,0.7349963504716402,0.7096957519919842,0.6509350246247395,0.544737703840706,0.34945565143215146,0.11485995860794732,0.0030760162270417834,541,1,,5297,,,0.65,104877.122627584,13998.997334725573
reports/planes/cascade/gate_planes_effb0_isotonic.json,,isotonic,99557.430788096,11125.677697884385,0.8978667170096281,real,5319.691839488,2873.319636841188,0.7718023255813954,gate_planes_effb0,0.788425454436221,0.7779891021748527,0.5440295378118932,0.7661243643116475,0.7349963504716402,0.7096957519919842,0.6509350246247395,0.544737703840706,0.34945565143215146,0.11485995860794732,0.0030760162270417834,541,1,,5297,,,0.7000000000000001,104877.122627584,13998.997334725573
reports/planes/cascade/gate_planes_effb0_isotonic.json,,isotonic,99557.430788096,11125.677697884385,0.8978667170096281,real,5319.691839488,2873.319636841188,0.7718023255813954,gate_planes_effb0,0.788425454436221,0.7779891021748527,0.5440295378118932,0.7661243643116475,0.7349963504716402,0.7096957519919842,0.6509350246247395,0.544737703840706,0.34945565143215146,0.11485995860794732,0.0030760162270417834,541,1,,5297,,,0.75,104877.122627584,13998.997334725573
reports/planes/cascade/gate_planes_effb0_isotonic.json,,isotonic,99557.430788096,11125.677697884385,0.8978667170096281,real,5319.691839488,2873.319636841188,0.7718023255813954,gate_planes_effb0,0.788425454436221,0.7779891021748527,0.5440295378118932,0.7661243643116475,0.7349963504716402,0.7096957519919842,0.6509350246247395,0.544737703840706,0.34945565143215146,0.11485995860794732,0.0030760162270417834,541,1,,5297,,,0.8,104877.122627584,13998.997334725573
reports/planes/cascade/gate_planes_effb0_isotonic.json,,isotonic,94036.686012416,10508.726993750315,0.9035303001699075,real,5319.691839488,2873.319636841188,0.7354651162790697,gate_planes_effb0,0.7392483223458146,0.7380240462783659,0.5124275535694713,0.7174056832056199,0.6950708427489437,0.6620118254776806,0.6129444487497415,0.5099870516454146,0.3355787379639242,0.11092201838393202,0.003082558895275717,511,1,,5297,,,0.8500000000000001,99356.377851904,13382.046630591503
reports/planes/cascade/gate_planes_effb0_isotonic.json,,isotonic,94036.686012416,10508.726993750315,0.9035303001699075,real,5319.691839488,2873.319636841188,0.7354651162790697,gate_planes_effb0,0.7392483223458146,0.7380240462783659,0.5124275535694713,0.7174056832056199,0.6950708427489437,0.6620118254776806,0.6129444487497415,0.5099870516454146,0.3355787379639242,0.11092201838393202,0.003082558895275717,511,1,,5297,,,0.9,99356.377851904,13382.046630591503
reports/planes/cascade/gate_planes_effb0_isotonic.json,,isotonic,91092.28879872001,10179.686618212145,0.9065508778553899,real,5319.691839488,2873.319636841188,0.7136627906976745,gate_planes_effb0,0.7289665175275863,0.7187660034430305,0.5026045495239305,0.706916222357114,0.6760364646732767,0.6518102216520348,0.6031707834364501,0.5013568324905248,0.32885274056814806,0.10709456440102844,0.003075144690112555,495,1,,5297,,,0.9500000000000001,96411.98063820801,13053.006255053333
reports/planes/cascade/gate_planes_effb0_isotonic.json,,isotonic,48582.554025984005,5429.166196379811,0.9501604681895413,real,5319.691839488,2873.319636841188,0.38372093023255816,gate_planes_effb0,0.4040172466184394,0.3943727612770074,0.2806024175442892,0.38395287717057835,0.3728353253037579,0.3604895557018888,0.33516253337974533,0.276266659491868,0.19764216423872621,0.07890026186149907,0.0023847903993813326,264,1,,5297,,,1.0,53902.245865472,8302.485833220999
reports/planes/cascade/gate_planes_effb0_platt.json,,platt,974779.5025592321,108932.92932660552,0.0,real,5319.691839488,2873.319636841188,1.0,gate_planes_effb0,0.9151257181537812,0.9042543353094928,0.6147770374902469,0.8824830057045369,0.8495621943679953,0.8022978286195456,0.7266678294128557,0.5877926629654754,0.36292315389451707,0.11358925181370712,0.003074394660561391,5297,1,,5297,,,0.0,980099.19439872,111806.2489634467
reports/planes/cascade/gate_planes_effb0_platt.json,,platt,232055.305404416,25932.49459710205,0.7619407211629224,real,5319.691839488,2873.319636841188,0.9505813953488372,gate_planes_effb0,0.8861118834884267,0.8753634193360782,0.6004403193588687,0.8539008764379706,0.8216747539898552,0.7853082009812897,0.7134625166395671,0.5850322778740064,0.3661669471060101,0.11430630150844018,0.0030760162270417834,1261,1,,5297,,,0.05,237374.99724390398,28805.814233943238
reports/planes/cascade/gate_planes_effb0_platt.json,,platt,174455.534911488,19495.642250636593,0.8210307721351708,real,5319.691839488,2873.319636841188,0.9287790697674418,gate_planes_effb0,0.8666844914864216,0.856062129657975,0.5894794089216308,0.8348234126885747,0.8111315334556293,0.7670810684408673,0.7039916657825239,0.5766653907413886,0.36079330270967475,0.11448507802620987,0.0030760162270417834,948,1,,5297,,,0.1,179775.226750976,22368.96188747778
reports/planes/cascade/gate_planes_effb0_platt.json,,platt,152372.555808768,17027.839434100315,0.8436851047762884,real,5319.691839488,2873.319636841188,0.9026162790697675,gate_planes_effb0,0.8568410405813005,0.8462086873521892,0.5819879071989009,0.8249329351246871,0.7928854493880494,0.7574287028219119,0.6949982412532697,0.5685752251444334,0.3603486028596744,0.11458417123645057,0.0030760162270417834,828,1,,5297,,,0.15000000000000002,157692.247648256,19901.159070941503
reports/planes/cascade/gate_planes_effb0_platt.json,,platt,138202.644217856,15444.33262682287,0.8582216348876723,real,5319.691839488,2873.319636841188,0.8880813953488372,gate_planes_effb0,0.8373417817097671,0.8267685757558814,0.5723567050031888,0.8056054080459151,0.7826894762532011,0.747703392214393,0.6869455951617994,0.5623197859753889,0.35613506470091333,0.11498195398758596,0.0030760162270417834,751,1,,5297,,,0.2,143522.336057344,18317.65226366406
reports/planes/cascade/gate_planes_effb0_platt.json,,platt,128817.37809920001,14395.516429794952,0.8678497262601472,real,5319.691839488,2873.319636841188,0.873546511627907,gate_planes_effb0,0.8368989014388463,0.8262916379338382,0.570541516000331,0.8051692234224326,0.7737681683762863,0.7394041907236848,0.6869734352349794,0.5625901249619336,0.3562446456869179,0.11499881599734868,0.0030760162270417834,700,1,,5297,,,0.25,134137.06993868802,17268.83606663614
reports/planes/cascade/gate_planes_effb0_platt.json,,platt,121456.38506496,13572.915490949526,0.8754011704738531,real,5319.691839488,2873.319636841188,0.8561046511627907,gate_planes_effb0,0.8277563683174378,0.8172517077123438,0.566933620261183,0.7962461353199036,0.7736209578298847,0.739223268439591,0.6788189962365088,0.5622786234098904,0.35606086143855037,0.1150032676806773,0.0030760162270417834,660,1,,5297,,,0.30000000000000004,126776.07690444801,16446.235127790715
reports/planes/cascade/gate_planes_effb0_platt.json,,platt,117959.913373696,13182.18004499795,0.8789881064753634,real,5319.691839488,2873.319636841188,0.8473837209302325,gate_planes_effb0,0.8274323805121975,0.8168930304900557,0.5665017268216662,0.7958285845464504,0.7729694467983307,0.7385929305759366,0.6782037929017971,0.5615923349503475,0.3556050871898701,0.11482366402463465,0.0030760162270417834,641,1,,5297,,,0.35000000000000003,123279.60521318401,16055.499681839137
reports/planes/cascade/gate_planes_effb0_platt.json,,platt,113175.26790144,12647.489434748422,0.8838965452142722,real,5319.691839488,2873.319636841188,0.8284883720930233,gate_planes_effb0,0.8177533286017271,0.8072185438814414,0.5601377799498567,0.7863283942180253,0.763627480977764,0.729387217832103,0.6693605024081417,0.5542239226156486,0.35551914743731333,0.11488324529936021,0.0030760162270417834,615,1,,5297,,,0.4,118494.95974092801,15520.80907158961
reports/planes/cascade/gate_planes_effb0_platt.json,,platt,110230.870687744,12318.449059210252,0.8869171228997546,real,5319.691839488,2873.319636841188,0.8168604651162791,gate_planes_effb0,0.817647439594896,0.80712233699828,0.5600363439094664,0.7862036497103997,0.7634425911814782,0.7292249749862527,0.6692457251221721,0.5541114555079439,0.35546411707991504,0.11482513268628461,0.0030760162270417834,599,1,,5297,,,0.45,115550.562527232,15191.76869605144
reports/planes/cascade/gate_planes_effb0_platt.json,,platt,108574.64725504,12133.363847970031,0.8886161978478384,real,5319.691839488,2873.319636841188,0.8066860465116279,gate_planes_effb0,0.8082697672908224,0.7977650630055924,0.5560712219279209,0.7856329562755282,0.7544274360623365,0.7202740626662574,0.6687211210266693,0.5535378607462491,0.3544719423974784,0.1145359935812329,0.0030760162270417834,590,1,,5297,,,0.5,113894.33909452801,15006.68348481122
reports/planes/cascade/gate_planes_effb0_platt.json,,platt,106366.34934476801,11886.583566316403,0.8908816311119502,real,5319.691839488,2873.319636841188,0.7994186046511628,gate_planes_effb0,0.807621662575452,0.797062290445183,0.5527886668455078,0.7763826430407819,0.753536239387532,0.7196810744610769,0.6602034531558071,0.545890027832652,0.3497257082189363,0.1147075531106142,0.0030760162270417834,578,1,,5297,,,0.55,111686.04118425601,14759.903203157592
reports/planes/cascade/gate_planes_effb0_platt.json,,platt,103421.952131072,11557.543190778233,0.8939022087974325,real,5319.691839488,2873.319636841188,0.7877906976744186,gate_planes_effb0,0.7982913971014317,0.7878678955379985,0.549129938773117,0.7759860758861543,0.7447608108439421,0.7109800073940571,0.6599765540115324,0.5458802528337199,0.3497573781113538,0.11472299978393807,0.0030760162270417834,562,1,,5297,,,0.6000000000000001,108741.64397056,14430.862827619421
reports/planes/cascade/gate_planes_effb0_platt.json,,platt,101581.70387251201,11351.892956066877,0.895790069850859,real,5319.691839488,2873.319636841188,0.7805232558139535,gate_planes_effb0,0.7982507785607563,0.7878420012270826,0.5490707004192596,0.7758606407852243,0.7446761685080846,0.7109265957464421,0.6598921467070548,0.545772611339945,0.34965904100501394,0.11475100408595107,0.0030760162270417834,552,1,,5297,,,0.65,106901.39571200001,14225.212592908065
reports/planes/cascade/gate_planes_effb0_platt.json,,platt,99925.480439808,11166.807744826656,0.8974891447989428,real,5319.691839488,2873.319636841188,0.7718023255813954,gate_planes_effb0,0.788425454436221,0.7779891021748527,0.5440295378118932,0.7661243643116475,0.7349963504716402,0.7096957519919842,0.6509350246247395,0.544737703840706,0.34945565143215146,0.11485995860794732,0.0030760162270417834,543,1,,5297,,,0.7000000000000001,105245.172279296,14040.127381667844
reports/planes/cascade/gate_planes_effb0_platt.json,,platt,97717.182529536,10920.027463173028,0.8997545780630546,real,5319.691839488,2873.319636841188,0.7587209302325582,gate_planes_effb0,0.7786303533550409,0.7681793525100146,0.5384556365202031,0.7563585562791785,0.7253581811948248,0.7006614049860764,0.6504313149051177,0.5374416599529568,0.34950403412433484,0.11491386449000707,0.0030776434044788564,531,1,,5297,,,0.75,103036.87436902401,13793.347100014216
reports/planes/cascade/gate_planes_effb0_platt.json,,platt,95508.884619264,10673.2471815194,0.9020200113271664,real,5319.691839488,2873.319636841188,0.7427325581395349,gate_planes_effb0,0.7583322843995524,0.7480032963414975,0.5203167765507789,0.7274253837421873,0.7050621682013439,0.6719614714314769,0.6228269431663314,0.5188924649858142,0.3362418966762888,0.11133929766802136,0.003082558895275717,519,1,,5297,,,0.8,100828.57645875201,13546.566818360589
reports/planes/cascade/gate_planes_effb0_platt.json,,platt,91828.388102144,10261.946712096687,0.9057957334340192,real,5319.691839488,2873.319636841188,0.7180232558139535,gate_planes_effb0,0.7291957401738786,0.718982305956192,0.504038672987184,0.7073446048266985,0.6848921507836827,0.6522039689164136,0.6036111662044606,0.5019354034876278,0.3292436060198534,0.10990263881292035,0.003075144690112555,499,1,,5297,,,0.8500000000000001,97148.07994163201,13135.266348937876
reports/planes/cascade/gate_planes_effb0_platt.json,,platt,89988.13984358401,10056.296477385331,0.9076835944874457,real,5319.691839488,2873.319636841188,0.7049418604651163,gate_planes_effb0,0.7193558746453814,0.7181285046980247,0.49959883895012613,0.6978944819229128,0.6756491524289838,0.6428354179548164,0.6024809668864433,0.5007037094216531,0.32875571033899365,0.10710942651394037,0.003075144690112555,489,1,,5297,,,0.9,95307.83168307201,12929.61611422652
reports/planes/cascade/gate_planes_effb0_platt.json,,platt,84283.370242048,9418.780749780126,0.9135359637530678,real,5319.691839488,2873.319636841188,0.6598837209302325,gate_planes_effb0,0.6504827314392954,0.6493630315873622,0.45149027188153595,0.6292962707122751,0.6075291492078965,0.5836721481878343,0.5443756254417862,0.44656899569778824,0.2974439442793201,0.10321904976079728,0.0029517725010040296,458,1,,5297,,,0.9500000000000001,89603.062081536,12292.100386621314
reports/planes/cascade/gate_planes_effb0_platt.json,,platt,0.0,0.0,1.0,real,5319.691839488,2873.319636841188,0.0,gate_planes_effb0,0.0,0.0,0.0,0.0,0.0,0.0,0.0,0.0,0.0,0.0,0.0,0,1,,5297,,,1.0,5319.691839488,2873.319636841188
reports/planes/cascade/gate_planes_effb0_temperature.json,,temperature,974779.5025592321,108932.92932660552,0.0,real,5319.691839488,2873.319636841188,1.0,gate_planes_effb0,0.9151257181537812,0.9042543353094928,0.6147770374902469,0.8824830057045369,0.8495621943679953,0.8022978286195456,0.7266678294128557,0.5877926629654754,0.36292315389451707,0.11358925181370712,0.003074394660561391,5297,1,,5297,,,0.0,980099.19439872,111806.2489634467
reports/planes/cascade/gate_planes_effb0_temperature.json,,temperature,273828.940873728,30600.75492504984,0.7190862752501416,real,5319.691839488,2873.319636841188,0.9563953488372093,gate_planes_effb0,0.8861353488189148,0.8753870678078889,0.6004896255482544,0.8539598693293904,0.8217550075603572,0.7854104271576047,0.7135120658828435,0.5851064625366508,0.3662695024605284,0.11428448770132234,0.0030760162270417834,1488,1,,5297,,,0.05,279148.632713216,33474.07456189103
reports/planes/cascade/gate_planes_effb0_temperature.json,,temperature,215861.120729088,24122.772531642113,0.7785538984330753,real,5319.691839488,2873.319636841188,0.9476744186046512,gate_planes_effb0,0.8861122018094288,0.8753967580226678,0.5996839138710901,0.8539420641225021,0.8217807263890365,0.7773166111428581,0.7135842936943075,0.5851018425302844,0.36621649106575177,0.1143121337070222,0.0030760162270417834,1173,1,,5297,,,0.1,221180.812568576,26996.0921684833
reports/planes/cascade/gate_planes_effb0_temperature.json,,temperature,191201.794064384,21367.059386509936,0.80385123654899,real,5319.691839488,2873.319636841188,0.9418604651162791,gate_planes_effb0,0.8768668511409834,0.8662109551695147,0.5968474158944193,0.8449414942967449,0.8214575258588958,0.7770138898377632,0.7134550396277098,0.5848485200063731,0.36624628226426065,0.11435758451490469,0.0030760162270417834,1039,1,,5297,,,0.15000000000000002,196521.485903872,24240.379023351124
reports/planes/cascade/gate_planes_effb0_temperature.json,,temperature,170406.98874265602,19043.21173427161,0.825184066452709,real,5319.691839488,2873.319636841188,0.9244186046511628,gate_planes_effb0,0.8666617861672742,0.8559956113510648,0.5886150593038271,0.8347589675368995,0.8026686757185869,0.7670345319062188,0.7039482728917849,0.5767064107782679,0.3608124046397724,0.11448791582135907,0.0030760162270417834,926,1,,5297,,,0.2,175726.680582144,21916.531371112796
reports/planes/cascade/gate_planes_effb0_temperature.json,,temperature,160101.59849472,17891.570419888012,0.8357560883518973,real,5319.691839488,2873.319636841188,0.9113372093023255,gate_planes_effb0,0.8568229794647828,0.8462057093197211,0.5827825745148498,0.824967964453751,0.8013620781347295,0.757517408530431,0.694698787834803,0.5683390331460216,0.36027162708972144,0.11456414094749422,0.0030760162270417834,870,1,,5297,,,0.25,165421.290334208,20764.8900567292
reports/planes/cascade/gate_planes_effb0_temperature.json,,temperature,152372.555808768,17027.839434100315,0.8436851047762884,real,5319.691839488,2873.319636841188,0.9026162790697675,gate_planes_effb0,0.8568410405813005,0.8462086873521892,0.5819879071989009,0.8249329351246871,0.7928854493880494,0.7574287028219119,0.6949982412532697,0.5685752251444334,0.3603486028596744,0.11458417123645057,0.0030760162270417834,828,1,,5297,,,0.30000000000000004,157692.247648256,19901.159070941503
reports/planes/cascade/gate_planes_effb0_temperature.json,,temperature,143539.36416768,16040.718307485804,0.8527468378327355,real,5319.691839488,2873.319636841188,0.8938953488372093,gate_planes_effb0,0.8472786334784704,0.8366936712563247,0.5781485567793285,0.8155239669956784,0.7922234464548524,0.7485637571495761,0.6946277974183449,0.5685650909810911,0.360321014727779,0.11461217310412618,0.0030760162270417834,780,1,,5297,,,0.35000000000000003,148859.056007168,18914.037944326992
reports/planes/cascade/gate_planes_effb0_temperature.json,,temperature,137650.56974028802,15382.637556409463,0.8587879932037001,real,5319.691839488,2873.319636841188,0.8866279069767442,gate_planes_effb0,0.8373417817097671,0.8267685757558814,0.5723567050031888,0.8056054080459151,0.7826894762532011,0.747703392214393,0.6869455951617994,0.5623197859753889,0.35613506470091333,0.11498195398758596,0.0030760162270417834,748,1,,5297,,,0.4,142970.261579776,18255.95719325065
reports/planes/cascade/gate_planes_effb0_temperature.json,,temperature,132313.849790464,14786.25187574653,0.864262790258637,real,5319.691839488,2873.319636841188,0.877906976744186,gate_planes_effb0,0.8369331842981481,0.826353176017005,0.5705479598712963,0.8051835750384108,0.7737811499109788,0.7393784734665712,0.6869514314277635,0.5625806387314923,0.35624313759820264,0.11499881599734868,0.0030760162270417834,719,1,,5297,,,0.45,137633.541629952,17659.571512587718
reports/planes/cascade/gate_planes_effb0_temperature.json,,temperature,127897.25396992,14292.691312439274,0.8687936567868605,real,5319.691839488,2873.319636841188,0.872093023255814,gate_planes_effb0,0.8278849550530505,0.8262768097861704,0.5696253050015423,0.8051489453109888,0.7737470115768098,0.7393876267012918,0.6869122421438209,0.5625410288506114,0.3562751621535489,0.11500325221208955,0.0030760162270417834,695,1,,5297,,,0.5,133216.945809408,17166.010949280462
reports/planes/cascade/gate_planes_effb0_temperature.json,,temperature,122560.534020096,13696.30563177634,0.8742684538417973,real,5319.691839488,2873.319636841188,0.8590116279069767,gate_planes_effb0,0.8278108342535753,0.8172766203009476,0.5677350379397701,0.7962735045419614,0.773684226746498,0.739255326745783,0.6866034849251271,0.5623062365375379,0.35606086143855037,0.1150032676806773,0.0030760162270417834,666,1,,5297,,,0.55,127880.22585958401,16569.62526861753
reports/planes/cascade/gate_planes_effb0_temperature.json,,temperature,120352.236109824,13449.525350122713,0.876533887105909,real,5319.691839488,2873.319636841188,0.8517441860465116,gate_planes_effb0,0.8277475583602882,0.8172288421284419,0.5669124144180568,0.7962107932196846,0.7735855057108771,0.7391824552768463,0.6787649019150435,0.5622410715283064,0.35608120458254733,0.11500579523149052,0.0030760162270417834,654,1,,5297,,,0.6000000000000001,125671.92794931201,16322.8449869639
reports/planes/cascade/gate_planes_effb0_temperature.json,,temperature,117959.913373696,13182.18004499795,0.8789881064753634,real,5319.691839488,2873.319636841188,0.8473837209302325,gate_planes_effb0,0.8274323805121975,0.8168930304900557,0.5665017268216662,0.7958285845464504,0.7729694467983307,0.7385929305759366,0.6782037929017971,0.5615923349503475,0.3556050871898701,0.11482366402463465,0.0030760162270417834,641,1,,5297,,,0.65,123279.60521318401,16055.499681839137
reports/planes/cascade/gate_planes_effb0_temperature.json,,temperature,113175.26790144,12647.489434748422,0.8838965452142722,real,5319.691839488,2873.319636841188,0.8284883720930233,gate_planes_effb0,0.8177533286017271,0.8072185438814414,0.5601377799498567,0.7863283942180253,0.763627480977764,0.729387217832103,0.6693605024081417,0.5542239226156486,0.35551914743731333,0.11488324529936021,0.0030760162270417834,615,1,,5297,,,0.7000000000000001,118494.95974092801,15520.80907158961
reports/planes/cascade/gate_planes_effb0_temperature.json,,temperature,110230.870687744,12318.449059210252,0.8869171228997546,real,5319.691839488,2873.319636841188,0.8168604651162791,gate_planes_effb0,0.817647439594896,0.80712233699828,0.5600363439094664,0.7862036497103997,0.7634425911814782,0.7292249749862527,0.6692457251221721,0.5541114555079439,0.35546411707991504,0.11482513268628461,0.0030760162270417834,599,1,,5297,,,0.75,115550.562527232,15191.76869605144
reports/planes/cascade/gate_planes_effb0_temperature.json,,temperature,108206.597603328,12092.23380102776,0.8889937700585236,real,5319.691839488,2873.319636841188,0.8052325581395349,gate_planes_effb0,0.808244502120796,0.7977580196195093,0.5560598749520018,0.7856219803991218,0.7544040518206832,0.7202440423745611,0.6686930625355013,0.5535456894689968,0.3544746739243215,0.11453671102948554,0.0030760162270417834,588,1,,5297,,,0.8,113526.289442816,14965.553437868948
reports/planes/cascade/gate_planes_effb0_temperature.json,,temperature,104526.101086208,11680.933331605047,0.8927694921653766,real,5319.691839488,2873.319636841188,0.7906976744186046,gate_planes_effb0,0.7983111873387794,0.7878537399934564,0.5491108652793645,0.7759724821557411,0.7447578944092037,0.710969766582021,0.659887835730578,0.5458250371261505,0.3497352905391974,0.11471940269147461,0.0030760162270417834,568,1,,5297,,,0.8500000000000001,109845.792925696,14554.252968446235
reports/planes/cascade/gate_planes_effb0_temperature.json,,temperature,101213.6542208,11310.762909124605,0.8961676420615443,real,5319.691839488,2873.319636841188,0.7790697674418605,gate_planes_effb0,0.7978372138442597,0.7874047665722589,0.5477646407109126,0.7666998321503062,0.7440239768950411,0.7102600909675888,0.6591966582090817,0.5449949409731286,0.3493213929017953,0.11483151836862332,0.0030760162270417834,550,1,,5297,,,0.9,106533.34606028801,14184.082545965794
reports/planes/cascade/gate_planes_effb0_temperature.json,,temperature,96429.008748544,10776.072298875079,0.9010760808004531,real,5319.691839488,2873.319636841188,0.75,gate_planes_effb0,0.7784823805281127,0.7680792272458038,0.5375046309866672,0.7474731314588392,0.725285004970334,0.7003683281430483,0.6503563344849022,0.5374734057005717,0.34953127937211886,0.1149195745584626,0.0030776434044788564,524,1,,5297,,,0.9500000000000001,101748.700588032,13649.391935716267
reports/planes/cascade/gate_planes_effb0_temperature.json,,temperature,0.0,0.0,1.0,real,5319.691839488,2873.319636841188,0.0,gate_planes_effb0,0.0,0.0,0.0,0.0,0.0,0.0,0.0,0.0,0.0,0.0,0.0,0,1,,5297,,,1.0,5319.691839488,2873.319636841188
reports/planes/cascade/gate_planes_mbv3large_context_adaptive.json,,context_adaptive,974779.5025592321,108932.92932660552,0.0,real,2971.0423814400006,1695.2160883956822,1.0,gate_planes_mbv3large,0.9151257181537812,0.9042543076046732,0.6147767152440035,0.8824829661262232,0.8495621415969103,0.8022978286195456,0.7266642488263374,0.5877931411437782,0.36292315389451707,0.11358925181370712,0.003074394660561391,5297,1,,5297,,,0.0,977750.5449406721,110628.1454150012
reports/planes/cascade/gate_planes_mbv3large_context_adaptive.json,,context_adaptive,974779.5025592321,108932.92932660552,0.0,real,2971.0423814400006,1695.2160883956822,1.0,gate_planes_mbv3large,0.9151257181537812,0.9042543076046732,0.6147767152440035,0.8824829661262232,0.8495621415969103,0.8022978286195456,0.7266642488263374,0.5877931411437782,0.36292315389451707,0.11358925181370712,0.003074394660561391,5297,1,,5297,,,0.05,977750.5449406721,110628.1454150012
reports/planes/cascade/gate_planes_mbv3large_context_adaptive.json,,context_adaptive,974779.5025592321,108932.92932660552,0.0,real,2971.0423814400006,1695.2160883956822,1.0,gate_planes_mbv3large,0.9151257181537812,0.9042543076046732,0.6147767152440035,0.8824829661262232,0.8495621415969103,0.8022978286195456,0.7266642488263374,0.5877931411437782,0.36292315389451707,0.11358925181370712,0.003074394660561391,5297,1,,5297,,,0.1,977750.5449406721,110628.1454150012
reports/planes/cascade/gate_planes_mbv3large_context_adaptive.json,,context_adaptive,974779.5025592321,108932.92932660552,0.0,real,2971.0423814400006,1695.2160883956822,1.0,gate_planes_mbv3large,0.9151257181537812,0.9042543076046732,0.6147767152440035,0.8824829661262232,0.8495621415969103,0.8022978286195456,0.7266642488263374,0.5877931411437782,0.36292315389451707,0.11358925181370712,0.003074394660561391,5297,1,,5297,,,0.15000000000000002,977750.5449406721,110628.1454150012
reports/planes/cascade/gate_planes_mbv3large_context_adaptive.json,,context_adaptive,974779.5025592321,108932.92932660552,0.0,real,2971.0423814400006,1695.2160883956822,1.0,gate_planes_mbv3large,0.9151257181537812,0.9042543076046732,0.6147767152440035,0.8824829661262232,0.8495621415969103,0.8022978286195456,0.7266642488263374,0.5877931411437782,0.36292315389451707,0.11358925181370712,0.003074394660561391,5297,1,,5297,,,0.2,977750.5449406721,110628.1454150012
reports/planes/cascade/gate_planes_mbv3large_context_adaptive.json,,context_adaptive,974779.5025592321,108932.92932660552,0.0,real,2971.0423814400006,1695.2160883956822,1.0,gate_planes_mbv3large,0.9151257181537812,0.9042543076046732,0.6147767152440035,0.8824829661262232,0.8495621415969103,0.8022978286195456,0.7266642488263374,0.5877931411437782,0.36292315389451707,0.11358925181370712,0.003074394660561391,5297,1,,5297,,,0.25,977750.5449406721,110628.1454150012
reports/planes/cascade/gate_planes_mbv3large_context_adaptive.json,,context_adaptive,974779.5025592321,108932.92932660552,0.0,real,2971.0423814400006,1695.2160883956822,1.0,gate_planes_mbv3large,0.9151257181537812,0.9042543076046732,0.6147767152440035,0.8824829661262232,0.8495621415969103,0.8022978286195456,0.7266642488263374,0.5877931411437782,0.36292315389451707,0.11358925181370712,0.003074394660561391,5297,1,,5297,,,0.30000000000000004,977750.5449406721,110628.1454150012
reports/planes/cascade/gate_planes_mbv3large_context_adaptive.json,,context_adaptive,974779.5025592321,108932.92932660552,0.0,real,2971.0423814400006,1695.2160883956822,1.0,gate_planes_mbv3large,0.9151257181537812,0.9042543076046732,0.6147767152440035,0.8824829661262232,0.8495621415969103,0.8022978286195456,0.7266642488263374,0.5877931411437782,0.36292315389451707,0.11358925181370712,0.003074394660561391,5297,1,,5297,,,0.35000000000000003,977750.5449406721,110628.1454150012
reports/planes/cascade/gate_planes_mbv3large_context_adaptive.json,,context_adaptive,974779.5025592321,108932.92932660552,0.0,real,2971.0423814400006,1695.2160883956822,1.0,gate_planes_mbv3large,0.9151257181537812,0.9042543076046732,0.6147767152440035,0.8824829661262232,0.8495621415969103,0.8022978286195456,0.7266642488263374,0.5877931411437782,0.36292315389451707,0.11358925181370712,0.003074394660561391,5297,1,,5297,,,0.4,977750.5449406721,110628.1454150012
reports/planes/cascade/gate_planes_mbv3large_context_adaptive.json,,context_adaptive,974779.5025592321,108932.92932660552,0.0,real,2971.0423814400006,1695.2160883956822,1.0,gate_planes_mbv3large,0.9151257181537812,0.9042543076046732,0.6147767152440035,0.8824829661262232,0.8495621415969103,0.8022978286195456,0.7266642488263374,0.5877931411437782,0.36292315389451707,0.11358925181370712,0.003074394660561391,5297,1,,5297,,,0.45,977750.5449406721,110628.1454150012
reports/planes/cascade/gate_planes_mbv3large_context_adaptive.json,,context_adaptive,374306.49579110404,41829.257740289904,0.6160090617330565,real,2971.0423814400006,1695.2160883956822,0.9520348837209303,gate_planes_mbv3large,0.8957211455099778,0.8848900740996006,0.6042658288657647,0.8631414608676405,0.8305944799854332,0.7852399659435237,0.7192603058455664,0.5824237044884852,0.36421109850135586,0.1141016587555022,0.003074394660561391,2034,1,,5297,,,0.5,377277.53817254404,43524.473828685586
reports/planes/cascade/gate_planes_mbv3large_context_adaptive.json,,context_adaptive,132129.824964608,14765.686852275394,0.8644515763639796,real,2971.0423814400006,1695.2160883956822,0.9040697674418605,gate_planes_mbv3large,0.8761391447114568,0.8654601958757638,0.5917418758398332,0.8440711638572377,0.8120817929826609,0.7671947741850991,0.7023212221220323,0.5738116893606025,0.35906261466888734,0.11420176597403008,0.003074394660561391,718,1,,5297,,,0.55,135100.867346048,16460.902940671076
reports/planes/cascade/gate_planes_mbv3large_context_adaptive.json,,context_adaptive,126977.12984064,14189.866195083596,0.8697375873135738,real,2971.0423814400006,1695.2160883956822,0.8895348837209303,gate_planes_mbv3large,0.8670629920551272,0.8565158699746519,0.5890451710997741,0.8352791162660173,0.8120085741647659,0.7671284116907571,0.7022783983722999,0.5736621074537733,0.35920441953220617,0.11423742682757933,0.003074394660561391,690,1,,5297,,,0.6000000000000001,129948.17222208,15885.082283479278
reports/planes/cascade/gate_planes_mbv3large_context_adaptive.json,,context_adaptive,124032.73262694401,13860.825819545425,0.8727581649990561,real,2971.0423814400006,1695.2160883956822,0.8793604651162791,gate_planes_mbv3large,0.8374688149386186,0.8269290574103806,0.5678654593459622,0.8057447037989736,0.7824102629724595,0.7460352529154171,0.6737215205293708,0.5469245549024411,0.34558585006526266,0.11075529970465306,0.003079276222045693,674,1,,5297,,,0.65,127003.77500838401,15556.041907941108
reports/planes/cascade/gate_planes_mbv3large_context_adaptive.json,,context_adaptive,121640.40989081601,13593.480514420662,0.8752123843685105,real,2971.0423814400006,1695.2160883956822,0.875,gate_planes_mbv3large,0.8374178467214464,0.8268791221159676,0.5670089735238919,0.8056911145840412,0.7823499165525345,0.7378298228097571,0.6736656106893221,0.5468284174002729,0.34559247934180193,0.11075612880172941,0.003079276222045693,661,1,,5297,,,0.7000000000000001,124611.452272256,15288.696602816344
reports/planes/cascade/gate_planes_mbv3large_context_adaptive.json,,context_adaptive,120352.236109824,13449.525350122713,0.876533887105909,real,2971.0423814400006,1695.2160883956822,0.8706395348837209,gate_planes_mbv3large,0.8371645762874984,0.8266381558487914,0.5668641880874637,0.8054234644028918,0.7818586757746305,0.7377041373360793,0.6734238493750411,0.5469156751987876,0.34567063188578756,0.1107634385430841,0.003079276222045693,654,1,,5297,,,0.75,123323.278491264,15144.741438518395
reports/planes/cascade/gate_planes_mbv3large_context_adaptive.json,,context_adaptive,118143.93819955201,13202.745068469085,0.8787993203700207,real,2971.0423814400006,1695.2160883956822,0.8677325581395349,gate_planes_mbv3large,0.837099508738991,0.8265518672748473,0.5659928843691009,0.8053379826945599,0.7734057418584437,0.7376865344281135,0.6734100773986673,0.5469237846464692,0.34567063188578756,0.1107634385430841,0.003079276222045693,642,1,,5297,,,0.8,121114.980580992,14897.961156864767
reports/planes/cascade/gate_planes_mbv3large_context_adaptive.json,,context_adaptive,116303.689940992,12997.094833757728,0.8806871814234473,real,2971.0423814400006,1695.2160883956822,0.8619186046511628,gate_planes_mbv3large,0.827796906380394,0.817310187759992,0.5639111149195823,0.8049444245851621,0.7731117895322249,0.7372397423019806,0.6729393606723039,0.5464437489393439,0.3454680248286229,0.11077768797375358,0.003079276222045693,632,1,,5297,,,0.8500000000000001,119274.732322432,14692.31092215341
reports/planes/cascade/gate_planes_mbv3large_context_adaptive.json,,context_adaptive,115751.61546342401,12935.399763344321,0.8812535397394752,real,2971.0423814400006,1695.2160883956822,0.8604651162790697,gate_planes_mbv3large,0.827754869510806,0.8172956424048431,0.5639043889605944,0.8049175415408707,0.7730842574476047,0.7372592614037143,0.6729534775592737,0.5464524296283421,0.3454694459146899,0.11077768797375358,0.003079276222045693,629,1,,5297,,,0.9,118722.657844864,14630.615851740004
reports/planes/cascade/gate_planes_mbv3large_context_adaptive.json,,context_adaptive,115383.565811712,12894.26971640205,0.8816311119501605,real,2971.0423814400006,1695.2160883956822,0.8575581395348837,gate_planes_mbv3large,0.8277539185403449,0.81728107664307,0.5630654274846256,0.7961296097025082,0.7730143852222752,0.7371993609002997,0.6732140305223373,0.5466272994798979,0.3455633303643773,0.11079198724909974,0.003079276222045693,627,1,,5297,,,0.9500000000000001,118354.608193152,14589.485804797732
reports/planes/cascade/gate_planes_mbv3large_context_adaptive.json,,context_adaptive,114831.491334144,12832.574645988643,0.8821974702661884,real,2971.0423814400006,1695.2160883956822,0.8531976744186046,gate_planes_mbv3large,0.8276530584918127,0.8171495599275385,0.5629942514936921,0.7960236205900854,0.7728400702515341,0.7370093211179128,0.673138947533271,0.5465489444817236,0.34568935436204085,0.11081036195895665,0.003079276222045693,624,1,,5297,,,1.0,117802.533715584,14527.790734384325
reports/planes/cascade/gate_planes_mbv3large_identity.json,,identity,974779.5025592321,108932.92932660552,0.0,real,2971.0423814400006,1695.2160883956822,1.0,gate_planes_mbv3large,0.9151257181537812,0.9042543076046732,0.6147767152440035,0.8824829661262232,0.8495621415969103,0.8022978286195456,0.7266642488263374,0.5877931411437782,0.36292315389451707,0.11358925181370712,0.003074394660561391,5297,1,,5297,,,0.0,977750.5449406721,110628.1454150012
reports/planes/cascade/gate_planes_mbv3large_identity.json,,identity,136362.395959296,15238.682392111514,0.8601094959410988,real,2971.0423814400006,1695.2160883956822,0.9156976744186046,gate_planes_mbv3large,0.8861184374395362,0.8754432236536237,0.5989770948605698,0.8540178853143868,0.821988269849111,0.7768647414421256,0.7116011387963413,0.5822203237074809,0.36432177776757346,0.11412075597495754,0.003074394660561391,741,1,,5297,,,0.05,139333.438340736,16933.898480507196
reports/planes/cascade/gate_planes_mbv3large_identity.json,,identity,129737.50222848,14498.34154715063,0.8669057957334341,real,2971.0423814400006,1695.2160883956822,0.8997093023255814,gate_planes_mbv3large,0.8670870833311451,0.8565077249531359,0.5890400527522246,0.8352761025427622,0.8120391334375229,0.7671639365692088,0.7022620509012971,0.5737500274416615,0.35903666821513774,0.11420340546981256,0.003074394660561391,705,1,,5297,,,0.1,132708.54460992,16193.557635546313
reports/planes/cascade/gate_planes_mbv3large_identity.json,,identity,125320.90640793601,14004.780983843375,0.8714366622616575,real,2971.0423814400006,1695.2160883956822,0.8851744186046512,gate_planes_mbv3large,0.8670023471738776,0.8564740839536004,0.5890143416482883,0.8352363345439122,0.8119354675426516,0.7671239487039005,0.7022592961771635,0.5735786737757731,0.3592190679760261,0.1142398019754162,0.003074394660561391,681,1,,5297,,,0.15000000000000002,128291.94878937601,15699.997072239057
reports/planes/cascade/gate_planes_mbv3large_identity.json,,identity,123112.608497664,13758.000702189747,0.8737020955257693,real,2971.0423814400006,1695.2160883956822,0.876453488372093,gate_planes_mbv3large,0.8374641724834297,0.8269119275314827,0.5678543323275467,0.8057336412091977,0.7823957412537577,0.7460050859028196,0.6737055077244443,0.5469068211783741,0.34558585006526266,0.11075529970465306,0.003079276222045693,669,1,,5297,,,0.2,126083.650879104,15453.21679058543
reports/planes/cascade/gate_planes_mbv3large_identity.json,,identity,121088.335413248,13531.785444007255,0.8757787426845385,real,2971.0423814400006,1695.2160883956822,0.872093023255814,gate_planes_mbv3large,0.8371760750414368,0.8266416097608282,0.5668658945242515,0.8054272983647379,0.7818569535146869,0.7377041373360793,0.6734238493750411,0.5469156751987876,0.34567063188578756,0.1107634385430841,0.003079276222045693,658,1,,5297,,,0.25,124059.377794688,15227.001532402937
reports/planes/cascade/gate_planes_mbv3large_identity.json,,identity,119800.161632256,13387.830279709306,0.877100245421937,real,2971.0423814400006,1695.2160883956822,0.8691860465116279,gate_planes_mbv3large,0.837099508738991,0.8265518672748473,0.5659928843691009,0.8053379826945599,0.7734057418584437,0.7376865344281135,0.6734100773986673,0.5469237846464692,0.34567063188578756,0.1107634385430841,0.003079276222045693,651,1,,5297,,,0.30000000000000004,122771.204013696,15083.046368104988
reports/planes/cascade/gate_planes_mbv3large_identity.json,,identity,117223.814070272,13099.919951113407,0.879743250896734,real,2971.0423814400006,1695.2160883956822,0.8648255813953488,gate_planes_mbv3large,0.8278062361485077,0.8262315588501179,0.5648303584626656,0.804977114924296,0.7731259409423954,0.7372702868530855,0.6729881841842338,0.5465301540362831,0.345523670900446,0.11077116156524477,0.003079276222045693,637,1,,5297,,,0.35000000000000003,120194.856451712,14795.136039509089
reports/planes/cascade/gate_planes_mbv3large_identity.json,,identity,115751.61546342401,12935.399763344321,0.8812535397394752,real,2971.0423814400006,1695.2160883956822,0.8604651162790697,gate_planes_mbv3large,0.827754869510806,0.8172956424048431,0.5639043889605944,0.8049175415408707,0.7730842574476047,0.7372592614037143,0.6729534775592737,0.5464524296283421,0.3454694459146899,0.11077768797375358,0.003079276222045693,629,1,,5297,,,0.4,118722.657844864,14630.615851740004
reports/planes/cascade/gate_planes_mbv3large_identity.json,,identity,115567.590637568,12914.834739873186,0.8814423258448179,real,2971.0423814400006,1695.2160883956822,0.8590116279069767,gate_planes_mbv3large,0.827761177583489,0.8172705156901332,0.5630402528475111,0.7961458692923952,0.7730559627093067,0.7372344858031078,0.6730720104280599,0.5464963851739567,0.3455050862333185,0.11078175933929889,0.003079276222045693,628,1,,5297,,,0.45,118538.633019008,14610.050828268868
reports/planes/cascade/gate_planes_mbv3large_identity.json,,identity,115383.565811712,12894.26971640205,0.8816311119501605,real,2971.0423814400006,1695.2160883956822,0.8575581395348837,gate_planes_mbv3large,0.8277539185403449,0.81728107664307,0.5630654274846256,0.7961296097025082,0.7730143852222752,0.7371993609002997,0.6732140305223373,0.5466272994798979,0.3455633303643773,0.11079198724909974,0.003079276222045693,627,1,,5297,,,0.5,118354.608193152,14589.485804797732
reports/planes/cascade/gate_planes_mbv3large_identity.json,,identity,114463.441682432,12791.444599046372,0.8825750424768737,real,2971.0423814400006,1695.2160883956822,0.8531976744186046,gate_planes_mbv3large,0.8276530584918127,0.8171495599275385,0.5629942514936921,0.7960236205900854,0.7728400702515341,0.7370093211179128,0.673138947533271,0.5465489444817236,0.34568935436204085,0.11081036195895665,0.003079276222045693,622,1,,5297,,,0.55,117434.484063872,14486.660687442054
reports/planes/cascade/gate_planes_mbv3large_identity.json,,identity,114095.39203072,12750.3145521041,0.882952614687559,real,2971.0423814400006,1695.2160883956822,0.8531976744186046,gate_planes_mbv3large,0.8276530584918127,0.8171495599275385,0.5629942514936921,0.7960236205900854,0.7728400702515341,0.7370093211179128,0.673138947533271,0.5465489444817236,0.34568935436204085,0.11081036195895665,0.003079276222045693,620,1,,5297,,,0.6000000000000001,117066.43441216,14445.530640499783
reports/planes/cascade/gate_planes_mbv3large_identity.json,,identity,113175.26790144,12647.489434748422,0.8838965452142722,real,2971.0423814400006,1695.2160883956822,0.8488372093023255,gate_planes_mbv3large,0.8276037043331107,0.8170905057016999,0.5629046579951741,0.7959587802472349,0.7727572305215213,0.7368264902471244,0.6728331311469573,0.5463888715783646,0.34569004174935664,0.1108185482043251,0.003079276222045693,615,1,,5297,,,0.65,116146.31028288,14342.705523144105
reports/planes/cascade/gate_planes_mbv3large_identity.json,,identity,112623.193423872,12585.794364335015,0.8844629035303002,real,2971.0423814400006,1695.2160883956822,0.8473837209302325,gate_planes_mbv3large,0.8275725775319819,0.8170322667427687,0.5620993754334205,0.7959008959052726,0.7726809215585426,0.7367250515778038,0.6652081430785395,0.5462656672232923,0.34570765798740805,0.11082129650654968,0.003079276222045693,612,1,,5297,,,0.7000000000000001,115594.235805312,14281.010452730698
reports/planes/cascade/gate_planes_mbv3large_identity.json,,identity,111519.044468736,12462.404223508202,0.885595620162356,real,2971.0423814400006,1695.2160883956822,0.8459302325581395,gate_planes_mbv3large,0.8275365157562415,0.8169699442959562,0.5605799790799368,0.7958469915169241,0.7725893365463015,0.7284744237343189,0.6651108494499324,0.5396620084482382,0.34567899330110285,0.11085145152830654,0.003079276222045693,606,1,,5297,,,0.75,114490.086850176,14157.620311903884
reports/planes/cascade/gate_planes_mbv3large_identity.json,,identity,110598.920339456,12359.579106152523,0.8865395506890693,real,2971.0423814400006,1695.2160883956822,0.8415697674418605,gate_planes_mbv3large,0.8274773392146745,0.8169391714375079,0.5605487693985808,0.795774880959804,0.7724876070006923,0.7283997692190426,0.66512020435455,0.5396731684800624,0.3456848255691223,0.11085145152830654,0.003079276222045693,601,1,,5297,,,0.8,113569.962720896,14054.795194548205
reports/planes/cascade/gate_planes_mbv3large_identity.json,,identity,109494.77138432,12236.18896532571,0.8876722673211251,real,2971.0423814400006,1695.2160883956822,0.8343023255813954,gate_planes_mbv3large,0.8181163161869877,0.8076211651689734,0.5577361848719583,0.7953012994277493,0.7635669258590203,0.7281831453971359,0.6650417696119089,0.5398592746694324,0.34572955120950805,0.11086312496682166,0.003079276222045693,595,1,,5297,,,0.8500000000000001,112465.81376576,13931.405053721392
reports/planes/cascade/gate_planes_mbv3large_identity.json,,identity,107102.448648192,11968.843660200946,0.8901264866905796,real,2971.0423814400006,1695.2160883956822,0.8241279069767442,gate_planes_mbv3large,0.8082987547252989,0.806726275645485,0.55253590343136,0.7854933168933602,0.7538804211631148,0.7185063339361671,0.6557870618387094,0.5382334804680533,0.34469625596792447,0.11065785745344121,0.003079276222045693,582,1,,5297,,,0.9,110073.491029632,13664.059748596628
reports/planes/cascade/gate_planes_mbv3large_identity.json,,identity,104710.125912064,11701.498355076183,0.8925807060600339,real,2971.0423814400006,1695.2160883956822,0.8081395348837209,gate_planes_mbv3large,0.8077871515297358,0.7973400174327236,0.5492276364281953,0.7762305311756709,0.7530744148123898,0.7174977186745801,0.655408287482284,0.5315566044505324,0.3396132904162224,0.1106890720857672,0.003079276222045693,569,1,,5297,,,0.9500000000000001,107681.168293504,13396.714443471865
reports/planes/cascade/gate_planes_mbv3large_identity.json,,identity,60360.142880768006,6745.327698532492,0.9380781574476118,real,2971.0423814400006,1695.2160883956822,0.4752906976744186,gate_planes_mbv3large,0.5125730205671907,0.5116012129597874,0.35816515692991047,0.49192923865151295,0.48013840486067433,0.4576395733688701,0.4296524263629824,0.3571890133991318,0.24325990836038866,0.09452482892340094,0.003143941845164909,328,1,,5297,,,1.0,63331.185262208004,8440.543786928174
reports/planes/cascade/gate_planes_mbv3large_isotonic.json,,isotonic,974779.5025592321,108932.92932660552,0.0,real,2971.0423814400006,1695.2160883956822,1.0,gate_planes_mbv3large,0.9151257181537812,0.9042543076046732,0.6147767152440035,0.8824829661262232,0.8495621415969103,0.8022978286195456,0.7266642488263374,0.5877931411437782,0.36292315389451707,0.11358925181370712,0.003074394660561391,5297,1,,5297,,,0.0,977750.5449406721,110628.1454150012
reports/planes/cascade/gate_planes_mbv3large_isotonic.json,,isotonic,172983.33630464002,19331.122062867507,0.822541060977912,real,2971.0423814400006,1695.2160883956822,0.9520348837209303,gate_planes_mbv3large,0.9055279011070029,0.8858805700659285,0.6072164818335214,0.864423138825933,0.8403192131579746,0.7945570942970976,0.7195839178892396,0.5815702989278384,0.36351690149624877,0.11371138790738788,0.003074394660561391,940,1,,5297,,,0.05,175954.37868608002,21026.33815126319
reports/planes/cascade/gate_planes_mbv3large_isotonic.json,,isotonic,146115.711729664,16328.628636081703,0.8501038323579384,real,2971.0423814400006,1695.2160883956822,0.9316860465116279,gate_planes_mbv3large,0.8863898542445587,0.8757163711187596,0.5998835758939932,0.8542550635378944,0.8220417258970614,0.7851786408657891,0.7115752903712451,0.5822120380242704,0.36427394114200945,0.1141184390777822,0.003074394660561391,794,1,,5297,,,0.1,149086.754111104,18023.844724477385
reports/planes/cascade/gate_planes_mbv3large_isotonic.json,,isotonic,138938.74352128,15526.592720707413,0.8574664904663016,real,2971.0423814400006,1695.2160883956822,0.9244186046511628,gate_planes_mbv3large,0.8863025470738447,0.8756289355365293,0.5998398219878165,0.8541832226752395,0.8220163997883767,0.7850422399740729,0.7115744153679486,0.5821711847616606,0.36428644096214724,0.1141184390777822,0.003074394660561391,755,1,,5297,,,0.15000000000000002,141909.78590272,17221.808809103095
reports/planes/cascade/gate_planes_mbv3large_isotonic.json,,isotonic,138938.74352128,15526.592720707413,0.8574664904663016,real,2971.0423814400006,1695.2160883956822,0.9244186046511628,gate_planes_mbv3large,0.8863025470738447,0.8756289355365293,0.5998398219878165,0.8541832226752395,0.8220163997883767,0.7850422399740729,0.7115744153679486,0.5821711847616606,0.36428644096214724,0.1141184390777822,0.003074394660561391,755,1,,5297,,,0.2,141909.78590272,17221.808809103095
reports/planes/cascade/gate_planes_mbv3large_isotonic.json,,isotonic,138938.74352128,15526.592720707413,0.8574664904663016,real,2971.0423814400006,1695.2160883956822,0.9244186046511628,gate_planes_mbv3large,0.8863025470738447,0.8756289355365293,0.5998398219878165,0.8541832226752395,0.8220163997883767,0.7850422399740729,0.7115744153679486,0.5821711847616606,0.36428644096214724,0.1141184390777822,0.003074394660561391,755,1,,5297,,,0.25,141909.78590272,17221.808809103095
reports/planes/cascade/gate_planes_mbv3large_isotonic.json,,isotonic,136914.470436864,15300.37746252492,0.8595431376250708,real,2971.0423814400006,1695.2160883956822,0.9200581395348837,gate_planes_mbv3large,0.8861835286614841,0.8754838399728041,0.5997922545951615,0.8540617649656592,0.8219642746424044,0.7849415454218065,0.7116143012911766,0.5821764819812613,0.3643032612632559,0.11411915309120034,0.003074394660561391,744,1,,5297,,,0.30000000000000004,139885.512818304,16995.593550920603
reports/planes/cascade/gate_planes_mbv3large_isotonic.json,,isotonic,129001.402925056,14416.081453266088,0.8676609401548045,real,2971.0423814400006,1695.2160883956822,0.8997093023255814,gate_planes_mbv3large,0.8670870833311451,0.8565077249531359,0.5890400527522246,0.8352761025427622,0.8120391334375229,0.7671639365692088,0.7022620509012971,0.5737500274416615,0.35903666821513774,0.11420340546981256,0.003074394660561391,701,1,,5297,,,0.35000000000000003,131972.445306496,16111.29754166177
reports/planes/cascade/gate_planes_mbv3large_isotonic.json,,isotonic,115751.61546342401,12935.399763344321,0.8812535397394752,real,2971.0423814400006,1695.2160883956822,0.8604651162790697,gate_planes_mbv3large,0.827754869510806,0.8172956424048431,0.5639043889605944,0.8049175415408707,0.7730842574476047,0.7372592614037143,0.6729534775592737,0.5464524296283421,0.3454694459146899,0.11077768797375358,0.003079276222045693,629,1,,5297,,,0.4,118722.657844864,14630.615851740004
reports/planes/cascade/gate_planes_mbv3large_isotonic.json,,isotonic,111335.01964288,12441.839200037066,0.8857844062676987,real,2971.0423814400006,1695.2160883956822,0.8459302325581395,gate_planes_mbv3large,0.8275365157562415,0.8169699442959562,0.5605799790799368,0.7958469915169241,0.7725893365463015,0.7284744237343189,0.6651108494499324,0.5396620084482382,0.34567899330110285,0.11085145152830654,0.003079276222045693,605,1,,5297,,,0.45,114306.06202432,14137.055288432748
reports/planes/cascade/gate_planes_mbv3large_isotonic.json,,isotonic,111335.01964288,12441.839200037066,0.8857844062676987,real,2971.0423814400006,1695.2160883956822,0.8459302325581395,gate_planes_mbv3large,0.8275365157562415,0.8169699442959562,0.5605799790799368,0.7958469915169241,0.7725893365463015,0.7284744237343189,0.6651108494499324,0.5396620084482382,0.34567899330110285,0.11085145152830654,0.003079276222045693,605,1,,5297,,,0.5,114306.06202432,14137.055288432748
reports/planes/cascade/gate_planes_mbv3large_isotonic.json,,isotonic,110966.969991168,12400.709153094795,0.886161978478384,real,2971.0423814400006,1695.2160883956822,0.8444767441860465,gate_planes_mbv3large,0.8275405099063196,0.8169739276227634,0.5605811540030238,0.7958489470305016,0.772591152786708,0.7284744237343189,0.6651108494499324,0.5396620084482382,0.34567899330110285,0.11085145152830654,0.003079276222045693,603,1,,5297,,,0.55,113938.012372608,14095.925241490477
reports/planes/cascade/gate_planes_mbv3large_isotonic.json,,isotonic,110966.969991168,12400.709153094795,0.886161978478384,real,2971.0423814400006,1695.2160883956822,0.8444767441860465,gate_planes_mbv3large,0.8275405099063196,0.8169739276227634,0.5605811540030238,0.7958489470305016,0.772591152786708,0.7284744237343189,0.6651108494499324,0.5396620084482382,0.34567899330110285,0.11085145152830654,0.003079276222045693,603,1,,5297,,,0.6000000000000001,113938.012372608,14095.925241490477
reports/planes/cascade/gate_planes_mbv3large_isotonic.json,,isotonic,107654.52312576001,12030.538730614353,0.8895601283745517,real,2971.0423814400006,1695.2160883956822,0.8284883720930233,gate_planes_mbv3large,0.8083070390689058,0.8067414641403539,0.5525416054152175,0.785515941524719,0.753880573071413,0.7185162364183474,0.6557946111326898,0.5382290800925752,0.3446939750276839,0.11065785745344121,0.003079276222045693,585,1,,5297,,,0.65,110625.56550720001,13725.754819010035
reports/planes/cascade/gate_planes_mbv3large_isotonic.json,,isotonic,107654.52312576001,12030.538730614353,0.8895601283745517,real,2971.0423814400006,1695.2160883956822,0.8284883720930233,gate_planes_mbv3large,0.8083070390689058,0.8067414641403539,0.5525416054152175,0.785515941524719,0.753880573071413,0.7185162364183474,0.6557946111326898,0.5382290800925752,0.3446939750276839,0.11065785745344121,0.003079276222045693,585,1,,5297,,,0.7000000000000001,110625.56550720001,13725.754819010035
reports/planes/cascade/gate_planes_mbv3large_isotonic.json,,isotonic,107654.52312576001,12030.538730614353,0.8895601283745517,real,2971.0423814400006,1695.2160883956822,0.8284883720930233,gate_planes_mbv3large,0.8083070390689058,0.8067414641403539,0.5525416054152175,0.785515941524719,0.753880573071413,0.7185162364183474,0.6557946111326898,0.5382290800925752,0.3446939750276839,0.11065785745344121,0.003079276222045693,585,1,,5297,,,0.75,110625.56550720001,13725.754819010035
reports/planes/cascade/gate_planes_mbv3large_isotonic.json,,isotonic,101397.679046656,11331.327932595741,0.8959788559562016,real,2971.0423814400006,1695.2160883956822,0.7906976744186046,gate_planes_mbv3large,0.778175624673737,0.7678228370333852,0.5329709275683461,0.7469128456893668,0.7244888349413391,0.690723582808666,0.6398088474122572,0.5265885802971055,0.3410759729362214,0.11103123518226449,0.0030809147091179706,551,1,,5297,,,0.8,104368.721428096,13026.544020991423
reports/planes/cascade/gate_planes_mbv3large_isotonic.json,,isotonic,98085.23218124801,10961.1575101153,0.8993770058523692,real,2971.0423814400006,1695.2160883956822,0.7688953488372093,gate_planes_mbv3large,0.7686833052868335,0.7582721432480659,0.5266410396912148,0.7375724149177505,0.7152604231034023,0.6818144957104314,0.6313424996451803,0.5253339287531964,0.3347172203113007,0.11032142056028711,0.003092545375699567,533,1,,5297,,,0.8500000000000001,101056.274562688,12656.373598510982
reports/planes/cascade/gate_planes_mbv3large_isotonic.json,,isotonic,98085.23218124801,10961.1575101153,0.8993770058523692,real,2971.0423814400006,1695.2160883956822,0.7688953488372093,gate_planes_mbv3large,0.7686833052868335,0.7582721432480659,0.5266410396912148,0.7375724149177505,0.7152604231034023,0.6818144957104314,0.6313424996451803,0.5253339287531964,0.3347172203113007,0.11032142056028711,0.003092545375699567,533,1,,5297,,,0.9,101056.274562688,12656.373598510982
reports/planes/cascade/gate_planes_mbv3large_isotonic.json,,isotonic,92564.487405568,10344.20680598123,0.9050405890126487,real,2971.0423814400006,1695.2160883956822,0.7296511627906976,gate_planes_mbv3large,0.7187809393714939,0.7084060422769234,0.49228751712195545,0.6878526392588266,0.6657434633446146,0.6327228205284343,0.5914482776690579,0.4897427263295553,0.3182912847165085,0.1067842330123066,0.00310274471183405,503,1,,5297,,,0.9500000000000001,95535.529787008,12039.422894376912
reports/planes/cascade/gate_planes_mbv3large_isotonic.json,,isotonic,0.0,0.0,1.0,real,2971.0423814400006,1695.2160883956822,0.0,gate_planes_mbv3large,0.0,0.0,0.0,0.0,0.0,0.0,0.0,0.0,0.0,0.0,0.0,0,1,,5297,,,1.0,2971.0423814400006,1695.2160883956822
reports/planes/cascade/gate_planes_mbv3large_platt.json,,platt,974779.5025592321,108932.92932660552,0.0,real,2971.0423814400006,1695.2160883956822,1.0,gate_planes_mbv3large,0.9151257181537812,0.9042543076046732,0.6147767152440035,0.8824829661262232,0.8495621415969103,0.8022978286195456,0.7266642488263374,0.5877931411437782,0.36292315389451707,0.11358925181370712,0.003074394660561391,5297,1,,5297,,,0.0,977750.5449406721,110628.1454150012
reports/planes/cascade/gate_planes_mbv3large_platt.json,,platt,198746.81192448002,22210.225348826498,0.7961110062299415,real,2971.0423814400006,1695.2160883956822,0.9593023255813954,gate_planes_mbv3large,0.9054601916149954,0.8947321425629146,0.6089099529533387,0.8730214192679262,0.8402405180736985,0.7944528811873366,0.7194538634089392,0.5814833971156033,0.3634749968426951,0.11370572479871699,0.003074394660561391,1080,1,,5297,,,0.05,201717.85430592002,23905.44143722218
reports/planes/cascade/gate_planes_mbv3large_platt.json,,platt,170038.939090944,19002.081687329337,0.8255616386633944,real,2971.0423814400006,1695.2160883956822,0.9491279069767442,gate_planes_mbv3large,0.8963928727860935,0.8857500294393552,0.6062343950293181,0.8642914503197412,0.840225368580903,0.7944354178017456,0.7194921430772755,0.581524246183563,0.36344382079982457,0.11371420664411833,0.003074394660561391,924,1,,5297,,,0.1,173009.981472384,20697.29777572502
reports/planes/cascade/gate_planes_mbv3large_platt.json,,platt,154580.85371904,17274.619715753943,0.8414196715121767,real,2971.0423814400006,1695.2160883956822,0.934593023255814,gate_planes_mbv3large,0.8863980972453177,0.8757264942975287,0.5998659259939554,0.8543109053933678,0.8220742764259816,0.7852530077810944,0.7116712516747077,0.5819368909469338,0.36412418873458535,0.11408975277947639,0.003074394660561391,840,1,,5297,,,0.15000000000000002,157551.89610048,18969.835804149625
reports/planes/cascade/gate_planes_mbv3large_platt.json,,platt,142435.21521254402,15917.32816665899,0.8538795544647914,real,2971.0423814400006,1695.2160883956822,0.9258720930232558,gate_planes_mbv3large,0.8863007601490914,0.8756271631321875,0.5998393060434754,0.8541832226752395,0.8220163997883767,0.7850406398597575,0.7115744153679486,0.5821711847616606,0.36428644096214724,0.1141184390777822,0.003074394660561391,774,1,,5297,,,0.2,145406.25759398402,17612.544255054672
reports/planes/cascade/gate_planes_mbv3large_platt.json,,platt,134154.098049024,14991.902110457886,0.8623749292052105,real,2971.0423814400006,1695.2160883956822,0.9098837209302325,gate_planes_mbv3large,0.8769478384561936,0.8663643491036027,0.5957369812492954,0.8451102081676679,0.8218020676695584,0.7768247142019598,0.7115734765612806,0.5820397916352192,0.35949712183486915,0.11413585020204135,0.003074394660561391,729,1,,5297,,,0.25,137125.140430464,16687.118198853568
reports/planes/cascade/gate_planes_mbv3large_platt.json,,platt,128817.37809920001,14395.516429794952,0.8678497262601472,real,2971.0423814400006,1695.2160883956822,0.8982558139534884,gate_planes_mbv3large,0.8670783565268144,0.8564915933900414,0.5890293203826704,0.8352661186005972,0.8119987926584274,0.7671390662410057,0.7022151996961253,0.5736488814573202,0.35915042505997635,0.11423037553583341,0.003074394660561391,700,1,,5297,,,0.30000000000000004,131788.42048064002,16090.732518190634
reports/planes/cascade/gate_planes_mbv3large_platt.json,,platt,123296.63332352,13778.565725660883,0.8735133094204266,real,2971.0423814400006,1695.2160883956822,0.876453488372093,gate_planes_mbv3large,0.8374641724834297,0.8269119275314827,0.5678543323275467,0.8057336412091977,0.7823957412537577,0.7460050859028196,0.6737055077244443,0.5469068211783741,0.34558585006526266,0.11075529970465306,0.003079276222045693,670,1,,5297,,,0.35000000000000003,126267.67570496,15473.781814056565
reports/planes/cascade/gate_planes_mbv3large_platt.json,,platt,119248.08715468801,13326.135209295899,0.8776666037379649,real,2971.0423814400006,1695.2160883956822,0.8691860465116279,gate_planes_mbv3large,0.837099508738991,0.8265518672748473,0.5659928843691009,0.8053379826945599,0.7734057418584437,0.7376865344281135,0.6734100773986673,0.5469237846464692,0.34567063188578756,0.1107634385430841,0.003079276222045693,648,1,,5297,,,0.4,122219.129536128,15021.35129769158
reports/planes/cascade/gate_planes_mbv3large_platt.json,,platt,115751.61546342401,12935.399763344321,0.8812535397394752,real,2971.0423814400006,1695.2160883956822,0.8604651162790697,gate_planes_mbv3large,0.827754869510806,0.8172956424048431,0.5639043889605944,0.8049175415408707,0.7730842574476047,0.7372592614037143,0.6729534775592737,0.5464524296283421,0.3454694459146899,0.11077768797375358,0.003079276222045693,629,1,,5297,,,0.45,118722.657844864,14630.615851740004
reports/planes/cascade/gate_planes_mbv3large_platt.json,,platt,114095.39203072,12750.3145521041,0.882952614687559,real,2971.0423814400006,1695.2160883956822,0.8531976744186046,gate_planes_mbv3large,0.8276530584918127,0.8171495599275385,0.5629942514936921,0.7960236205900854,0.7728400702515341,0.7370093211179128,0.673138947533271,0.5465489444817236,0.34568935436204085,0.11081036195895665,0.003079276222045693,620,1,,5297,,,0.5,117066.43441216,14445.530640499783
reports/planes/cascade/gate_planes_mbv3large_platt.json,,platt,112623.193423872,12585.794364335015,0.8844629035303002,real,2971.0423814400006,1695.2160883956822,0.8473837209302325,gate_planes_mbv3large,0.8275725775319819,0.8170322667427687,0.5620993754334205,0.7959008959052726,0.7726809215585426,0.7367250515778038,0.6652081430785395,0.5462656672232923,0.34570765798740805,0.11082129650654968,0.003079276222045693,612,1,,5297,,,0.55,115594.235805312,14281.010452730698
reports/planes/cascade/gate_planes_mbv3large_platt.json,,platt,110230.870687744,12318.449059210252,0.8869171228997546,real,2971.0423814400006,1695.2160883956822,0.8386627906976745,gate_planes_mbv3large,0.8181033887613597,0.8165315080117779,0.5586297660030645,0.7953051944865015,0.7635707141977336,0.7281895730149701,0.6650577749913396,0.5398689568977537,0.3457281484803409,0.11086312496682166,0.003079276222045693,599,1,,5297,,,0.6000000000000001,113201.913069184,14013.665147605934
reports/planes/cascade/gate_planes_mbv3large_platt.json,,platt,107470.49829990401,12009.973707143217,0.8897489144798942,real,2971.0423814400006,1695.2160883956822,0.8270348837209303,gate_planes_mbv3large,0.8082945541138451,0.8067225428310253,0.5525355693698306,0.7855044408103101,0.7538784285192978,0.718504403630176,0.6557870618387094,0.5382320130379367,0.3446951152415188,0.11065785745344121,0.003079276222045693,584,1,,5297,,,0.65,110441.540681344,13705.1897955389
reports/planes/cascade/gate_planes_mbv3large_platt.json,,platt,105814.2748672,11824.888495902997,0.8914479894279781,real,2971.0423814400006,1695.2160883956822,0.813953488372093,gate_planes_mbv3large,0.8079168466187879,0.7974450914501431,0.5493728165394116,0.776376985370167,0.7532943959823483,0.7178340822996745,0.6555245064963032,0.5317204952744621,0.3397764439720958,0.11076004170808719,0.003079276222045693,575,1,,5297,,,0.7000000000000001,108785.31724864,13520.104584298679
reports/planes/cascade/gate_planes_mbv3large_platt.json,,platt,102869.87765350401,11495.848120364826,0.8944685671134605,real,2971.0423814400006,1695.2160883956822,0.7994186046511628,gate_planes_mbv3large,0.7984445299586908,0.7879720443819314,0.5447087165519056,0.775710770484271,0.7441595056687544,0.708950916449003,0.6471711929237817,0.5313883518650845,0.33954347876478386,0.1106670988007094,0.003079276222045693,559,1,,5297,,,0.75,105840.920034944,13191.064208760508
reports/planes/cascade/gate_planes_mbv3large_platt.json,,platt,99925.480439808,11166.807744826656,0.8974891447989428,real,2971.0423814400006,1695.2160883956822,0.7805232558139535,gate_planes_mbv3large,0.7688477501317277,0.7584382781028226,0.5284914779981279,0.7464959754173628,0.7154231071895122,0.690448656890774,0.6315558038928334,0.5256601751105295,0.3346516973634663,0.11030079050655159,0.003092545375699567,543,1,,5297,,,0.8,102896.522821248,12862.023833222338
reports/planes/cascade/gate_planes_mbv3large_platt.json,,platt,97349.132877824,10878.897416230757,0.9001321502737398,real,2971.0423814400006,1695.2160883956822,0.7630813953488372,gate_planes_mbv3large,0.7683738780339883,0.7580273292960501,0.5265135202089761,0.7373821987071995,0.7150973565569434,0.6817137600876189,0.6312760215067111,0.5251914117423095,0.33463214721471624,0.11034855356852451,0.003092545375699567,529,1,,5297,,,0.8500000000000001,100320.175259264,12574.113504626439
reports/planes/cascade/gate_planes_mbv3large_platt.json,,platt,93484.61153484801,10447.031923336908,0.9040966584859355,real,2971.0423814400006,1695.2160883956822,0.7354651162790697,gate_planes_mbv3large,0.7193574888081712,0.7089405478190016,0.4943370136757615,0.6970240386197604,0.6662864921618633,0.6417017363812867,0.5921268700701156,0.48974751549569545,0.3183460002607706,0.10673670242911659,0.00310274471183405,508,1,,5297,,,0.9,96455.653916288,12142.24801173259
reports/planes/cascade/gate_planes_mbv3large_platt.json,,platt,89252.04054016,9974.036383500788,0.9084387389088163,real,2971.0423814400006,1695.2160883956822,0.7034883720930233,gate_planes_mbv3large,0.6696107249336293,0.6592354164303077,0.4571367889357546,0.6386487202660608,0.616650736305296,0.592337104662002,0.5439664652299281,0.45296183852644295,0.2910766397164229,0.10377057738031994,0.0031096659071358046,485,1,,5297,,,0.9500000000000001,92223.0829216,11669.25247189647
reports/planes/cascade/gate_planes_mbv3large_platt.json,,platt,0.0,0.0,1.0,real,2971.0423814400006,1695.2160883956822,0.0,gate_planes_mbv3large,0.0,0.0,0.0,0.0,0.0,0.0,0.0,0.0,0.0,0.0,0.0,0,1,,5297,,,1.0,2971.0423814400006,1695.2160883956822
reports/planes/cascade/gate_planes_mbv3large_temperature.json,,temperature,974779.5025592321,108932.92932660552,0.0,real,2971.0423814400006,1695.2160883956822,1.0,gate_planes_mbv3large,0.9151257181537812,0.9042543076046732,0.6147767152440035,0.8824829661262232,0.8495621415969103,0.8022978286195456,0.7266642488263374,0.5877931411437782,0.36292315389451707,0.11358925181370712,0.003074394660561391,5297,1,,5297,,,0.0,977750.5449406721,110628.1454150012
reports/planes/cascade/gate_planes_mbv3large_temperature.json,,temperature,201323.15948646402,22498.135677422397,0.7934680007551445,real,2971.0423814400006,1695.2160883956822,0.9593023255813954,gate_planes_mbv3large,0.9054601916149954,0.8947321425629146,0.6089099529533387,0.8730214192679262,0.8402405180736985,0.7944528811873366,0.7194538634089392,0.5814833971156033,0.3634749968426951,0.11370572479871699,0.003074394660561391,1094,1,,5297,,,0.05,204294.20186790402,24193.35176581808
reports/planes/cascade/gate_planes_mbv3large_temperature.json,,temperature,172431.261827072,19269.4269924541,0.8231074192939399,real,2971.0423814400006,1695.2160883956822,0.9505813953488372,gate_planes_mbv3large,0.8964478837039987,0.8858076328283879,0.606229561750019,0.864339558796464,0.8401632110597758,0.7943809189952248,0.719439276844564,0.5814964619337066,0.36343277726525197,0.11371350141225371,0.003074394660561391,937,1,,5297,,,0.1,175402.304208512,20964.643080849783
reports/planes/cascade/gate_planes_mbv3large_temperature.json,,temperature,156973.176455168,17541.965020878706,0.8389654521427223,real,2971.0423814400006,1695.2160883956822,0.936046511627907,gate_planes_mbv3large,0.8863980972453177,0.8757264942975287,0.5998659259939554,0.8543109053933678,0.8220742764259816,0.7852530077810944,0.7116712516747077,0.5819368909469338,0.36412418873458535,0.11408975277947639,0.003074394660561391,853,1,,5297,,,0.15000000000000002,159944.218836608,19237.18110927439
reports/planes/cascade/gate_planes_mbv3large_temperature.json,,temperature,145011.562774528,16205.23849525489,0.8512365489899943,real,2971.0423814400006,1695.2160883956822,0.9302325581395349,gate_planes_mbv3large,0.8863916630296724,0.8757163711187596,0.5998837567725046,0.8542550635378944,0.8220417258970614,0.7851786408657891,0.7115752903712451,0.5822120380242704,0.36427394114200945,0.1141184390777822,0.003074394660561391,788,1,,5297,,,0.2,147982.605155968,17900.45458365057
reports/planes/cascade/gate_planes_mbv3large_temperature.json,,temperature,137098.49526272,15320.942485996056,0.8593543515197282,real,2971.0423814400006,1695.2160883956822,0.9200581395348837,gate_planes_mbv3large,0.8861835286614841,0.8754838399728041,0.5997922545951615,0.8540617649656592,0.8219642746424044,0.7849415454218065,0.7116143012911766,0.5821764819812613,0.3643032612632559,0.11411915309120034,0.003074394660561391,745,1,,5297,,,0.25,140069.53764416,17016.15857439174
reports/planes/cascade/gate_planes_mbv3large_temperature.json,,temperature,130473.601531904,14580.601641035173,0.8661506513120634,real,2971.0423814400006,1695.2160883956822,0.8997093023255814,gate_planes_mbv3large,0.8670811771048601,0.8565038700737506,0.589037831013018,0.8352722305610241,0.8120354496372693,0.7671621226210702,0.7022603620970321,0.5737486296896608,0.35903666821513774,0.11420340546981256,0.003074394660561391,709,1,,5297,,,0.30000000000000004,133444.643913344,16275.817729430855
reports/planes/cascade/gate_planes_mbv3large_temperature.json,,temperature,124952.856756224,13963.650936901104,0.8718142344723429,real,2971.0423814400006,1695.2160883956822,0.8837209302325582,gate_planes_mbv3large,0.8571897642713731,0.8466450902163427,0.5823126046764711,0.8254354833804035,0.8021781757839849,0.7574831238547362,0.6929806156249775,0.5653782848392843,0.3584758455071254,0.11428526862592095,0.003074394660561391,679,1,,5297,,,0.35000000000000003,127923.899137664,15658.867025296786
reports/planes/cascade/gate_planes_mbv3large_temperature.json,,temperature,121088.335413248,13531.785444007255,0.8757787426845385,real,2971.0423814400006,1695.2160883956822,0.872093023255814,gate_planes_mbv3large,0.8371760750414368,0.8266416097608282,0.5668658945242515,0.8054272983647379,0.7818569535146869,0.7377041373360793,0.6734238493750411,0.5469156751987876,0.34567063188578756,0.1107634385430841,0.003079276222045693,658,1,,5297,,,0.4,124059.377794688,15227.001532402937
reports/planes/cascade/gate_planes_mbv3large_temperature.json,,temperature,116855.76441856001,13058.789904171135,0.8801208231074193,real,2971.0423814400006,1695.2160883956822,0.8633720930232558,gate_planes_mbv3large,0.8277848825076678,0.8173090204713909,0.5639383020679469,0.8049653017058398,0.7731172683445642,0.737289817383541,0.6730023199270274,0.546538873409226,0.3455250991429217,0.11077116156524477,0.003079276222045693,635,1,,5297,,,0.45,119826.8068,14754.005992566817
reports/planes/cascade/gate_planes_mbv3large_temperature.json,,temperature,115383.565811712,12894.26971640205,0.8816311119501605,real,2971.0423814400006,1695.2160883956822,0.8575581395348837,gate_planes_mbv3large,0.8277539185403449,0.81728107664307,0.5630654274846256,0.7961296097025082,0.7730143852222752,0.7371993609002997,0.6732140305223373,0.5466272994798979,0.3455633303643773,0.11079198724909974,0.003079276222045693,627,1,,5297,,,0.5,118354.608193152,14589.485804797732
reports/planes/cascade/gate_planes_mbv3large_temperature.json,,temperature,113543.31755315201,12688.619481690694,0.883518973003587,real,2971.0423814400006,1695.2160883956822,0.8502906976744186,gate_planes_mbv3large,0.8276197453443237,0.8171222041026265,0.5629765606930471,0.7959872593705517,0.7728216067111774,0.7369268099068198,0.6730812052428318,0.5466027195190786,0.3457111689507167,0.11081361156029984,0.003079276222045693,617,1,,5297,,,0.55,116514.35993459201,14383.835570086376
reports/planes/cascade/gate_planes_mbv3large_temperature.json,,temperature,111519.044468736,12462.404223508202,0.885595620162356,real,2971.0423814400006,1695.2160883956822,0.8459302325581395,gate_planes_mbv3large,0.8275365157562415,0.8169699442959562,0.5605799790799368,0.7958469915169241,0.7725893365463015,0.7284744237343189,0.6651108494499324,0.5396620084482382,0.34567899330110285,0.11085145152830654,0.003079276222045693,606,1,,5297,,,0.6000000000000001,114490.086850176,14157.620311903884
reports/planes/cascade/gate_planes_mbv3large_temperature.json,,temperature,109678.796210176,12256.753988796845,0.8874834812157826,real,2971.0423814400006,1695.2160883956822,0.8357558139534884,gate_planes_mbv3large,0.818110146685919,0.8076149966365448,0.5577334312026703,0.7952937208554409,0.7635630288332936,0.7281812436825151,0.6650399482651819,0.5398592746694324,0.34572955120950805,0.11086312496682166,0.003079276222045693,596,1,,5297,,,0.65,112649.838591616,13951.970077192527
reports/planes/cascade/gate_planes_mbv3large_temperature.json,,temperature,107102.448648192,11968.843660200946,0.8901264866905796,real,2971.0423814400006,1695.2160883956822,0.8241279069767442,gate_planes_mbv3large,0.8082987547252989,0.806726275645485,0.55253590343136,0.7854933168933602,0.7538804211631148,0.7185063339361671,0.6557870618387094,0.5382334804680533,0.34469625596792447,0.11065785745344121,0.003079276222045693,582,1,,5297,,,0.7000000000000001,110073.491029632,13664.059748596628
reports/planes/cascade/gate_planes_mbv3large_temperature.json,,temperature,104710.125912064,11701.498355076183,0.8925807060600339,real,2971.0423814400006,1695.2160883956822,0.8081395348837209,gate_planes_mbv3large,0.8077871515297358,0.7973400174327236,0.5492276364281953,0.7762305311756709,0.7530744148123898,0.7174977186745801,0.655408287482284,0.5315566044505324,0.3396132904162224,0.1106890720857672,0.003079276222045693,569,1,,5297,,,0.75,107681.168293504,13396.714443471865
reports/planes/cascade/gate_planes_mbv3large_temperature.json,,temperature,102317.803175936,11434.15304995142,0.8950349254294884,real,2971.0423814400006,1695.2160883956822,0.7950581395348837,gate_planes_mbv3large,0.7881551445457842,0.7777510801761566,0.5397766986117547,0.7568214340098423,0.7342882728451489,0.7002559612494025,0.6490365915794847,0.5347674755161133,0.34237144689279647,0.11123866459370034,0.0030809147091179706,556,1,,5297,,,0.8,105288.845557376,13129.369138347101
reports/planes/cascade/gate_planes_mbv3large_temperature.json,,temperature,97717.182529536,10920.027463173028,0.8997545780630546,real,2971.0423814400006,1695.2160883956822,0.7659883720930233,gate_planes_mbv3large,0.7686644657592506,0.758243801374906,0.5266469396799976,0.7375512639222283,0.7153026359580633,0.681848551654754,0.6313702272109181,0.5253510538495498,0.3347226621257351,0.11032218956887131,0.003092545375699567,531,1,,5297,,,0.8500000000000001,100688.224910976,12615.24355156871
reports/planes/cascade/gate_planes_mbv3large_temperature.json,,temperature,95140.834967552,10632.117134577129,0.9023975835378516,real,2971.0423814400006,1695.2160883956822,0.747093023255814,gate_planes_mbv3large,0.7286946859668569,0.718274000306042,0.49722762596615133,0.697648971382196,0.67541432170536,0.6421468377773483,0.5925487389033878,0.4895433232564928,0.31826643489946266,0.10663620075253404,0.00310274471183405,517,1,,5297,,,0.9,98111.877348992,12327.333222972811
reports/planes/cascade/gate_planes_mbv3large_temperature.json,,temperature,89804.115017728,10035.731453914195,0.9078723805927884,real,2971.0423814400006,1695.2160883956822,0.7078488372093024,gate_planes_mbv3large,0.669757144813068,0.6593644767113397,0.45868082261933746,0.6474936913060294,0.6168687205407074,0.5925533340165736,0.5441952148502811,0.4532465200480803,0.296406774648937,0.1038126833512221,0.0031096659071358046,488,1,,5297,,,0.9500000000000001,92775.157399168,11730.947542309877
reports/planes/cascade/gate_planes_mbv3large_temperature.json,,temperature,0.0,0.0,1.0,real,2971.0423814400006,1695.2160883956822,0.0,gate_planes_mbv3large,0.0,0.0,0.0,0.0,0.0,0.0,0.0,0.0,0.0,0.0,0.0,0,1,,5297,,,1.0,2971.0423814400006,1695.2160883956822
reports/planes/cascade/gate_planes_mbv3small_context_adaptive.json,,context_adaptive,974779.5025592321,108932.92932660552,0.0,real,764.76475712,868.7368913233513,1.0,gate_planes_mbv3small,0.9151257181537812,0.9042543353094928,0.6147769853555933,0.8824830152318285,0.8495622191389536,0.8022978991215035,0.7266678294128557,0.5877920368187324,0.36292315389451707,0.11358925181370712,0.003074394660561391,5297,1,,5297,,,0.0,975544.2673163521,109801.66621792887
reports/planes/cascade/gate_planes_mbv3small_context_adaptive.json,,context_adaptive,974779.5025592321,108932.92932660552,0.0,real,764.76475712,868.7368913233513,1.0,gate_planes_mbv3small,0.9151257181537812,0.9042543353094928,0.6147769853555933,0.8824830152318285,0.8495622191389536,0.8022978991215035,0.7266678294128557,0.5877920368187324,0.36292315389451707,0.11358925181370712,0.003074394660561391,5297,1,,5297,,,0.05,975544.2673163521,109801.66621792887
reports/planes/cascade/gate_planes_mbv3small_context_adaptive.json,,context_adaptive,974779.5025592321,108932.92932660552,0.0,real,764.76475712,868.7368913233513,1.0,gate_planes_mbv3small,0.9151257181537812,0.9042543353094928,0.6147769853555933,0.8824830152318285,0.8495622191389536,0.8022978991215035,0.7266678294128557,0.5877920368187324,0.36292315389451707,0.11358925181370712,0.003074394660561391,5297,1,,5297,,,0.1,975544.2673163521,109801.66621792887
reports/planes/cascade/gate_planes_mbv3small_context_adaptive.json,,context_adaptive,974779.5025592321,108932.92932660552,0.0,real,764.76475712,868.7368913233513,1.0,gate_planes_mbv3small,0.9151257181537812,0.9042543353094928,0.6147769853555933,0.8824830152318285,0.8495622191389536,0.8022978991215035,0.7266678294128557,0.5877920368187324,0.36292315389451707,0.11358925181370712,0.003074394660561391,5297,1,,5297,,,0.15000000000000002,975544.2673163521,109801.66621792887
reports/planes/cascade/gate_planes_mbv3small_context_adaptive.json,,context_adaptive,974779.5025592321,108932.92932660552,0.0,real,764.76475712,868.7368913233513,1.0,gate_planes_mbv3small,0.9151257181537812,0.9042543353094928,0.6147769853555933,0.8824830152318285,0.8495622191389536,0.8022978991215035,0.7266678294128557,0.5877920368187324,0.36292315389451707,0.11358925181370712,0.003074394660561391,5297,1,,5297,,,0.2,975544.2673163521,109801.66621792887
reports/planes/cascade/gate_planes_mbv3small_context_adaptive.json,,context_adaptive,974779.5025592321,108932.92932660552,0.0,real,764.76475712,868.7368913233513,1.0,gate_planes_mbv3small,0.9151257181537812,0.9042543353094928,0.6147769853555933,0.8824830152318285,0.8495622191389536,0.8022978991215035,0.7266678294128557,0.5877920368187324,0.36292315389451707,0.11358925181370712,0.003074394660561391,5297,1,,5297,,,0.25,975544.2673163521,109801.66621792887
reports/planes/cascade/gate_planes_mbv3small_context_adaptive.json,,context_adaptive,974779.5025592321,108932.92932660552,0.0,real,764.76475712,868.7368913233513,1.0,gate_planes_mbv3small,0.9151257181537812,0.9042543353094928,0.6147769853555933,0.8824830152318285,0.8495622191389536,0.8022978991215035,0.7266678294128557,0.5877920368187324,0.36292315389451707,0.11358925181370712,0.003074394660561391,5297,1,,5297,,,0.30000000000000004,975544.2673163521,109801.66621792887
reports/planes/cascade/gate_planes_mbv3small_context_adaptive.json,,context_adaptive,974779.5025592321,108932.92932660552,0.0,real,764.76475712,868.7368913233513,1.0,gate_planes_mbv3small,0.9151257181537812,0.9042543353094928,0.6147769853555933,0.8824830152318285,0.8495622191389536,0.8022978991215035,0.7266678294128557,0.5877920368187324,0.36292315389451707,0.11358925181370712,0.003074394660561391,5297,1,,5297,,,0.35000000000000003,975544.2673163521,109801.66621792887
reports/planes/cascade/gate_planes_mbv3small_context_adaptive.json,,context_adaptive,974779.5025592321,108932.92932660552,0.0,real,764.76475712,868.7368913233513,1.0,gate_planes_mbv3small,0.9151257181537812,0.9042543353094928,0.6147769853555933,0.8824830152318285,0.8495622191389536,0.8022978991215035,0.7266678294128557,0.5877920368187324,0.36292315389451707,0.11358925181370712,0.003074394660561391,5297,1,,5297,,,0.4,975544.2673163521,109801.66621792887
reports/planes/cascade/gate_planes_mbv3small_context_adaptive.json,,context_adaptive,974779.5025592321,108932.92932660552,0.0,real,764.76475712,868.7368913233513,1.0,gate_planes_mbv3small,0.9151257181537812,0.9042543353094928,0.6147769853555933,0.8824830152318285,0.8495622191389536,0.8022978991215035,0.7266678294128557,0.5877920368187324,0.36292315389451707,0.11358925181370712,0.003074394660561391,5297,1,,5297,,,0.45,975544.2673163521,109801.66621792887
reports/planes/cascade/gate_planes_mbv3small_context_adaptive.json,,context_adaptive,400990.095540224,44811.18614360457,0.5886350764583727,real,764.76475712,868.7368913233513,0.9520348837209303,gate_planes_mbv3small,0.9055401127264692,0.8947196363751003,0.6088410101090092,0.8729769793222939,0.8401419556425591,0.7941865037672035,0.7193912965203033,0.5814307926159779,0.36318163718826074,0.1137667922713619,0.003074394660561391,2179,1,,5297,,,0.5,401754.860297344,45679.923034927924
reports/planes/cascade/gate_planes_mbv3small_context_adaptive.json,,context_adaptive,171695.162523648,19187.166898569558,0.8238625637153105,real,764.76475712,868.7368913233513,0.8938953488372093,gate_planes_mbv3small,0.8571078016308102,0.8465653051479479,0.581661540800731,0.8341562381594455,0.8017651321279482,0.7567481092959375,0.6913839344533519,0.5625575766857291,0.35052396034423305,0.11272807393985985,0.003079276222045693,933,1,,5297,,,0.55,172459.927280768,20055.90378989291
reports/planes/cascade/gate_planes_mbv3small_context_adaptive.json,,context_adaptive,150716.332376064,16842.754222860094,0.8453841797243723,real,764.76475712,868.7368913233513,0.873546511627907,gate_planes_mbv3small,0.8467415417396312,0.8362306263477607,0.5737442683495304,0.8152628433540102,0.783108116908495,0.7475623835750835,0.6838546252820896,0.5568187154513558,0.3517336934268605,0.11305086118797117,0.003079276222045693,819,1,,5297,,,0.6000000000000001,151481.097133184,17711.491114183445
reports/planes/cascade/gate_planes_mbv3small_context_adaptive.json,,context_adaptive,139858.86765056002,15629.417838063091,0.8565225599395885,real,764.76475712,868.7368913233513,0.8633720930232558,gate_planes_mbv3small,0.8372011997843649,0.8266756176402998,0.5695355951530618,0.8057226370360191,0.7821444844031671,0.7383462277512433,0.6829068147766405,0.5568412179998676,0.35166886732044406,0.11076960859652672,0.003079276222045693,760,1,,5297,,,0.65,140623.63240768,16498.154729386442
reports/planes/cascade/gate_planes_mbv3small_context_adaptive.json,,context_adaptive,135626.296655872,15156.422298226971,0.8608646403624693,real,764.76475712,868.7368913233513,0.8561046511627907,gate_planes_mbv3small,0.817828894729234,0.8073712056468059,0.5621270765335005,0.7953623057356881,0.7640225905550888,0.7298558067417579,0.677512090878819,0.560310500435391,0.35459665188506445,0.11132980401803777,0.0030809147091179706,737,1,,5297,,,0.7000000000000001,136391.06141299198,16025.159189550322
reports/planes/cascade/gate_planes_mbv3small_context_adaptive.json,,context_adaptive,129921.52705433601,14518.906570621766,0.8667170096280914,real,764.76475712,868.7368913233513,0.8546511627906976,gate_planes_mbv3small,0.817828894729234,0.8073712056468059,0.5621270765335005,0.7953623057356881,0.7640225905550888,0.7298558067417579,0.677512090878819,0.560310500435391,0.35459665188506445,0.11132980401803777,0.0030809147091179706,706,1,,5297,,,0.75,130686.29181145602,15387.643461945117
reports/planes/cascade/gate_planes_mbv3small_context_adaptive.json,,context_adaptive,126057.00571136,14087.041077727918,0.8706815178402869,real,764.76475712,868.7368913233513,0.8473837209302325,gate_planes_mbv3small,0.8177389887325658,0.8073082409576119,0.5611938271977375,0.7865671951795055,0.7639095461028446,0.7298135444009207,0.6775054051974527,0.560230396006595,0.3544533861396146,0.11133065455114612,0.0030809147091179706,685,1,,5297,,,0.8,126821.77046848001,14955.777969051269
reports/planes/cascade/gate_planes_mbv3small_context_adaptive.json,,context_adaptive,122744.55884595201,13716.870655247476,0.8740796677364546,real,764.76475712,868.7368913233513,0.8415697674418605,gate_planes_mbv3small,0.8176938062195391,0.8071751644480226,0.5604606603062121,0.7864940213972176,0.763771422675189,0.7297002080268983,0.6772915214549898,0.5535601762876298,0.35450317587847097,0.11133619196504656,0.0030809147091179706,667,1,,5297,,,0.8500000000000001,123509.32360307201,14585.607546570827
reports/planes/cascade/gate_planes_mbv3small_context_adaptive.json,,context_adaptive,118880.037502976,13285.005162353627,0.8780441759486501,real,764.76475712,868.7368913233513,0.8343023255813954,gate_planes_mbv3small,0.80816786800627,0.7977835886253992,0.5553340549363923,0.785970110120806,0.7547564887483766,0.7207826332631267,0.6690300580856444,0.5532623621863585,0.3491651025690146,0.11134142304981003,0.0030809147091179706,646,1,,5297,,,0.9,119644.80226009601,14153.742053676979
reports/planes/cascade/gate_planes_mbv3small_context_adaptive.json,,context_adaptive,114279.416856576,12770.879575575236,0.8827638285822164,real,764.76475712,868.7368913233513,0.8125,gate_planes_mbv3small,0.8076267034252279,0.7973517336645977,0.5541967770971797,0.7767042992195495,0.7541691392392021,0.720474529593077,0.6687476902668958,0.5532354027050734,0.3492132272046383,0.11136413094441713,0.0030809147091179706,621,1,,5297,,,0.9500000000000001,115044.18161369601,13639.616466898588
reports/planes/cascade/gate_planes_mbv3small_context_adaptive.json,,context_adaptive,111703.069294592,12482.969246979337,0.8854068340570134,real,764.76475712,868.7368913233513,0.8023255813953488,gate_planes_mbv3small,0.7983862966529177,0.7880199735694997,0.5512244576792977,0.776304025459485,0.7451782280590608,0.7200116752589489,0.6682062027983116,0.5525775763583176,0.34911745357167356,0.11136223035564449,0.0030809147091179706,607,1,,5297,,,1.0,112467.83405171201,13351.706138302688
reports/planes/cascade/gate_planes_mbv3small_identity.json,,identity,974779.5025592321,108932.92932660552,0.0,real,764.76475712,868.7368913233513,1.0,gate_planes_mbv3small,0.9151257181537812,0.9042543353094928,0.6147769853555933,0.8824830152318285,0.8495622191389536,0.8022978991215035,0.7266678294128557,0.5877920368187324,0.36292315389451707,0.11358925181370712,0.003074394660561391,5297,1,,5297,,,0.0,975544.2673163521,109801.66621792887
reports/planes/cascade/gate_planes_mbv3small_identity.json,,identity,174087.485259776,19454.51220369432,0.8214083443458562,real,764.76475712,868.7368913233513,0.8953488372093024,gate_planes_mbv3small,0.8571078016308102,0.8465653051479479,0.5816611888936398,0.8341545133066783,0.8017633379098043,0.7567481092959375,0.6913839344533519,0.5625575766857291,0.35052396034423305,0.11272807393985985,0.003079276222045693,946,1,,5297,,,0.05,174852.250016896,20323.249095017673
reports/planes/cascade/gate_planes_mbv3small_identity.json,,identity,152188.530982912,17007.27441062918,0.8438738908816311,real,764.76475712,868.7368913233513,0.873546511627907,gate_planes_mbv3small,0.8467415417396312,0.8362306263477607,0.5737442683495304,0.8152628433540102,0.783108116908495,0.7475623835750835,0.6838546252820896,0.5568187154513558,0.3517336934268605,0.11305086118797117,0.003079276222045693,827,1,,5297,,,0.1,152953.295740032,17876.01130195253
reports/planes/cascade/gate_planes_mbv3small_identity.json,,identity,140778.99177984,15732.24295541877,0.8555786294128752,real,764.76475712,868.7368913233513,0.8633720930232558,gate_planes_mbv3small,0.8372011997843649,0.8266756176402998,0.5695355951530618,0.8057226370360191,0.7821444844031671,0.7383462277512433,0.6829068147766405,0.5568412179998676,0.35166886732044406,0.11076960859652672,0.003079276222045693,765,1,,5297,,,0.15000000000000002,141543.75653696,16600.97984674212
reports/planes/cascade/gate_planes_mbv3small_identity.json,,identity,135994.346307584,15197.552345169242,0.860487068151784,real,764.76475712,868.7368913233513,0.8575581395348837,gate_planes_mbv3small,0.817828894729234,0.8073712056468059,0.5621270765335005,0.7953623057356881,0.7640225905550888,0.7298558067417579,0.677512090878819,0.560310500435391,0.35459665188506445,0.11132980401803777,0.0030809147091179706,739,1,,5297,,,0.2,136759.111064704,16066.289236492594
reports/planes/cascade/gate_planes_mbv3small_identity.json,,identity,130105.55188019201,14539.471594092902,0.8665282235227487,real,764.76475712,868.7368913233513,0.8546511627906976,gate_planes_mbv3small,0.817828894729234,0.8073712056468059,0.5621270765335005,0.7953623057356881,0.7640225905550888,0.7298558067417579,0.677512090878819,0.560310500435391,0.35459665188506445,0.11132980401803777,0.0030809147091179706,707,1,,5297,,,0.25,130870.31663731202,15408.208485416253
reports/planes/cascade/gate_planes_mbv3small_identity.json,,identity,126425.05536307201,14128.171124670189,0.8703039456296017,real,764.76475712,868.7368913233513,0.8473837209302325,gate_planes_mbv3small,0.8177389887325658,0.8073082409576119,0.5611938271977375,0.7865671951795055,0.7639095461028446,0.7298135444009207,0.6775054051974527,0.560230396006595,0.3544533861396146,0.11133065455114612,0.0030809147091179706,687,1,,5297,,,0.30000000000000004,127189.82012019202,14996.90801599354
reports/planes/cascade/gate_planes_mbv3small_identity.json,,identity,123112.608497664,13758.000702189747,0.8737020955257693,real,764.76475712,868.7368913233513,0.8415697674418605,gate_planes_mbv3small,0.8176938062195391,0.8071751644480226,0.5604606603062121,0.7864940213972176,0.763771422675189,0.7297002080268983,0.6772915214549898,0.5535601762876298,0.35450317587847097,0.11133619196504656,0.0030809147091179706,669,1,,5297,,,0.35000000000000003,123877.373254784,14626.737593513099
reports/planes/cascade/gate_planes_mbv3small_identity.json,,identity,119248.08715468801,13326.135209295899,0.8776666037379649,real,764.76475712,868.7368913233513,0.8343023255813954,gate_planes_mbv3small,0.80816786800627,0.7977835886253992,0.5553340549363923,0.785970110120806,0.7547564887483766,0.7207826332631267,0.6690300580856444,0.5532623621863585,0.3491651025690146,0.11134142304981003,0.0030809147091179706,648,1,,5297,,,0.4,120012.85191180801,14194.87210061925
reports/planes/cascade/gate_planes_mbv3small_identity.json,,identity,114463.441682432,12791.444599046372,0.8825750424768737,real,764.76475712,868.7368913233513,0.813953488372093,gate_planes_mbv3small,0.8076267034252279,0.7973517336645977,0.5541967770971797,0.7767042992195495,0.7541691392392021,0.720474529593077,0.6687476902668958,0.5532354027050734,0.3492132272046383,0.11136413094441713,0.0030809147091179706,622,1,,5297,,,0.45,115228.20643955201,13660.181490369723
reports/planes/cascade/gate_planes_mbv3small_identity.json,,identity,112071.118946304,12524.099293921608,0.8850292618463281,real,764.76475712,868.7368913233513,0.8037790697674418,gate_planes_mbv3small,0.7983862966529177,0.7880199735694997,0.5512239370081157,0.7763021080482049,0.7451782280590608,0.7200116752589489,0.6682029134977707,0.5525775763583176,0.34911745357167356,0.11136223035564449,0.0030809147091179706,609,1,,5297,,,0.5,112835.88370342401,13392.83618524496
reports/planes/cascade/gate_planes_mbv3small_identity.json,,identity,108758.67208089601,12153.928871441167,0.8884274117424957,real,764.76475712,868.7368913233513,0.7906976744186046,gate_planes_mbv3small,0.7981713242898357,0.7878479962872861,0.547885334729143,0.7672885486262487,0.7449971515175271,0.7113087615517565,0.6601490076034567,0.5453843553044951,0.3492180244392391,0.1114072629624674,0.0030809147091179706,591,1,,5297,,,0.55,109523.43683801602,13022.665762764518
reports/planes/cascade/gate_planes_mbv3small_identity.json,,identity,106918.423822336,11948.27863672981,0.8903152727959223,real,764.76475712,868.7368913233513,0.7834302325581395,gate_planes_mbv3small,0.7980249185318328,0.7877483103240202,0.5479206707867814,0.7672215861955954,0.7448580198801367,0.7115368281280778,0.6603895871904609,0.545541231425133,0.34936527927563205,0.11144003220780724,0.0030809147091179706,581,1,,5297,,,0.6000000000000001,107683.18857945601,12817.015528053162
reports/planes/cascade/gate_planes_mbv3small_identity.json,,identity,105262.20038963201,11763.19342548959,0.892014347744006,real,764.76475712,868.7368913233513,0.7776162790697675,gate_planes_mbv3small,0.7978557092256032,0.7876284262200433,0.5478760269541031,0.7670895252953128,0.7446630237400125,0.7114422897721246,0.660472456908113,0.545572660392324,0.34948787440393725,0.11146738887444296,0.0030809147091179706,572,1,,5297,,,0.65,106026.96514675202,12631.93031681294
reports/planes/cascade/gate_planes_mbv3small_identity.json,,identity,103605.976956928,11578.108214249369,0.8937134226920899,real,764.76475712,868.7368913233513,0.7718023255813954,gate_planes_mbv3small,0.7887408827688768,0.7875077026679714,0.5469021169406509,0.7670187456495964,0.7445618304666709,0.7113752832728288,0.66041562532769,0.5455285748954656,0.34929768991046456,0.1114939197378254,0.0030809147091179706,563,1,,5297,,,0.7000000000000001,104370.74171404801,12446.84510557272
reports/planes/cascade/gate_planes_mbv3small_identity.json,,identity,101397.679046656,11331.327932595741,0.8959788559562016,real,764.76475712,868.7368913233513,0.7587209302325582,gate_planes_mbv3small,0.7885390207130766,0.7782413240636421,0.5449725996663879,0.7665308739248008,0.7355062596664033,0.7111016910251989,0.6605054390213158,0.5454705051604237,0.3492395039365818,0.11151046444331743,0.0030809147091179706,551,1,,5297,,,0.75,102162.44380377601,12200.064823919092
reports/planes/cascade/gate_planes_mbv3small_identity.json,,identity,100109.505265664,11187.372768297791,0.8973003586936001,real,764.76475712,868.7368913233513,0.7558139534883721,gate_planes_mbv3small,0.7884695368009202,0.7781670313694481,0.5448876292141867,0.7663941214572035,0.7354222870211653,0.7109675065107706,0.6602911659820558,0.5453306780205092,0.34923255120918884,0.11152049906148671,0.0030809147091179706,544,1,,5297,,,0.8,100874.27002278401,12056.109659621143
reports/planes/cascade/gate_planes_mbv3small_identity.json,,identity,97533.15770368,10899.462439701892,0.8999433641683972,real,764.76475712,868.7368913233513,0.7412790697674418,gate_planes_mbv3small,0.7685572303345618,0.7582261593460293,0.5293166272983463,0.7377400710892377,0.7155409870869076,0.6908648154015539,0.6408533488945952,0.5268910745118103,0.3407263510287419,0.11067870934286066,0.0030875259471648524,530,1,,5297,,,0.8500000000000001,98297.92246080001,11768.199331025244
reports/planes/cascade/gate_planes_mbv3small_identity.json,,identity,94220.710838272,10529.29201722145,0.9033415140645649,real,764.76475712,868.7368913233513,0.7267441860465116,gate_planes_mbv3small,0.7588722867203358,0.748598818121297,0.5229860358855476,0.7280367884355047,0.7059731335836518,0.6817467046751268,0.6320385576755094,0.5260786887745806,0.33503545332895324,0.11039240159335084,0.0030875259471648524,512,1,,5297,,,0.9,94985.47559539201,11398.028908544802
reports/planes/cascade/gate_planes_mbv3small_identity.json,,identity,90908.263972864,10159.12159474101,0.9067396639607325,real,764.76475712,868.7368913233513,0.7049418604651163,gate_planes_mbv3small,0.7487629325813386,0.7385825442528399,0.5158027215381489,0.7181164215433022,0.6961127113604919,0.671828045168905,0.6222620901397604,0.517365462398307,0.33428498186301947,0.10762450012635964,0.0030875259471648524,494,1,,5297,,,0.9500000000000001,91673.02872998401,11027.85848606436
reports/planes/cascade/gate_planes_mbv3small_identity.json,,identity,5520.74477568,616.9507041340694,0.9943364168397206,real,764.76475712,868.7368913233513,0.0436046511627907,gate_planes_mbv3small,0.039236728287104124,0.03916777642676548,0.02776839693345836,0.03910987589987069,0.03877947603372778,0.038376564929220196,0.028676200953428675,0.02770799468006502,0.0187018701870187,0.00668985817500669,0.0012376237623762376,30,1,,5297,,,1.0,6285.509532800001,1485.6875954574207
reports/planes/cascade/gate_planes_mbv3small_isotonic.json,,isotonic,974779.5025592321,108932.92932660552,0.0,real,764.76475712,868.7368913233513,1.0,gate_planes_mbv3small,0.9151257181537812,0.9042543353094928,0.6147769853555933,0.8824830152318285,0.8495622191389536,0.8022978991215035,0.7266678294128557,0.5877920368187324,0.36292315389451707,0.11358925181370712,0.003074394660561391,5297,1,,5297,,,0.0,975544.2673163521,109801.66621792887
reports/planes/cascade/gate_planes_mbv3small_isotonic.json,,isotonic,221197.840678912,24719.158212305047,0.7730791013781386,real,764.76475712,868.7368913233513,0.9229651162790697,gate_planes_mbv3small,0.8666396029517238,0.8560310132707184,0.5862293058226671,0.8347275271011059,0.8107483399123803,0.7655496587828248,0.6996839088084339,0.562773790294531,0.35035120203639364,0.11270873884651303,0.003079276222045693,1202,1,,5297,,,0.05,221962.605436032,25587.895103628398
reports/planes/cascade/gate_planes_mbv3small_isotonic.json,,isotonic,156605.12680345602,17500.834973936435,0.8393430243534076,real,764.76475712,868.7368913233513,0.8837209302325582,gate_planes_mbv3small,0.8570456151367478,0.8465358956629755,0.5809533216999805,0.8255921442625905,0.8018221183360549,0.7570378690212582,0.6919261752149414,0.5629935197017273,0.35073430189541305,0.112766301546051,0.003079276222045693,851,1,,5297,,,0.1,157369.891560576,18369.571865259786
reports/planes/cascade/gate_planes_mbv3small_isotonic.json,,isotonic,130105.55188019201,14539.471594092902,0.8665282235227487,real,764.76475712,868.7368913233513,0.8546511627906976,gate_planes_mbv3small,0.817828894729234,0.8073712056468059,0.5621270765335005,0.7953623057356881,0.7640225905550888,0.7298558067417579,0.677512090878819,0.560310500435391,0.35459665188506445,0.11132980401803777,0.0030809147091179706,707,1,,5297,,,0.15000000000000002,130870.31663731202,15408.208485416253
reports/planes/cascade/gate_planes_mbv3small_isotonic.json,,isotonic,126793.105014784,14169.30117161246,0.8699263734189164,real,764.76475712,868.7368913233513,0.8502906976744186,gate_planes_mbv3small,0.8177513907921872,0.8073174611227212,0.5612342236374237,0.7865789300041668,0.763945313267694,0.7298770104033772,0.6775263251030136,0.5603365375068988,0.35459854944702396,0.11132980401803777,0.0030809147091179706,689,1,,5297,,,0.2,127557.869771904,15038.038062935811
reports/planes/cascade/gate_planes_mbv3small_isotonic.json,,isotonic,123664.682975232,13819.695772603154,0.8731357372097414,real,764.76475712,868.7368913233513,0.8444767441860465,gate_planes_mbv3small,0.8177155673854976,0.8072468777707708,0.5604985649067726,0.7865488782698421,0.7638735161144053,0.7297842674579382,0.6774321279855489,0.5535090964090892,0.3544628973844558,0.11133150558106115,0.0030809147091179706,672,1,,5297,,,0.25,124429.44773235201,14688.432663926505
reports/planes/cascade/gate_planes_mbv3small_isotonic.json,,isotonic,117959.913373696,13182.18004499795,0.8789881064753634,real,764.76475712,868.7368913233513,0.8328488372093024,gate_planes_mbv3small,0.8081532776594024,0.7977720257382279,0.555354120605202,0.785949100065583,0.7547254638372006,0.720763326057649,0.6691628659042708,0.5533660193448967,0.3492179922977114,0.11135022043795914,0.0030809147091179706,641,1,,5297,,,0.30000000000000004,118724.67813081601,14050.9169363213
reports/planes/cascade/gate_planes_mbv3small_isotonic.json,,isotonic,117959.913373696,13182.18004499795,0.8789881064753634,real,764.76475712,868.7368913233513,0.8328488372093024,gate_planes_mbv3small,0.8081532776594024,0.7977720257382279,0.555354120605202,0.785949100065583,0.7547254638372006,0.720763326057649,0.6691628659042708,0.5533660193448967,0.3492179922977114,0.11135022043795914,0.0030809147091179706,641,1,,5297,,,0.35000000000000003,118724.67813081601,14050.9169363213
reports/planes/cascade/gate_planes_mbv3small_isotonic.json,,isotonic,117959.913373696,13182.18004499795,0.8789881064753634,real,764.76475712,868.7368913233513,0.8328488372093024,gate_planes_mbv3small,0.8081532776594024,0.7977720257382279,0.555354120605202,0.785949100065583,0.7547254638372006,0.720763326057649,0.6691628659042708,0.5533660193448967,0.3492179922977114,0.11135022043795914,0.0030809147091179706,641,1,,5297,,,0.4,118724.67813081601,14050.9169363213
reports/planes/cascade/gate_planes_mbv3small_isotonic.json,,isotonic,117959.913373696,13182.18004499795,0.8789881064753634,real,764.76475712,868.7368913233513,0.8328488372093024,gate_planes_mbv3small,0.8081532776594024,0.7977720257382279,0.555354120605202,0.785949100065583,0.7547254638372006,0.720763326057649,0.6691628659042708,0.5533660193448967,0.3492179922977114,0.11135022043795914,0.0030809147091179706,641,1,,5297,,,0.45,118724.67813081601,14050.9169363213
reports/planes/cascade/gate_planes_mbv3small_isotonic.json,,isotonic,117959.913373696,13182.18004499795,0.8789881064753634,real,764.76475712,868.7368913233513,0.8328488372093024,gate_planes_mbv3small,0.8081532776594024,0.7977720257382279,0.555354120605202,0.785949100065583,0.7547254638372006,0.720763326057649,0.6691628659042708,0.5533660193448967,0.3492179922977114,0.11135022043795914,0.0030809147091179706,641,1,,5297,,,0.5,118724.67813081601,14050.9169363213
reports/planes/cascade/gate_planes_mbv3small_isotonic.json,,isotonic,103053.90247936,11516.413143835962,0.8942797810081178,real,764.76475712,868.7368913233513,0.7703488372093024,gate_planes_mbv3small,0.7887299803870829,0.7874948642306282,0.5469022808140729,0.7670028130935264,0.7445778285434488,0.7113865572138679,0.6604242827491132,0.5455324685457515,0.3492991789303659,0.1114939197378254,0.0030809147091179706,560,1,,5297,,,0.55,103818.66723648,12385.150035159313
reports/planes/cascade/gate_planes_mbv3small_isotonic.json,,isotonic,99741.455613952,11146.24272135552,0.8976779309042855,real,764.76475712,868.7368913233513,0.7558139534883721,gate_planes_mbv3small,0.7884736515200353,0.7781670313694481,0.5448884226369427,0.7663979409656485,0.7354222870211653,0.7109675065107706,0.6602911659820558,0.5453306780205092,0.34923255120918884,0.11152049906148671,0.0030809147091179706,542,1,,5297,,,0.6000000000000001,100506.220371072,12014.979612678871
reports/planes/cascade/gate_planes_mbv3small_isotonic.json,,isotonic,99741.455613952,11146.24272135552,0.8976779309042855,real,764.76475712,868.7368913233513,0.7558139534883721,gate_planes_mbv3small,0.7884736515200353,0.7781670313694481,0.5448884226369427,0.7663979409656485,0.7354222870211653,0.7109675065107706,0.6602911659820558,0.5453306780205092,0.34923255120918884,0.11152049906148671,0.0030809147091179706,542,1,,5297,,,0.65,100506.220371072,12014.979612678871
reports/planes/cascade/gate_planes_mbv3small_isotonic.json,,isotonic,92748.512231424,10364.771829452366,0.904851802907306,real,764.76475712,868.7368913233513,0.7194767441860465,gate_planes_mbv3small,0.7587455982065682,0.7485847435160333,0.5229386876334735,0.7280323721580879,0.7059698239840272,0.681677553958137,0.6319593169116741,0.5260395882922154,0.3349747615183006,0.11031559184252673,0.0030875259471648524,504,1,,5297,,,0.7000000000000001,93513.276988544,11233.508720775717
reports/planes/cascade/gate_planes_mbv3small_isotonic.json,,isotonic,92748.512231424,10364.771829452366,0.904851802907306,real,764.76475712,868.7368913233513,0.7194767441860465,gate_planes_mbv3small,0.7587455982065682,0.7485847435160333,0.5229386876334735,0.7280323721580879,0.7059698239840272,0.681677553958137,0.6319593169116741,0.5260395882922154,0.3349747615183006,0.11031559184252673,0.0030875259471648524,504,1,,5297,,,0.75,93513.276988544,11233.508720775717
reports/planes/cascade/gate_planes_mbv3small_isotonic.json,,isotonic,92748.512231424,10364.771829452366,0.904851802907306,real,764.76475712,868.7368913233513,0.7194767441860465,gate_planes_mbv3small,0.7587455982065682,0.7485847435160333,0.5229386876334735,0.7280323721580879,0.7059698239840272,0.681677553958137,0.6319593169116741,0.5260395882922154,0.3349747615183006,0.11031559184252673,0.0030875259471648524,504,1,,5297,,,0.8,93513.276988544,11233.508720775717
reports/planes/cascade/gate_planes_mbv3small_isotonic.json,,isotonic,88883.99088844801,9932.906336558517,0.9088163111195016,real,764.76475712,868.7368913233513,0.6947674418604651,gate_planes_mbv3small,0.7394397987044516,0.7383218352447878,0.5138848148194507,0.7179124348768275,0.6958012719989058,0.6631344887405739,0.6220476272177753,0.5172071034893047,0.3342417156988884,0.10765434627582698,0.0030875259471648524,483,1,,5297,,,0.8500000000000001,89648.75564556802,10801.643227881868
reports/planes/cascade/gate_planes_mbv3small_isotonic.json,,isotonic,85939.593674752,9603.865961020347,0.9118368888049839,real,764.76475712,868.7368913233513,0.6744186046511628,gate_planes_mbv3small,0.7389143968795199,0.7288086025657966,0.509355712644598,0.7084533566177597,0.6865933197747397,0.6626514007468938,0.6136001457524725,0.5098682850952173,0.33408287941594267,0.10749554636802389,0.0030891932296145033,467,1,,5297,,,0.9,86704.35843187201,10472.602852343698
reports/planes/cascade/gate_planes_mbv3small_isotonic.json,,isotonic,85939.593674752,9603.865961020347,0.9118368888049839,real,764.76475712,868.7368913233513,0.6744186046511628,gate_planes_mbv3small,0.7389143968795199,0.7288086025657966,0.509355712644598,0.7084533566177597,0.6865933197747397,0.6626514007468938,0.6136001457524725,0.5098682850952173,0.33408287941594267,0.10749554636802389,0.0030891932296145033,467,1,,5297,,,0.9500000000000001,86704.35843187201,10472.602852343698
reports/planes/cascade/gate_planes_mbv3small_isotonic.json,,isotonic,58151.844970496,6498.547416878864,0.9403435907117236,real,764.76475712,868.7368913233513,0.45930232558139533,gate_planes_mbv3small,0.5117305309928074,0.5022782636772362,0.35398189084956344,0.49149189698675755,0.47991544823621735,0.45746486296932976,0.4217378648501929,0.3544318938533411,0.23400819071157056,0.08411948002012777,0.0026404761980537493,316,1,,5297,,,1.0,58916.609727616,7367.2843082022155
reports/planes/cascade/gate_planes_mbv3small_platt.json,,platt,974779.5025592321,108932.92932660552,0.0,real,764.76475712,868.7368913233513,1.0,gate_planes_mbv3small,0.9151257181537812,0.9042543353094928,0.6147769853555933,0.8824830152318285,0.8495622191389536,0.8022978991215035,0.7266678294128557,0.5877920368187324,0.36292315389451707,0.11358925181370712,0.003074394660561391,5297,1,,5297,,,0.0,975544.2673163521,109801.66621792887
reports/planes/cascade/gate_planes_mbv3small_platt.json,,platt,257266.70654668802,28749.902812647633,0.7360770247309798,real,764.76475712,868.7368913233513,0.9316860465116279,gate_planes_mbv3small,0.8959033072447504,0.8852067886270937,0.6041669069631852,0.86375219587146,0.8311489537253223,0.7854602068177102,0.7190146301128638,0.5812171549109273,0.3630996812741672,0.11379175638699571,0.003074394660561391,1398,1,,5297,,,0.05,258031.471303808,29618.639703970985
reports/planes/cascade/gate_planes_mbv3small_platt.json,,platt,188257.396850688,21038.019010971766,0.8068718142344724,real,764.76475712,868.7368913233513,0.9069767441860465,gate_planes_mbv3small,0.8663928160714787,0.8558585940128105,0.5844673920486809,0.8345855441741338,0.8021108478407633,0.7653587766240055,0.691638978091313,0.5625105125894997,0.3504291873203251,0.11270938754043375,0.003079276222045693,1023,1,,5297,,,0.1,189022.161607808,21906.755902295117
reports/planes/cascade/gate_planes_mbv3small_platt.json,,platt,160837.697798144,17973.830513772555,0.8350009439305267,real,764.76475712,868.7368913233513,0.8851744186046512,gate_planes_mbv3small,0.8570625404429936,0.8465358956629755,0.5809553668914773,0.8255921442625905,0.8018256449447771,0.7570378690212582,0.6919261752149414,0.5629935197017273,0.35073430189541305,0.112766301546051,0.003079276222045693,874,1,,5297,,,0.15000000000000002,161602.462555264,18842.567405095906
reports/planes/cascade/gate_planes_mbv3small_platt.json,,platt,143355.339341824,16020.153284014668,0.8529356239380781,real,764.76475712,868.7368913233513,0.8633720930232558,gate_planes_mbv3small,0.8372011997843649,0.8266756176402998,0.5695355951530618,0.8057226370360191,0.7821444844031671,0.7383462277512433,0.6829068147766405,0.5568412179998676,0.35166886732044406,0.11076960859652672,0.003079276222045693,779,1,,5297,,,0.2,144120.104098944,16888.89017533802
reports/planes/cascade/gate_planes_mbv3small_platt.json,,platt,134890.197352448,15074.162204342429,0.8616197847838399,real,764.76475712,868.7368913233513,0.8546511627906976,gate_planes_mbv3small,0.817828894729234,0.8073712056468059,0.5621270765335005,0.7953623057356881,0.7640225905550888,0.7298558067417579,0.677512090878819,0.560310500435391,0.35459665188506445,0.11132980401803777,0.0030809147091179706,733,1,,5297,,,0.25,135654.962109568,15942.89909566578
reports/planes/cascade/gate_planes_mbv3small_platt.json,,platt,126425.05536307201,14128.171124670189,0.8703039456296017,real,764.76475712,868.7368913233513,0.8473837209302325,gate_planes_mbv3small,0.8177389887325658,0.8073082409576119,0.5611938271977375,0.7865671951795055,0.7639095461028446,0.7298135444009207,0.6775054051974527,0.560230396006595,0.3544533861396146,0.11133065455114612,0.0030809147091179706,687,1,,5297,,,0.30000000000000004,127189.82012019202,14996.90801599354
reports/planes/cascade/gate_planes_mbv3small_platt.json,,platt,119432.11198054401,13346.700232767034,0.8774778176326222,real,764.76475712,868.7368913233513,0.8343023255813954,gate_planes_mbv3small,0.80816786800627,0.7977835886253992,0.5553340549363923,0.785970110120806,0.7547564887483766,0.7207826332631267,0.6690300580856444,0.5532623621863585,0.3491651025690146,0.11134142304981003,0.0030809147091179706,649,1,,5297,,,0.35000000000000003,120196.87673766402,14215.437124090386
reports/planes/cascade/gate_planes_mbv3small_platt.json,,platt,112071.118946304,12524.099293921608,0.8850292618463281,real,764.76475712,868.7368913233513,0.8037790697674418,gate_planes_mbv3small,0.7983862966529177,0.7880199735694997,0.5512239370081157,0.7763021080482049,0.7451782280590608,0.7200116752589489,0.6682029134977707,0.5525775763583176,0.34911745357167356,0.11136223035564449,0.0030809147091179706,609,1,,5297,,,0.4,112835.88370342401,13392.83618524496
reports/planes/cascade/gate_planes_mbv3small_platt.json,,platt,107470.49829990401,12009.973707143217,0.8897489144798942,real,764.76475712,868.7368913233513,0.7863372093023255,gate_planes_mbv3small,0.7981154652449433,0.7878055940147428,0.5478488523299643,0.7672700911463292,0.7449051406872688,0.7112476624998654,0.6600946888984711,0.5453268652899975,0.34922980798948006,0.11141229281942813,0.0030809147091179706,584,1,,5297,,,0.45,108235.26305702401,12878.710598466569
reports/planes/cascade/gate_planes_mbv3small_platt.json,,platt,104710.125912064,11701.498355076183,0.8925807060600339,real,764.76475712,868.7368913233513,0.7747093023255814,gate_planes_mbv3small,0.7978015555738434,0.7875685843664277,0.5478302001037542,0.76705435920874,0.7446218741975421,0.7114113964063324,0.6604464802740375,0.5455331009361204,0.3492898156275544,0.1114939197378254,0.0030809147091179706,569,1,,5297,,,0.5,105474.89066918401,12570.235246399534
reports/planes/cascade/gate_planes_mbv3small_platt.json,,platt,101213.6542208,11310.762909124605,0.8961676420615443,real,764.76475712,868.7368913233513,0.7572674418604651,gate_planes_mbv3small,0.7885208094211327,0.77820269724396,0.5449257362805826,0.766480804454071,0.7354630748542554,0.7110284683923482,0.6604300972877564,0.5453424177058664,0.3491925521051653,0.111515526632152,0.0030809147091179706,550,1,,5297,,,0.55,101978.41897792001,12179.499800447957
reports/planes/cascade/gate_planes_mbv3small_platt.json,,platt,99373.40596224001,11105.112674413249,0.8980555031149707,real,764.76475712,868.7368913233513,0.752906976744186,gate_planes_mbv3small,0.7686532849770629,0.7583657451462384,0.5302756831411581,0.7465906350587622,0.7155913460537089,0.6912390737365005,0.640923237435323,0.526920540534244,0.34072364816687256,0.11066179435570436,0.0030875259471648524,540,1,,5297,,,0.6000000000000001,100138.17071936002,11973.8495657366
reports/planes/cascade/gate_planes_mbv3small_platt.json,,platt,96613.0335744,10796.637322346214,0.9008872946951104,real,764.76475712,868.7368913233513,0.7369186046511628,gate_planes_mbv3small,0.7592214409216069,0.757963008279437,0.5260401506396748,0.7375212485717001,0.7152430567078297,0.6823019149084126,0.6324255741102742,0.526685848857181,0.33529651554642986,0.11065537254671148,0.0030875259471648524,525,1,,5297,,,0.65,97377.79833152001,11665.374213669566
reports/planes/cascade/gate_planes_mbv3small_platt.json,,platt,93668.636360704,10467.596946808044,0.9039078723805928,real,764.76475712,868.7368913233513,0.7238372093023255,gate_planes_mbv3small,0.758839120407077,0.7485561370796628,0.5229335978636782,0.7279859926354533,0.705929010603991,0.6816627766685487,0.6319872067395411,0.5260146448959659,0.3349609862559781,0.1103125774033997,0.0030875259471648524,509,1,,5297,,,0.7000000000000001,94433.401117824,11336.333838131395
reports/planes/cascade/gate_planes_mbv3small_platt.json,,platt,91460.338450432,10220.816665154416,0.9061733056447046,real,764.76475712,868.7368913233513,0.7093023255813954,gate_planes_mbv3small,0.7489914245300501,0.7387930081978383,0.5159625206055944,0.7182646854617274,0.6962944358444975,0.6721521437051093,0.6226060257568237,0.5176544548771774,0.33422150281004076,0.1075599989255162,0.0030875259471648524,497,1,,5297,,,0.75,92225.103207552,11089.553556477767
reports/planes/cascade/gate_planes_mbv3small_platt.json,,platt,88147.891585024,9850.646242673974,0.9095714555408722,real,764.76475712,868.7368913233513,0.688953488372093,gate_planes_mbv3small,0.7393762771862047,0.729249302155854,0.5128564726939817,0.7177693133561659,0.695662952956192,0.6629436580427285,0.6219655800779851,0.5170507234178283,0.3339746227088704,0.10748310380837327,0.0030891932296145033,479,1,,5297,,,0.8,88912.65634214401,10719.383133997326
reports/planes/cascade/gate_planes_mbv3small_platt.json,,platt,84835.444719616,9480.475820193533,0.9129696054370399,real,764.76475712,868.7368913233513,0.6656976744186046,gate_planes_mbv3small,0.7191304456893655,0.7090473851952525,0.4951072187716653,0.6886657776118961,0.666914491151326,0.6431000211837781,0.5943881863269213,0.4986920358770749,0.3207409924826107,0.10730198583625049,0.003090866362178013,461,1,,5297,,,0.8500000000000001,85600.20947673601,10349.212711516884
reports/planes/cascade/gate_planes_mbv3small_platt.json,,platt,79498.724769792,8884.0901395306,0.9184444024919766,real,764.76475712,868.7368913233513,0.623546511627907,gate_planes_mbv3small,0.6701634161235817,0.669185693701657,0.4664878890047546,0.6490296901972608,0.6274312797930107,0.6042557716851135,0.5644624453116535,0.4645925799251239,0.30797411868221647,0.10468627661420463,0.00309761801372405,432,1,,5297,,,0.9,80263.489526912,9752.82703085395
reports/planes/cascade/gate_planes_mbv3small_platt.json,,platt,71033.582780416,7938.099059858359,0.9271285633377383,real,764.76475712,868.7368913233513,0.5581395348837209,gate_planes_mbv3small,0.5906038977378717,0.5809083651973431,0.4068601041906804,0.5695669418646002,0.5484904914949162,0.5256259108538585,0.487745992891282,0.4003509199613154,0.2671798699113481,0.09517186404114515,0.0029567879531243986,386,1,,5297,,,0.9500000000000001,71798.34753753601,8806.83595118171
reports/planes/cascade/gate_planes_mbv3small_platt.json,,platt,0.0,0.0,1.0,real,764.76475712,868.7368913233513,0.0,gate_planes_mbv3small,0.0,0.0,0.0,0.0,0.0,0.0,0.0,0.0,0.0,0.0,0.0,0,1,,5297,,,1.0,764.76475712,868.7368913233513
reports/planes/cascade/gate_planes_mbv3small_temperature.json,,temperature,974779.5025592321,108932.92932660552,0.0,real,764.76475712,868.7368913233513,1.0,gate_planes_mbv3small,0.9151257181537812,0.9042543353094928,0.6147769853555933,0.8824830152318285,0.8495622191389536,0.8022978991215035,0.7266678294128557,0.5877920368187324,0.36292315389451707,0.11358925181370712,0.003074394660561391,5297,1,,5297,,,0.0,975544.2673163521,109801.66621792887
reports/planes/cascade/gate_planes_mbv3small_temperature.json,,temperature,271252.593311744,30312.844596453942,0.7217292807249387,real,764.76475712,868.7368913233513,0.9418604651162791,gate_planes_mbv3small,0.8962413399972232,0.8855837952335038,0.6060603758149097,0.8641112295336946,0.8399078264113231,0.7940991954440288,0.7193324564634144,0.5813610922438696,0.3631240572691133,0.11376837089236423,0.003074394660561391,1474,1,,5297,,,0.05,272017.358068864,31181.581487777294
reports/planes/cascade/gate_planes_mbv3small_temperature.json,,temperature,205003.656003584,22909.43614684511,0.7896922786482915,real,764.76475712,868.7368913233513,0.9127906976744186,gate_planes_mbv3small,0.8662816179409497,0.8557226803870399,0.584394251004517,0.8344552179909825,0.8020156301720962,0.7652781464033585,0.6915519329296451,0.5624693467156212,0.3503878248991748,0.11270083638425751,0.003079276222045693,1114,1,,5297,,,0.1,205768.420760704,23778.17303816846
reports/planes/cascade/gate_planes_mbv3small_temperature.json,,temperature,174271.510085632,19475.077227165457,0.8212195582405135,real,764.76475712,868.7368913233513,0.8953488372093024,gate_planes_mbv3small,0.8571078016308102,0.8465653051479479,0.5816611888936398,0.8341545133066783,0.8017633379098043,0.7567481092959375,0.6913839344533519,0.5625575766857291,0.35052396034423305,0.11272807393985985,0.003079276222045693,947,1,,5297,,,0.15000000000000002,175036.274842752,20343.814118488808
reports/planes/cascade/gate_planes_mbv3small_temperature.json,,temperature,155869.027500032,17418.574880051892,0.8400981687747782,real,764.76475712,868.7368913233513,0.8808139534883721,gate_planes_mbv3small,0.8570354797541815,0.8465478279084464,0.5809562938013633,0.825602050967382,0.8018314871235114,0.7570415387123637,0.691929623554184,0.5629950503300543,0.35073430189541305,0.112766301546051,0.003079276222045693,847,1,,5297,,,0.2,156633.792257152,18287.311771375244
reports/planes/cascade/gate_planes_mbv3small_temperature.json,,temperature,143355.339341824,16020.153284014668,0.8529356239380781,real,764.76475712,868.7368913233513,0.8633720930232558,gate_planes_mbv3small,0.8372011997843649,0.8266756176402998,0.5695355951530618,0.8057226370360191,0.7821444844031671,0.7383462277512433,0.6829068147766405,0.5568412179998676,0.35166886732044406,0.11076960859652672,0.003079276222045693,779,1,,5297,,,0.25,144120.104098944,16888.89017533802
reports/planes/cascade/gate_planes_mbv3small_temperature.json,,temperature,136914.470436864,15300.37746252492,0.8595431376250708,real,764.76475712,868.7368913233513,0.8575581395348837,gate_planes_mbv3small,0.817828894729234,0.8073712056468059,0.5621270765335005,0.7953623057356881,0.7640225905550888,0.7298558067417579,0.677512090878819,0.560310500435391,0.35459665188506445,0.11132980401803777,0.0030809147091179706,744,1,,5297,,,0.30000000000000004,137679.235193984,16169.114353848272
reports/planes/cascade/gate_planes_mbv3small_temperature.json,,temperature,129553.477402624,14477.776523679495,0.8670945818387766,real,764.76475712,868.7368913233513,0.8531976744186046,gate_planes_mbv3small,0.8177199434779685,0.8072952689961027,0.5612273606123673,0.7865544694228964,0.7639313555103946,0.7298789310175026,0.6775219910758106,0.5603521721892328,0.3546087557066095,0.11132980401803777,0.0030809147091179706,704,1,,5297,,,0.35000000000000003,130318.24215974401,15346.513415002846
reports/planes/cascade/gate_planes_mbv3small_temperature.json,,temperature,124952.856756224,13963.650936901104,0.8718142344723429,real,764.76475712,868.7368913233513,0.8459302325581395,gate_planes_mbv3small,0.8177055356843935,0.8072388884671499,0.5604950518165395,0.7865448607453909,0.7638676492566109,0.7297804806714926,0.6774286892566328,0.5535090964090892,0.3544628973844558,0.11133150558106115,0.0030809147091179706,679,1,,5297,,,0.4,125717.62151334401,14832.387828224455
reports/planes/cascade/gate_planes_mbv3small_temperature.json,,temperature,118143.93819955201,13202.745068469085,0.8787993203700207,real,764.76475712,868.7368913233513,0.8328488372093024,gate_planes_mbv3small,0.8081532776594024,0.7977720257382279,0.555354120605202,0.785949100065583,0.7547254638372006,0.720763326057649,0.6691628659042708,0.5533660193448967,0.3492179922977114,0.11135022043795914,0.0030809147091179706,642,1,,5297,,,0.45,118908.70295667202,14071.481959792436
reports/planes/cascade/gate_planes_mbv3small_temperature.json,,temperature,112071.118946304,12524.099293921608,0.8850292618463281,real,764.76475712,868.7368913233513,0.8037790697674418,gate_planes_mbv3small,0.7983862966529177,0.7880199735694997,0.5512239370081157,0.7763021080482049,0.7451782280590608,0.7200116752589489,0.6682029134977707,0.5525775763583176,0.34911745357167356,0.11136223035564449,0.0030809147091179706,609,1,,5297,,,0.5,112835.88370342401,13392.83618524496
reports/planes/cascade/gate_planes_mbv3small_temperature.json,,temperature,107654.52312576001,12030.538730614353,0.8895601283745517,real,764.76475712,868.7368913233513,0.7863372093023255,gate_planes_mbv3small,0.7981154652449433,0.7878055940147428,0.5478488523299643,0.7672700911463292,0.7449051406872688,0.7112476624998654,0.6600946888984711,0.5453268652899975,0.34922980798948006,0.11141229281942813,0.0030809147091179706,585,1,,5297,,,0.55,108419.28788288002,12899.275621937704
reports/planes/cascade/gate_planes_mbv3small_temperature.json,,temperature,104894.15073792,11722.063378547318,0.8923919199546914,real,764.76475712,868.7368913233513,0.7761627906976745,gate_planes_mbv3small,0.7978331118255267,0.7876192888348346,0.5478408440046374,0.7670780440973239,0.7446372709326027,0.7114194311524246,0.660432806403352,0.545527027172907,0.3492866251804588,0.1114939197378254,0.0030809147091179706,570,1,,5297,,,0.6000000000000001,105658.91549504001,12590.80026987067
reports/planes/cascade/gate_planes_mbv3small_temperature.json,,temperature,101765.72869836801,11372.457979538012,0.8956012837455163,real,764.76475712,868.7368913233513,0.7616279069767442,gate_planes_mbv3small,0.7885643823911044,0.7782865727180004,0.5449749607290639,0.7665564777757943,0.7354842457370272,0.7110807397117265,0.6604872946345172,0.5454621857845399,0.3492363293854942,0.11151046444331743,0.0030809147091179706,553,1,,5297,,,0.65,102530.49345548802,12241.194870861364
reports/planes/cascade/gate_planes_mbv3small_temperature.json,,temperature,99741.455613952,11146.24272135552,0.8976779309042855,real,764.76475712,868.7368913233513,0.7558139534883721,gate_planes_mbv3small,0.7884736515200353,0.7781670313694481,0.5448884226369427,0.7663979409656485,0.7354222870211653,0.7109675065107706,0.6602911659820558,0.5453306780205092,0.34923255120918884,0.11152049906148671,0.0030809147091179706,542,1,,5297,,,0.7000000000000001,100506.220371072,12014.979612678871
reports/planes/cascade/gate_planes_mbv3small_temperature.json,,temperature,96613.0335744,10796.637322346214,0.9008872946951104,real,764.76475712,868.7368913233513,0.7369186046511628,gate_planes_mbv3small,0.7592214409216069,0.757963008279437,0.5260401506396748,0.7375212485717001,0.7152430567078297,0.6823019149084126,0.6324255741102742,0.526685848857181,0.33529651554642986,0.11065537254671148,0.0030875259471648524,525,1,,5297,,,0.75,97377.79833152001,11665.374213669566
reports/planes/cascade/gate_planes_mbv3small_temperature.json,,temperature,93300.586708992,10426.466899865773,0.904285444591278,real,764.76475712,868.7368913233513,0.7209302325581395,gate_planes_mbv3small,0.7587674765628554,0.7485178338078611,0.5229083568892869,0.7279710195971648,0.7059104834875339,0.6816259082298493,0.6319175574302802,0.5260091239357276,0.33496268019204284,0.11031395970239012,0.0030875259471648524,507,1,,5297,,,0.8,94065.35146611201,11295.203791189124
reports/planes/cascade/gate_planes_mbv3small_temperature.json,,temperature,90908.263972864,10159.12159474101,0.9067396639607325,real,764.76475712,868.7368913233513,0.7049418604651163,gate_planes_mbv3small,0.7487629325813386,0.7385825442528399,0.5158027215381489,0.7181164215433022,0.6961127113604919,0.671828045168905,0.6222620901397604,0.517365462398307,0.33428498186301947,0.10762450012635964,0.0030875259471648524,494,1,,5297,,,0.8500000000000001,91673.02872998401,11027.85848606436
reports/planes/cascade/gate_planes_mbv3small_temperature.json,,temperature,86307.643326464,9644.996007962618,0.9114593165942987,real,764.76475712,868.7368913233513,0.6758720930232558,gate_planes_mbv3small,0.7389231898891491,0.728822413351305,0.509362239910344,0.7084606960218603,0.6865996997711074,0.6626687682718073,0.6136131054520653,0.5098682850952173,0.3340815016532896,0.10749554636802389,0.0030891932296145033,469,1,,5297,,,0.9,87072.40808358401,10513.73289928597
reports/planes/cascade/gate_planes_mbv3small_temperature.json,,temperature,78578.600640512,8781.26502217492,0.9193883330186898,real,764.76475712,868.7368913233513,0.6162790697674418,gate_planes_mbv3small,0.6406047904301128,0.639651795282422,0.4460379058248399,0.6194408787809763,0.5979429011652277,0.5749526972388436,0.5358159368682545,0.4453537580265487,0.298924852138455,0.1045887036057244,0.00310274471183405,427,1,,5297,,,0.9500000000000001,79343.365397632,9650.001913498272
reports/planes/cascade/gate_planes_mbv3small_temperature.json,,temperature,0.0,0.0,1.0,real,764.76475712,868.7368913233513,0.0,gate_planes_mbv3small,0.0,0.0,0.0,0.0,0.0,0.0,0.0,0.0,0.0,0.0,0.0,0,1,,5297,,,1.0,764.76475712,868.7368913233513
reports/planes/cascade/gate_planes_resnet18_context_adaptive.json,,context_adaptive,974779.5025592321,108932.92932660552,0.0,real,25232.186443776005,1802.2176906088134,1.0,gate_planes_resnet18,0.9151257181537812,0.9042543353094928,0.6147765917688118,0.8824830057045369,0.849562145618824,0.8022976611576149,0.7266642488263374,0.5877931411437782,0.3629220152994837,0.11358925181370712,0.003074394660561391,5297,1,,5297,,,0.0,1000011.6890030081,110735.14701721433
reports/planes/cascade/gate_planes_resnet18_context_adaptive.json,,context_adaptive,974779.5025592321,108932.92932660552,0.0,real,25232.186443776005,1802.2176906088134,1.0,gate_planes_resnet18,0.9151257181537812,0.9042543353094928,0.6147765917688118,0.8824830057045369,0.849562145618824,0.8022976611576149,0.7266642488263374,0.5877931411437782,0.3629220152994837,0.11358925181370712,0.003074394660561391,5297,1,,5297,,,0.05,1000011.6890030081,110735.14701721433
reports/planes/cascade/gate_planes_resnet18_context_adaptive.json,,context_adaptive,974779.5025592321,108932.92932660552,0.0,real,25232.186443776005,1802.2176906088134,1.0,gate_planes_resnet18,0.9151257181537812,0.9042543353094928,0.6147765917688118,0.8824830057045369,0.849562145618824,0.8022976611576149,0.7266642488263374,0.5877931411437782,0.3629220152994837,0.11358925181370712,0.003074394660561391,5297,1,,5297,,,0.1,1000011.6890030081,110735.14701721433
reports/planes/cascade/gate_planes_resnet18_context_adaptive.json,,context_adaptive,974779.5025592321,108932.92932660552,0.0,real,25232.186443776005,1802.2176906088134,1.0,gate_planes_resnet18,0.9151257181537812,0.9042543353094928,0.6147765917688118,0.8824830057045369,0.849562145618824,0.8022976611576149,0.7266642488263374,0.5877931411437782,0.3629220152994837,0.11358925181370712,0.003074394660561391,5297,1,,5297,,,0.15000000000000002,1000011.6890030081,110735.14701721433
reports/planes/cascade/gate_planes_resnet18_context_adaptive.json,,context_adaptive,974779.5025592321,108932.92932660552,0.0,real,25232.186443776005,1802.2176906088134,1.0,gate_planes_resnet18,0.9151257181537812,0.9042543353094928,0.6147765917688118,0.8824830057045369,0.849562145618824,0.8022976611576149,0.7266642488263374,0.5877931411437782,0.3629220152994837,0.11358925181370712,0.003074394660561391,5297,1,,5297,,,0.2,1000011.6890030081,110735.14701721433
reports/planes/cascade/gate_planes_resnet18_context_adaptive.json,,context_adaptive,974779.5025592321,108932.92932660552,0.0,real,25232.186443776005,1802.2176906088134,1.0,gate_planes_resnet18,0.9151257181537812,0.9042543353094928,0.6147765917688118,0.8824830057045369,0.849562145618824,0.8022976611576149,0.7266642488263374,0.5877931411437782,0.3629220152994837,0.11358925181370712,0.003074394660561391,5297,1,,5297,,,0.25,1000011.6890030081,110735.14701721433
reports/planes/cascade/gate_planes_resnet18_context_adaptive.json,,context_adaptive,974779.5025592321,108932.92932660552,0.0,real,25232.186443776005,1802.2176906088134,1.0,gate_planes_resnet18,0.9151257181537812,0.9042543353094928,0.6147765917688118,0.8824830057045369,0.849562145618824,0.8022976611576149,0.7266642488263374,0.5877931411437782,0.3629220152994837,0.11358925181370712,0.003074394660561391,5297,1,,5297,,,0.30000000000000004,1000011.6890030081,110735.14701721433
reports/planes/cascade/gate_planes_resnet18_context_adaptive.json,,context_adaptive,974779.5025592321,108932.92932660552,0.0,real,25232.186443776005,1802.2176906088134,1.0,gate_planes_resnet18,0.9151257181537812,0.9042543353094928,0.6147765917688118,0.8824830057045369,0.849562145618824,0.8022976611576149,0.7266642488263374,0.5877931411437782,0.3629220152994837,0.11358925181370712,0.003074394660561391,5297,1,,5297,,,0.35000000000000003,1000011.6890030081,110735.14701721433
reports/planes/cascade/gate_planes_resnet18_context_adaptive.json,,context_adaptive,974779.5025592321,108932.92932660552,0.0,real,25232.186443776005,1802.2176906088134,1.0,gate_planes_resnet18,0.9151257181537812,0.9042543353094928,0.6147765917688118,0.8824830057045369,0.849562145618824,0.8022976611576149,0.7266642488263374,0.5877931411437782,0.3629220152994837,0.11358925181370712,0.003074394660561391,5297,1,,5297,,,0.4,1000011.6890030081,110735.14701721433
reports/planes/cascade/gate_planes_resnet18_context_adaptive.json,,context_adaptive,974779.5025592321,108932.92932660552,0.0,real,25232.186443776005,1802.2176906088134,1.0,gate_planes_resnet18,0.9151257181537812,0.9042543353094928,0.6147765917688118,0.8824830057045369,0.849562145618824,0.8022976611576149,0.7266642488263374,0.5877931411437782,0.3629220152994837,0.11358925181370712,0.003074394660561391,5297,1,,5297,,,0.45,1000011.6890030081,110735.14701721433
reports/planes/cascade/gate_planes_resnet18_context_adaptive.json,,context_adaptive,428593.81941862404,47895.93966427492,0.5603171606569757,real,25232.186443776005,1802.2176906088134,0.9520348837209303,gate_planes_resnet18,0.8957034291080662,0.884931843126796,0.6042833185510494,0.8632477103511677,0.8306762077864344,0.785325040485399,0.719493856609011,0.5821526287310365,0.3641439665244429,0.11408410812757848,0.003074394660561391,2329,1,,5297,,,0.5,453826.00586240005,49698.15735488373
reports/planes/cascade/gate_planes_resnet18_context_adaptive.json,,context_adaptive,139490.817998848,15588.28779112082,0.8569001321502737,real,25232.186443776005,1802.2176906088134,0.9040697674418605,gate_planes_resnet18,0.8666895170308214,0.8561070812416899,0.5894295866196834,0.8348494639711285,0.8031427503652926,0.7680905138810998,0.7060142251126181,0.5792788701948978,0.3623539887817261,0.11469343939051743,0.0030760162270417834,758,1,,5297,,,0.55,164723.00444262402,17390.505481729633
reports/planes/cascade/gate_planes_resnet18_context_adaptive.json,,context_adaptive,132129.824964608,14765.686852275394,0.8644515763639796,real,25232.186443776005,1802.2176906088134,0.8953488372093024,gate_planes_resnet18,0.8574014134628117,0.846865769278124,0.5866173228640422,0.8257429045013702,0.8029781885641221,0.7679561329271014,0.7058704614507562,0.5792228138302552,0.3623660207213933,0.11469350767744627,0.0030760162270417834,718,1,,5297,,,0.6000000000000001,157362.01140838402,16567.904542884207
reports/planes/cascade/gate_planes_resnet18_context_adaptive.json,,context_adaptive,127897.25396992,14292.691312439274,0.8687936567868605,real,25232.186443776005,1802.2176906088134,0.8909883720930233,gate_planes_resnet18,0.857346921521196,0.846795589359902,0.5865955996202284,0.8256674776401667,0.8028935506745752,0.767906583371154,0.7058912467370201,0.579272527500389,0.36240685219252416,0.11469923097831529,0.0030760162270417834,695,1,,5297,,,0.65,153129.440413696,16094.909003048087
reports/planes/cascade/gate_planes_resnet18_context_adaptive.json,,context_adaptive,124952.856756224,13963.650936901104,0.8718142344723429,real,25232.186443776005,1802.2176906088134,0.8880813953488372,gate_planes_resnet18,0.8572636968688424,0.84671560929757,0.5865762164065453,0.8255869844811996,0.8028087138812932,0.7679245733068139,0.7059481353935095,0.579322139391183,0.362416322445844,0.1146999727721554,0.0030760162270417834,679,1,,5297,,,0.7000000000000001,150185.04320000001,15765.868627509917
reports/planes/cascade/gate_planes_resnet18_context_adaptive.json,,context_adaptive,123112.608497664,13758.000702189747,0.8737020955257693,real,25232.186443776005,1802.2176906088134,0.8837209302325582,gate_planes_resnet18,0.8572028073816989,0.8467014699056777,0.5865590684152986,0.825571755462702,0.8028026524268792,0.7678960630345484,0.7059210429645505,0.5792884349919687,0.36242880566234886,0.11470163609557013,0.0030760162270417834,669,1,,5297,,,0.75,148344.79494144,15560.21839279856
reports/planes/cascade/gate_planes_resnet18_context_adaptive.json,,context_adaptive,120352.236109824,13449.525350122713,0.876533887105909,real,25232.186443776005,1802.2176906088134,0.875,gate_planes_resnet18,0.8571560448142604,0.846649255689604,0.5865452223649481,0.8255229987565581,0.8026817148883868,0.7678558372727301,0.7060010819263973,0.5793533304300398,0.362451450463102,0.11470449318135999,0.0030760162270417834,654,1,,5297,,,0.8,145584.42255360002,15251.743040731526
reports/planes/cascade/gate_planes_resnet18_context_adaptive.json,,context_adaptive,119432.11198054401,13346.700232767034,0.8774778176326222,real,25232.186443776005,1802.2176906088134,0.873546511627907,gate_planes_resnet18,0.8571560448142604,0.846649255689604,0.5865452223649481,0.8255229987565581,0.8026817148883868,0.7678558372727301,0.7060010819263973,0.5793533304300398,0.362451450463102,0.11470449318135999,0.0030760162270417834,649,1,,5297,,,0.8500000000000001,144664.29842432,15148.917923375848
reports/planes/cascade/gate_planes_resnet18_context_adaptive.json,,context_adaptive,118327.96302540801,13223.31009194022,0.8786105342646782,real,25232.186443776005,1802.2176906088134,0.872093023255814,gate_planes_resnet18,0.856854866776623,0.8463788868991993,0.5846642102901086,0.8252889943814244,0.7937996019443189,0.7592055166514114,0.7057699355480496,0.5790942908319127,0.36244382197497893,0.11473017166612602,0.0030760162270417834,643,1,,5297,,,0.9,143560.14946918402,15025.527782549034
reports/planes/cascade/gate_planes_resnet18_context_adaptive.json,,context_adaptive,117775.88854784,13161.615021526814,0.8791768925807061,real,25232.186443776005,1802.2176906088134,0.872093023255814,gate_planes_resnet18,0.856854866776623,0.8463788868991993,0.5846642102901086,0.8252889943814244,0.7937996019443189,0.7592055166514114,0.7057699355480496,0.5790942908319127,0.36244382197497893,0.11473017166612602,0.0030760162270417834,640,1,,5297,,,0.9500000000000001,143008.074991616,14963.832712135627
reports/planes/cascade/gate_planes_resnet18_context_adaptive.json,,context_adaptive,116487.714766848,13017.659857228864,0.8804983953181046,real,25232.186443776005,1802.2176906088134,0.8691860465116279,gate_planes_resnet18,0.8568586530345527,0.8463826864555094,0.5846653233825185,0.8252908450014117,0.7937996019443189,0.7592055166514114,0.7057716300379219,0.5790942908319127,0.36244382197497893,0.11473017166612602,0.0030760162270417834,633,1,,5297,,,1.0,141719.901210624,14819.877547837677
reports/planes/cascade/gate_planes_resnet18_identity.json,,identity,974779.5025592321,108932.92932660552,0.0,real,25232.186443776005,1802.2176906088134,1.0,gate_planes_resnet18,0.9151257181537812,0.9042543353094928,0.6147765917688118,0.8824830057045369,0.849562145618824,0.8022976611576149,0.7266642488263374,0.5877931411437782,0.3629220152994837,0.11358925181370712,0.003074394660561391,5297,1,,5297,,,0.0,1000011.6890030081,110735.14701721433
reports/planes/cascade/gate_planes_resnet18_identity.json,,identity,143355.339341824,16020.153284014668,0.8529356239380781,real,25232.186443776005,1802.2176906088134,0.9055232558139535,gate_planes_resnet18,0.8666951272033908,0.8560934825750851,0.589426537293124,0.834839946372521,0.8031370616380363,0.7680849888140558,0.7060124517339675,0.5792788701948978,0.3623539887817261,0.11469343939051743,0.0030760162270417834,779,1,,5297,,,0.05,168587.5257856,17822.37097462348
reports/planes/cascade/gate_planes_resnet18_identity.json,,identity,133602.023571456,14930.207040044479,0.8629412875212384,real,25232.186443776005,1802.2176906088134,0.8968023255813954,gate_planes_resnet18,0.8574014134628117,0.846865769278124,0.5866173228640422,0.8257429045013702,0.8029781885641221,0.7679561329271014,0.7058704614507562,0.5792228138302552,0.3623660207213933,0.11469350767744627,0.0030760162270417834,726,1,,5297,,,0.1,158834.210015232,16732.424730653292
reports/planes/cascade/gate_planes_resnet18_identity.json,,identity,129185.427750912,14436.646476737224,0.867472154049462,real,25232.186443776005,1802.2176906088134,0.8924418604651163,gate_planes_resnet18,0.8573945227447519,0.8468544379404752,0.5866167914730632,0.825721400184399,0.8029580965603659,0.767980008078133,0.7058876474488375,0.579232472820291,0.36236906482727266,0.11469424789906513,0.0030760162270417834,702,1,,5297,,,0.15000000000000002,154417.614194688,16238.864167346037
reports/planes/cascade/gate_planes_resnet18_identity.json,,identity,125872.980885504,14066.476054256782,0.8708703039456296,real,25232.186443776005,1802.2176906088134,0.8895348837209303,gate_planes_resnet18,0.8572660410364512,0.8467249512710016,0.5865812974110256,0.8256167438752791,0.8028252612530379,0.7679318511240666,0.7059388051513279,0.57931700895405,0.362416322445844,0.1146999727721554,0.0030760162270417834,684,1,,5297,,,0.2,151105.16732928,15868.693744865595
reports/planes/cascade/gate_planes_resnet18_identity.json,,identity,123848.707801088,13840.26079607429,0.8729469511043987,real,25232.186443776005,1802.2176906088134,0.8851744186046512,gate_planes_resnet18,0.8572028073816989,0.8467014699056777,0.5865590684152986,0.825571755462702,0.8028026524268792,0.7678960630345484,0.7059210429645505,0.5792884349919687,0.36242880566234886,0.11470163609557013,0.0030760162270417834,673,1,,5297,,,0.25,149080.894244864,15642.478486683103
reports/planes/cascade/gate_planes_resnet18_identity.json,,identity,120904.310587392,13511.22042053612,0.875967528789881,real,25232.186443776005,1802.2176906088134,0.8793604651162791,gate_planes_resnet18,0.8571811628040025,0.8466535081613676,0.5865406164186698,0.8255191474335368,0.8027797763640669,0.7678748139584243,0.7059012097806634,0.5792900876996758,0.36242880566234886,0.11470163609557013,0.0030760162270417834,657,1,,5297,,,0.30000000000000004,146136.497031168,15313.438111144933
reports/planes/cascade/gate_planes_resnet18_identity.json,,identity,119432.11198054401,13346.700232767034,0.8774778176326222,real,25232.186443776005,1802.2176906088134,0.873546511627907,gate_planes_resnet18,0.8571560448142604,0.846649255689604,0.5865452223649481,0.8255229987565581,0.8026817148883868,0.7678558372727301,0.7060010819263973,0.5793533304300398,0.362451450463102,0.11470449318135999,0.0030760162270417834,649,1,,5297,,,0.35000000000000003,144664.29842432,15148.917923375848
reports/planes/cascade/gate_planes_resnet18_identity.json,,identity,118880.037502976,13285.005162353627,0.8780441759486501,real,25232.186443776005,1802.2176906088134,0.873546511627907,gate_planes_resnet18,0.8571560448142604,0.846649255689604,0.5865452223649481,0.8255229987565581,0.8026817148883868,0.7678558372727301,0.7060010819263973,0.5793533304300398,0.362451450463102,0.11470449318135999,0.0030760162270417834,646,1,,5297,,,0.4,144112.223946752,15087.22285296244
reports/planes/cascade/gate_planes_resnet18_identity.json,,identity,118143.93819955201,13202.745068469085,0.8787993203700207,real,25232.186443776005,1802.2176906088134,0.872093023255814,gate_planes_resnet18,0.856854866776623,0.8463788868991993,0.5846642102901086,0.8252889943814244,0.7937996019443189,0.7592055166514114,0.7057699355480496,0.5790942908319127,0.36244382197497893,0.11473017166612602,0.0030760162270417834,642,1,,5297,,,0.45,143376.12464332802,15004.962759077898
reports/planes/cascade/gate_planes_resnet18_identity.json,,identity,117039.78924441601,13079.354927642271,0.8799320370020767,real,25232.186443776005,1802.2176906088134,0.8706395348837209,gate_planes_resnet18,0.8568586530345527,0.8463826864555094,0.5846653233825185,0.8252908450014117,0.7937996019443189,0.7592055166514114,0.7057716300379219,0.5790942908319127,0.36244382197497893,0.11473017166612602,0.0030760162270417834,636,1,,5297,,,0.5,142271.975688192,14881.572618251084
reports/planes/cascade/gate_planes_resnet18_identity.json,,identity,115567.590637568,12914.834739873186,0.8814423258448179,real,25232.186443776005,1802.2176906088134,0.8677325581395349,gate_planes_resnet18,0.8477430359975934,0.8462950435796391,0.583762457102437,0.8252214675474706,0.7938793632899952,0.759269263337881,0.7058293478079148,0.5791268582191289,0.36245325702258985,0.11473091799511398,0.0030760162270417834,628,1,,5297,,,0.55,140799.77708134401,14717.052430482
reports/planes/cascade/gate_planes_resnet18_identity.json,,identity,114095.39203072,12750.3145521041,0.882952614687559,real,25232.186443776005,1802.2176906088134,0.8633720930232558,gate_planes_resnet18,0.8477566643598421,0.8462930303297742,0.5837504902147168,0.8252062473237829,0.7938621711719226,0.7592428009313744,0.7057632736334355,0.5790986244250255,0.36247273472601754,0.11473333901895191,0.0030760162270417834,620,1,,5297,,,0.6000000000000001,139327.578474496,14552.532242712914
reports/planes/cascade/gate_planes_resnet18_identity.json,,identity,113543.31755315201,12688.619481690694,0.883518973003587,real,25232.186443776005,1802.2176906088134,0.8619186046511628,gate_planes_resnet18,0.8477458429680703,0.8462660716347012,0.5837347834128506,0.8251755691033283,0.793845079725056,0.7592177873282583,0.7057145489309098,0.5790655639810505,0.3625036809936248,0.11473767323646464,0.0030760162270417834,617,1,,5297,,,0.65,138775.50399692802,14490.837172299507
reports/planes/cascade/gate_planes_resnet18_identity.json,,identity,112991.243075584,12626.924411277287,0.8840853313196149,real,25232.186443776005,1802.2176906088134,0.8604651162790697,gate_planes_resnet18,0.8475728350187804,0.837107658537362,0.5817296494059405,0.8161490698682342,0.7935900451085647,0.7589719614466748,0.7050961450924315,0.578645752514266,0.3623906866207028,0.11469632362534665,0.0030760162270417834,614,1,,5297,,,0.7000000000000001,138223.42951936,14429.1421018861
reports/planes/cascade/gate_planes_resnet18_identity.json,,identity,112439.16859801601,12565.22934086388,0.8846516896356428,real,25232.186443776005,1802.2176906088134,0.8575581395348837,gate_planes_resnet18,0.847264648944461,0.83680525413137,0.5808011857868056,0.8158231093988179,0.7932221018816924,0.7584922852209439,0.6973226446724986,0.5787142666339795,0.3625453029582064,0.11474622779904448,0.0030760162270417834,611,1,,5297,,,0.75,137671.355041792,14367.447031472693
reports/planes/cascade/gate_planes_resnet18_identity.json,,identity,110966.969991168,12400.709153094795,0.886161978478384,real,25232.186443776005,1802.2176906088134,0.8517441860465116,gate_planes_resnet18,0.8470835625239751,0.8366151117798615,0.5799020578752866,0.8156214973801769,0.7928284369459943,0.7580844272717278,0.6972265778303774,0.5716433865817937,0.36210193287531034,0.11473962933660564,0.0030760162270417834,603,1,,5297,,,0.8,136199.15643494402,14202.926843703608
reports/planes/cascade/gate_planes_resnet18_identity.json,,identity,110414.8955136,12339.014082681388,0.8867283367944119,real,25232.186443776005,1802.2176906088134,0.8488372093023255,gate_planes_resnet18,0.837869156133526,0.8363983627523609,0.5770988519691684,0.8154006373199412,0.7840540069221167,0.7494911560792139,0.6969585013868489,0.5714165129502783,0.36170828349715306,0.11461588642320286,0.0030760162270417834,600,1,,5297,,,0.8500000000000001,135647.081957376,14141.231773290201
reports/planes/cascade/gate_planes_resnet18_identity.json,,identity,107654.52312576001,12030.538730614353,0.8895601283745517,real,25232.186443776005,1802.2176906088134,0.8313953488372093,gate_planes_resnet18,0.8375662112373816,0.827154716936085,0.5752345625777618,0.8064311673851604,0.7838367495482058,0.7495571266204857,0.6969930403242788,0.5716128903681701,0.3615943459940098,0.11452173395936256,0.0030776434044788564,585,1,,5297,,,0.9,132886.709569536,13832.756421223166
reports/planes/cascade/gate_planes_resnet18_identity.json,,identity,104526.101086208,11680.933331605047,0.8927694921653766,real,25232.186443776005,1802.2176906088134,0.8125,gate_planes_resnet18,0.8280009961854088,0.8175698350180793,0.5705982245770638,0.8056234775612687,0.7744685649305326,0.7403145034463322,0.6883933691511552,0.5716779611111814,0.3619410179237158,0.11490665595876369,0.0030858644842001906,568,1,,5297,,,0.9500000000000001,129758.28752998401,13483.15102221386
reports/planes/cascade/gate_planes_resnet18_identity.json,,identity,33308.493479936,3722.269248275552,0.965829714932981,real,25232.186443776005,1802.2176906088134,0.26308139534883723,gate_planes_resnet18,0.275932754654947,0.275380759001409,0.19308067659930983,0.26529776210356093,0.25508722179850213,0.2438577507186078,0.22938016000940695,0.19096302967143525,0.13434919482127403,0.058273289344952905,0.002284843869002285,181,1,,5297,,,1.0,58540.679923712,5524.486938884365
reports/planes/cascade/gate_planes_resnet18_isotonic.json,,isotonic,974779.5025592321,108932.92932660552,0.0,real,25232.186443776005,1802.2176906088134,1.0,gate_planes_resnet18,0.9151257181537812,0.9042543353094928,0.6147765917688118,0.8824830057045369,0.849562145618824,0.8022976611576149,0.7266642488263374,0.5877931411437782,0.3629220152994837,0.11358925181370712,0.003074394660561391,5297,1,,5297,,,0.0,1000011.6890030081,110735.14701721433
reports/planes/cascade/gate_planes_resnet18_isotonic.json,,isotonic,192673.992671232,21531.57957427902,0.8023409477062489,real,25232.186443776005,1802.2176906088134,0.940406976744186,gate_planes_resnet18,0.8865148831748636,0.8759142051633428,0.6007202215015146,0.8544777922989625,0.8306615857165962,0.7852535857396962,0.7115122511341279,0.5818276950895563,0.36390295944369144,0.11406286259374719,0.003074394660561391,1047,1,,5297,,,0.05,217906.179115008,23333.797264887835
reports/planes/cascade/gate_planes_resnet18_isotonic.json,,isotonic,159549.524017152,17829.875349474605,0.8363224466679252,real,25232.186443776005,1802.2176906088134,0.9273255813953488,gate_planes_resnet18,0.8864411561874923,0.8758231944507304,0.5998362326805594,0.8544276354398781,0.8221291387607705,0.7852171395007748,0.7115007114585572,0.5817709121243853,0.3639144702130386,0.11406357400940555,0.003074394660561391,867,1,,5297,,,0.1,184781.710460928,19632.09304008342
reports/planes/cascade/gate_planes_resnet18_isotonic.json,,isotonic,125136.88158208001,13984.21596037224,0.8716254483670002,real,25232.186443776005,1802.2176906088134,0.8895348837209303,gate_planes_resnet18,0.8572660410364512,0.8467249512710016,0.5865812974110256,0.8256167438752791,0.8028252612530379,0.7679318511240666,0.7059388051513279,0.57931700895405,0.362416322445844,0.1146999727721554,0.0030760162270417834,680,1,,5297,,,0.15000000000000002,150369.06802585602,15786.433650981053
reports/planes/cascade/gate_planes_resnet18_isotonic.json,,isotonic,125136.88158208001,13984.21596037224,0.8716254483670002,real,25232.186443776005,1802.2176906088134,0.8895348837209303,gate_planes_resnet18,0.8572660410364512,0.8467249512710016,0.5865812974110256,0.8256167438752791,0.8028252612530379,0.7679318511240666,0.7059388051513279,0.57931700895405,0.362416322445844,0.1146999727721554,0.0030760162270417834,680,1,,5297,,,0.2,150369.06802585602,15786.433650981053
reports/planes/cascade/gate_planes_resnet18_isotonic.json,,isotonic,125136.88158208001,13984.21596037224,0.8716254483670002,real,25232.186443776005,1802.2176906088134,0.8895348837209303,gate_planes_resnet18,0.8572660410364512,0.8467249512710016,0.5865812974110256,0.8256167438752791,0.8028252612530379,0.7679318511240666,0.7059388051513279,0.57931700895405,0.362416322445844,0.1146999727721554,0.0030760162270417834,680,1,,5297,,,0.25,150369.06802585602,15786.433650981053
reports/planes/cascade/gate_planes_resnet18_isotonic.json,,isotonic,115199.540985856,12873.704692930914,0.8818198980555031,real,25232.186443776005,1802.2176906088134,0.8677325581395349,gate_planes_resnet18,0.8477430359975934,0.8462950435796391,0.583762457102437,0.8252214675474706,0.7938793632899952,0.759269263337881,0.7058293478079148,0.5791268582191289,0.36245325702258985,0.11473091799511398,0.0030760162270417834,626,1,,5297,,,0.30000000000000004,140431.727429632,14675.922383539728
reports/planes/cascade/gate_planes_resnet18_isotonic.json,,isotonic,114647.46650828801,12812.009622517508,0.882386256371531,real,25232.186443776005,1802.2176906088134,0.8662790697674418,gate_planes_resnet18,0.847742575224089,0.8462753313322539,0.5837428104456974,0.825187102143337,0.7938523098132455,0.7592370363953153,0.7057546380427775,0.5790970215339448,0.36247273472601754,0.11473333901895191,0.0030760162270417834,623,1,,5297,,,0.35000000000000003,139879.652952064,14614.227313126321
reports/planes/cascade/gate_planes_resnet18_isotonic.json,,isotonic,114647.46650828801,12812.009622517508,0.882386256371531,real,25232.186443776005,1802.2176906088134,0.8662790697674418,gate_planes_resnet18,0.847742575224089,0.8462753313322539,0.5837428104456974,0.825187102143337,0.7938523098132455,0.7592370363953153,0.7057546380427775,0.5790970215339448,0.36247273472601754,0.11473333901895191,0.0030760162270417834,623,1,,5297,,,0.4,139879.652952064,14614.227313126321
reports/planes/cascade/gate_planes_resnet18_isotonic.json,,isotonic,113359.29272729601,12668.054458219558,0.8837077591089296,real,25232.186443776005,1802.2176906088134,0.8619186046511628,gate_planes_resnet18,0.8477458429680703,0.8462660716347012,0.5837347834128506,0.8251755691033283,0.793845079725056,0.7592177873282583,0.7057145489309098,0.5790655639810505,0.3625036809936248,0.11473767323646464,0.0030760162270417834,616,1,,5297,,,0.45,138591.47917107202,14470.272148828371
reports/planes/cascade/gate_planes_resnet18_isotonic.json,,isotonic,113359.29272729601,12668.054458219558,0.8837077591089296,real,25232.186443776005,1802.2176906088134,0.8619186046511628,gate_planes_resnet18,0.8477458429680703,0.8462660716347012,0.5837347834128506,0.8251755691033283,0.793845079725056,0.7592177873282583,0.7057145489309098,0.5790655639810505,0.3625036809936248,0.11473767323646464,0.0030760162270417834,616,1,,5297,,,0.5,138591.47917107202,14470.272148828371
reports/planes/cascade/gate_planes_resnet18_isotonic.json,,isotonic,110782.945165312,12380.144129623659,0.8863507645837266,real,25232.186443776005,1802.2176906088134,0.8517441860465116,gate_planes_resnet18,0.847089486767306,0.8366210494572364,0.5799045506502674,0.8156254069395208,0.7928321544708645,0.7580880910475886,0.6972283527994045,0.5716433865817937,0.36210193287531034,0.11473962933660564,0.0030760162270417834,602,1,,5297,,,0.55,136015.131609088,14182.361820232472
reports/planes/cascade/gate_planes_resnet18_isotonic.json,,isotonic,110782.945165312,12380.144129623659,0.8863507645837266,real,25232.186443776005,1802.2176906088134,0.8517441860465116,gate_planes_resnet18,0.847089486767306,0.8366210494572364,0.5799045506502674,0.8156254069395208,0.7928321544708645,0.7580880910475886,0.6972283527994045,0.5716433865817937,0.36210193287531034,0.11473962933660564,0.0030760162270417834,602,1,,5297,,,0.6000000000000001,136015.131609088,14182.361820232472
reports/planes/cascade/gate_planes_resnet18_isotonic.json,,isotonic,110782.945165312,12380.144129623659,0.8863507645837266,real,25232.186443776005,1802.2176906088134,0.8517441860465116,gate_planes_resnet18,0.847089486767306,0.8366210494572364,0.5799045506502674,0.8156254069395208,0.7928321544708645,0.7580880910475886,0.6972283527994045,0.5716433865817937,0.36210193287531034,0.11473962933660564,0.0030760162270417834,602,1,,5297,,,0.65,136015.131609088,14182.361820232472
reports/planes/cascade/gate_planes_resnet18_isotonic.json,,isotonic,106550.37417062401,11907.14858978754,0.8906928450066075,real,25232.186443776005,1802.2176906088134,0.8284883720930233,gate_planes_resnet18,0.8373200871021205,0.826889242269519,0.5741957496002836,0.806145623275673,0.7835301874051325,0.7491556772901403,0.688629091999164,0.5713493485812101,0.36132732184405947,0.1145332728313382,0.0030776434044788564,579,1,,5297,,,0.7000000000000001,131782.56061440002,13709.366280396353
reports/planes/cascade/gate_planes_resnet18_isotonic.json,,isotonic,106550.37417062401,11907.14858978754,0.8906928450066075,real,25232.186443776005,1802.2176906088134,0.8284883720930233,gate_planes_resnet18,0.8373200871021205,0.826889242269519,0.5741957496002836,0.806145623275673,0.7835301874051325,0.7491556772901403,0.688629091999164,0.5713493485812101,0.36132732184405947,0.1145332728313382,0.0030776434044788564,579,1,,5297,,,0.75,131782.56061440002,13709.366280396353
reports/planes/cascade/gate_planes_resnet18_isotonic.json,,isotonic,106550.37417062401,11907.14858978754,0.8906928450066075,real,25232.186443776005,1802.2176906088134,0.8284883720930233,gate_planes_resnet18,0.8373200871021205,0.826889242269519,0.5741957496002836,0.806145623275673,0.7835301874051325,0.7491556772901403,0.688629091999164,0.5713493485812101,0.36132732184405947,0.1145332728313382,0.0030776434044788564,579,1,,5297,,,0.8,131782.56061440002,13709.366280396353
reports/planes/cascade/gate_planes_resnet18_isotonic.json,,isotonic,106550.37417062401,11907.14858978754,0.8906928450066075,real,25232.186443776005,1802.2176906088134,0.8284883720930233,gate_planes_resnet18,0.8373200871021205,0.826889242269519,0.5741957496002836,0.806145623275673,0.7835301874051325,0.7491556772901403,0.688629091999164,0.5713493485812101,0.36132732184405947,0.1145332728313382,0.0030776434044788564,579,1,,5297,,,0.8500000000000001,131782.56061440002,13709.366280396353
reports/planes/cascade/gate_planes_resnet18_isotonic.json,,isotonic,97533.15770368,10899.462439701892,0.8999433641683972,real,25232.186443776005,1802.2176906088134,0.7659883720930233,gate_planes_resnet18,0.7987857013397166,0.7975686286793742,0.5558289287394318,0.7769393310815439,0.7546194777702748,0.7211486870148662,0.6702878776634154,0.563692781799175,0.35704678841297083,0.11511414914877954,0.0030858644842001906,530,1,,5297,,,0.9,122765.34414745601,12701.680130310706
reports/planes/cascade/gate_planes_resnet18_isotonic.json,,isotonic,95508.884619264,10673.2471815194,0.9020200113271664,real,25232.186443776005,1802.2176906088134,0.751453488372093,gate_planes_resnet18,0.7882783135579136,0.777999748138654,0.5423825899715704,0.757445733124976,0.7352270564197028,0.7018731210098179,0.6514484425851349,0.5465686496967109,0.34982242821604653,0.11207488101958227,0.0030875259471648524,519,1,,5297,,,0.9500000000000001,120741.07106304001,12475.464872128214
reports/planes/cascade/gate_planes_resnet18_isotonic.json,,isotonic,59071.969099776004,6601.372534234542,0.9393996601850104,real,25232.186443776005,1802.2176906088134,0.46656976744186046,gate_planes_resnet18,0.5522236835133281,0.5515049556247192,0.38863781221645544,0.5405594441084409,0.519895431197318,0.49773227721772584,0.4705640158775587,0.39290193067702295,0.2619071317714461,0.09601255106426107,0.003076701112734224,321,1,,5297,,,1.0,84304.15554355201,8403.590224843356
reports/planes/cascade/gate_planes_resnet18_platt.json,,platt,974779.5025592321,108932.92932660552,0.0,real,25232.186443776005,1802.2176906088134,1.0,gate_planes_resnet18,0.9151257181537812,0.9042543353094928,0.6147765917688118,0.8824830057045369,0.849562145618824,0.8022976611576149,0.7266642488263374,0.5877931411437782,0.3629220152994837,0.11358925181370712,0.003074394660561391,5297,1,,5297,,,0.0,1000011.6890030081,110735.14701721433
reports/planes/cascade/gate_planes_resnet18_platt.json,,platt,193226.0671488,21593.27464469243,0.8017745893902208,real,25232.186443776005,1802.2176906088134,0.940406976744186,gate_planes_resnet18,0.8865148831748636,0.8759142051633428,0.6007202215015146,0.8544777922989625,0.8306615857165962,0.7852535857396962,0.7115122511341279,0.5818276950895563,0.36390295944369144,0.11406286259374719,0.003074394660561391,1050,1,,5297,,,0.05,218458.25359257602,23395.492335301242
reports/planes/cascade/gate_planes_resnet18_platt.json,,platt,155685.002674176,17398.009856580757,0.8402869548801208,real,25232.186443776005,1802.2176906088134,0.9186046511627907,gate_planes_resnet18,0.8670587289078744,0.8564393570327175,0.5911526948210477,0.8351184759583806,0.8120936844615526,0.7683455491729018,0.7136588076021396,0.5788940349941791,0.36217330487276145,0.11466898898092692,0.0030760162270417834,846,1,,5297,,,0.1,180917.18911795202,19200.22754718957
reports/planes/cascade/gate_planes_resnet18_platt.json,,platt,142067.165560832,15876.198119716719,0.8542571266754767,real,25232.186443776005,1802.2176906088134,0.9055232558139535,gate_planes_resnet18,0.8666951272033908,0.8560934825750851,0.589426537293124,0.834839946372521,0.8031370616380363,0.7680849888140558,0.7060124517339675,0.5792788701948978,0.3623539887817261,0.11469343939051743,0.0030760162270417834,772,1,,5297,,,0.15000000000000002,167299.35200460802,17678.415810325532
reports/planes/cascade/gate_planes_resnet18_platt.json,,platt,132865.92426803202,14847.946946159936,0.863696431942609,real,25232.186443776005,1802.2176906088134,0.8968023255813954,gate_planes_resnet18,0.8574014134628117,0.846865769278124,0.5866173228640422,0.8257429045013702,0.8029781885641221,0.7679561329271014,0.7058704614507562,0.5792228138302552,0.3623660207213933,0.11469350767744627,0.0030760162270417834,722,1,,5297,,,0.2,158098.11071180803,16650.16463676875
reports/planes/cascade/gate_planes_resnet18_platt.json,,platt,127345.179492352,14230.996242025867,0.8693600151028884,real,25232.186443776005,1802.2176906088134,0.8895348837209303,gate_planes_resnet18,0.8572660410364512,0.8467249512710016,0.5865812974110256,0.8256167438752791,0.8028252612530379,0.7679318511240666,0.7059388051513279,0.57931700895405,0.362416322445844,0.1146999727721554,0.0030760162270417834,692,1,,5297,,,0.25,152577.36593612802,16033.21393263468
reports/planes/cascade/gate_planes_resnet18_platt.json,,platt,123296.63332352,13778.565725660883,0.8735133094204266,real,25232.186443776005,1802.2176906088134,0.8851744186046512,gate_planes_resnet18,0.8572028073816989,0.8467014699056777,0.5865590684152986,0.825571755462702,0.8028026524268792,0.7678960630345484,0.7059210429645505,0.5792884349919687,0.36242880566234886,0.11470163609557013,0.0030760162270417834,670,1,,5297,,,0.30000000000000004,148528.819767296,15580.783416269696
reports/planes/cascade/gate_planes_resnet18_platt.json,,platt,119432.11198054401,13346.700232767034,0.8774778176326222,real,25232.186443776005,1802.2176906088134,0.873546511627907,gate_planes_resnet18,0.8571560448142604,0.846649255689604,0.5865452223649481,0.8255229987565581,0.8026817148883868,0.7678558372727301,0.7060010819263973,0.5793533304300398,0.362451450463102,0.11470449318135999,0.0030760162270417834,649,1,,5297,,,0.35000000000000003,144664.29842432,15148.917923375848
reports/planes/cascade/gate_planes_resnet18_platt.json,,platt,117775.88854784,13161.615021526814,0.8791768925807061,real,25232.186443776005,1802.2176906088134,0.872093023255814,gate_planes_resnet18,0.856854866776623,0.8463788868991993,0.5846642102901086,0.8252889943814244,0.7937996019443189,0.7592055166514114,0.7057699355480496,0.5790942908319127,0.36244382197497893,0.11473017166612602,0.0030760162270417834,640,1,,5297,,,0.4,143008.074991616,14963.832712135627
reports/planes/cascade/gate_planes_resnet18_platt.json,,platt,114831.491334144,12832.574645988643,0.8821974702661884,real,25232.186443776005,1802.2176906088134,0.8662790697674418,gate_planes_resnet18,0.8477252955169855,0.8462585170653086,0.5837351696596691,0.8251724552466979,0.7938418686858603,0.7592288285401374,0.7057490280655602,0.5790936135041306,0.36247273472601754,0.11473333901895191,0.0030760162270417834,624,1,,5297,,,0.45,140063.67777792,14634.792336597457
reports/planes/cascade/gate_planes_resnet18_platt.json,,platt,113175.26790144,12647.489434748422,0.8838965452142722,real,25232.186443776005,1802.2176906088134,0.8604651162790697,gate_planes_resnet18,0.8475728350187804,0.837107658537362,0.5817296494059405,0.8161490698682342,0.7935900451085647,0.7589719614466748,0.7050961450924315,0.578645752514266,0.3623906866207028,0.11469632362534665,0.0030760162270417834,615,1,,5297,,,0.5,138407.454345216,14449.707125357236
reports/planes/cascade/gate_planes_resnet18_platt.json,,platt,112439.16859801601,12565.22934086388,0.8846516896356428,real,25232.186443776005,1802.2176906088134,0.8575581395348837,gate_planes_resnet18,0.847264648944461,0.83680525413137,0.5808011857868056,0.8158231093988179,0.7932221018816924,0.7584922852209439,0.6973226446724986,0.5787142666339795,0.3625453029582064,0.11474622779904448,0.0030760162270417834,611,1,,5297,,,0.55,137671.355041792,14367.447031472693
reports/planes/cascade/gate_planes_resnet18_platt.json,,platt,110782.945165312,12380.144129623659,0.8863507645837266,real,25232.186443776005,1802.2176906088134,0.8517441860465116,gate_planes_resnet18,0.847089486767306,0.8366210494572364,0.5799045506502674,0.8156254069395208,0.7928321544708645,0.7580880910475886,0.6972283527994045,0.5716433865817937,0.36210193287531034,0.11473962933660564,0.0030760162270417834,602,1,,5297,,,0.6000000000000001,136015.131609088,14182.361820232472
reports/planes/cascade/gate_planes_resnet18_platt.json,,platt,108942.69690675201,12174.493894912302,0.8882386256371531,real,25232.186443776005,1802.2176906088134,0.8372093023255814,gate_planes_resnet18,0.8377390714400269,0.8273029122318493,0.5752036675474859,0.8063571493799085,0.7838485244578915,0.7493928791996073,0.6969076125754432,0.5713832565578881,0.3615445864045036,0.11448303982326123,0.0030776434044788564,592,1,,5297,,,0.65,134174.88335052802,13976.711585521116
reports/planes/cascade/gate_planes_resnet18_platt.json,,platt,106366.34934476801,11886.583566316403,0.8908816311119502,real,25232.186443776005,1802.2176906088134,0.8270348837209303,gate_planes_resnet18,0.8373481808378551,0.8269122142066391,0.5741991342089057,0.8061604720059488,0.7835138051089342,0.7491672889675989,0.6886226164077038,0.5713343496257999,0.3613207684049745,0.11453400311912254,0.0030776434044788564,578,1,,5297,,,0.7000000000000001,131598.53578854402,13688.801256925217
reports/planes/cascade/gate_planes_resnet18_platt.json,,platt,104526.101086208,11680.933331605047,0.8927694921653766,real,25232.186443776005,1802.2176906088134,0.8125,gate_planes_resnet18,0.8280009961854088,0.8175698350180793,0.5705982245770638,0.8056234775612687,0.7744685649305326,0.7403145034463322,0.6883933691511552,0.5716779611111814,0.3619410179237158,0.11490665595876369,0.0030858644842001906,568,1,,5297,,,0.75,129758.28752998401,13483.15102221386
reports/planes/cascade/gate_planes_resnet18_platt.json,,platt,102133.77835008,11413.588026480284,0.895223711534831,real,25232.186443776005,1802.2176906088134,0.7965116279069767,gate_planes_resnet18,0.8182977888269471,0.816848063438138,0.5663485981694668,0.7960979650396982,0.7734518294883551,0.7396241261900105,0.6797087181939352,0.564358653966062,0.35696862309883226,0.11504434896848924,0.0030858644842001906,555,1,,5297,,,0.8,127365.96479385601,13215.805717089097
reports/planes/cascade/gate_planes_resnet18_platt.json,,platt,99741.455613952,11146.24272135552,0.8976779309042855,real,25232.186443776005,1802.2176906088134,0.7790697674418605,gate_planes_resnet18,0.8083926418960242,0.7979804581588947,0.559582381957507,0.7862117551474359,0.7551617680233695,0.7301063291904082,0.678599817525285,0.5641240604381855,0.35707163807140785,0.11508948663985856,0.0030858644842001906,542,1,,5297,,,0.8500000000000001,124973.64205772801,12948.460411964334
reports/planes/cascade/gate_planes_resnet18_platt.json,,platt,94220.710838272,10529.29201722145,0.9033415140645649,real,25232.186443776005,1802.2176906088134,0.7412790697674418,gate_planes_resnet18,0.7789891664071161,0.7777312547869243,0.5414787571165264,0.7572474064774133,0.7350398169497319,0.7018467137528983,0.6516520114236057,0.5469045124350913,0.3501464930921303,0.11214266989318844,0.0030875259471648524,512,1,,5297,,,0.9,119452.89728204801,12331.509707830264
reports/planes/cascade/gate_planes_resnet18_platt.json,,platt,87411.7922816,9768.386148789432,0.9103265999622427,real,25232.186443776005,1802.2176906088134,0.688953488372093,gate_planes_resnet18,0.7494193794850222,0.7483043119678453,0.5216817189800345,0.7279414217875028,0.7059997560703701,0.672967897096513,0.6316839590252217,0.5287338092419233,0.3369753804335315,0.11170208146280029,0.0030891932296145033,475,1,,5297,,,0.9500000000000001,112643.97872537602,11570.603839398245
reports/planes/cascade/gate_planes_resnet18_platt.json,,platt,0.0,0.0,1.0,real,25232.186443776005,1802.2176906088134,0.0,gate_planes_resnet18,0.0,0.0,0.0,0.0,0.0,0.0,0.0,0.0,0.0,0.0,0.0,0,1,,5297,,,1.0,25232.186443776005,1802.2176906088134
reports/planes/cascade/gate_planes_resnet18_temperature.json,,temperature,974779.5025592321,108932.92932660552,0.0,real,25232.186443776005,1802.2176906088134,1.0,gate_planes_resnet18,0.9151257181537812,0.9042543353094928,0.6147765917688118,0.8824830057045369,0.849562145618824,0.8022976611576149,0.7266642488263374,0.5877931411437782,0.3629220152994837,0.11358925181370712,0.003074394660561391,5297,1,,5297,,,0.0,1000011.6890030081,110735.14701721433
reports/planes/cascade/gate_planes_resnet18_temperature.json,,temperature,202427.3084416,22621.52581824921,0.7923352841230885,real,25232.186443776005,1802.2176906088134,0.9418604651162791,gate_planes_resnet18,0.8865130550215763,0.8759123795259441,0.6007195976904403,0.8544777922989625,0.8306599556714435,0.7852535857396962,0.7115122511341279,0.5818276950895563,0.36390200516878723,0.11406286259374719,0.003074394660561391,1100,1,,5297,,,0.05,227659.494885376,24423.743508858024
reports/planes/cascade/gate_planes_resnet18_temperature.json,,temperature,163230.02053427201,18241.175818897318,0.8325467245610723,real,25232.186443776005,1802.2176906088134,0.9273255813953488,gate_planes_resnet18,0.8864411561874923,0.8758231944507304,0.5998362326805594,0.8544276354398781,0.8221291387607705,0.7852171395007748,0.7115007114585572,0.5817709121243853,0.3639144702130386,0.11406357400940555,0.003074394660561391,887,1,,5297,,,0.1,188462.20697804802,20043.39350950613
reports/planes/cascade/gate_planes_resnet18_temperature.json,,temperature,146667.786207232,16390.32370649511,0.8495374740419105,real,25232.186443776005,1802.2176906088134,0.9098837209302325,gate_planes_resnet18,0.8667587783912595,0.8561295175803654,0.5894117688122412,0.8348790556017087,0.8031774471150637,0.7681851759482092,0.7058681499767946,0.5790883010811405,0.3622748561679271,0.11468039003290058,0.0030760162270417834,797,1,,5297,,,0.15000000000000002,171899.97265100802,18192.541397103923
reports/planes/cascade/gate_planes_resnet18_temperature.json,,temperature,139122.768347136,15547.157744178548,0.8572777043609591,real,25232.186443776005,1802.2176906088134,0.9040697674418605,gate_planes_resnet18,0.8666895170308214,0.8561070812416899,0.5894295866196834,0.8348494639711285,0.8031427503652926,0.7680905138810998,0.7060142251126181,0.5792788701948978,0.3623539887817261,0.11469343939051743,0.0030760162270417834,756,1,,5297,,,0.2,164354.95479091202,17349.375434787362
reports/planes/cascade/gate_planes_resnet18_temperature.json,,temperature,132497.87461632,14806.816899217665,0.8640740041532944,real,25232.186443776005,1802.2176906088134,0.8968023255813954,gate_planes_resnet18,0.8574014134628117,0.846865769278124,0.5866173228640422,0.8257429045013702,0.8029781885641221,0.7679561329271014,0.7058704614507562,0.5792228138302552,0.3623660207213933,0.11469350767744627,0.0030760162270417834,720,1,,5297,,,0.25,157730.06106009602,16609.03458982648
reports/planes/cascade/gate_planes_resnet18_temperature.json,,temperature,127897.25396992,14292.691312439274,0.8687936567868605,real,25232.186443776005,1802.2176906088134,0.8895348837209303,gate_planes_resnet18,0.8572660410364512,0.8467249512710016,0.5865812974110256,0.8256167438752791,0.8028252612530379,0.7679318511240666,0.7059388051513279,0.57931700895405,0.362416322445844,0.1146999727721554,0.0030760162270417834,695,1,,5297,,,0.30000000000000004,153129.440413696,16094.909003048087
reports/planes/cascade/gate_planes_resnet18_temperature.json,,temperature,123848.707801088,13840.26079607429,0.8729469511043987,real,25232.186443776005,1802.2176906088134,0.8851744186046512,gate_planes_resnet18,0.8572028073816989,0.8467014699056777,0.5865590684152986,0.825571755462702,0.8028026524268792,0.7678960630345484,0.7059210429645505,0.5792884349919687,0.36242880566234886,0.11470163609557013,0.0030760162270417834,673,1,,5297,,,0.35000000000000003,149080.894244864,15642.478486683103
reports/planes/cascade/gate_planes_resnet18_temperature.json,,temperature,120720.28576153601,13490.655397064984,0.8761563148952237,real,25232.186443776005,1802.2176906088134,0.877906976744186,gate_planes_resnet18,0.8571816665246652,0.8466831013879592,0.5865635153449925,0.825540105569327,0.8027566895173843,0.7678889511153911,0.705999349033654,0.5793533304300398,0.362451450463102,0.11470449318135999,0.0030760162270417834,656,1,,5297,,,0.4,145952.47220531202,15292.873087673797
reports/planes/cascade/gate_planes_resnet18_temperature.json,,temperature,118696.01267712,13264.440138882492,0.8782329620539928,real,25232.186443776005,1802.2176906088134,0.873546511627907,gate_planes_resnet18,0.8571560448142604,0.846649255689604,0.5865452223649481,0.8255229987565581,0.8026817148883868,0.7678558372727301,0.7060010819263973,0.5793533304300398,0.362451450463102,0.11470449318135999,0.0030760162270417834,645,1,,5297,,,0.45,143928.199120896,15066.657829491305
reports/planes/cascade/gate_planes_resnet18_temperature.json,,temperature,117039.78924441601,13079.354927642271,0.8799320370020767,real,25232.186443776005,1802.2176906088134,0.8706395348837209,gate_planes_resnet18,0.8568586530345527,0.8463826864555094,0.5846653233825185,0.8252908450014117,0.7937996019443189,0.7592055166514114,0.7057716300379219,0.5790942908319127,0.36244382197497893,0.11473017166612602,0.0030760162270417834,636,1,,5297,,,0.5,142271.975688192,14881.572618251084
reports/planes/cascade/gate_planes_resnet18_temperature.json,,temperature,114095.39203072,12750.3145521041,0.882952614687559,real,25232.186443776005,1802.2176906088134,0.8633720930232558,gate_planes_resnet18,0.8477566643598421,0.8462930303297742,0.5837504902147168,0.8252062473237829,0.7938621711719226,0.7592428009313744,0.7057632736334355,0.5790986244250255,0.36247273472601754,0.11473333901895191,0.0030760162270417834,620,1,,5297,,,0.55,139327.578474496,14552.532242712914
reports/planes/cascade/gate_planes_resnet18_temperature.json,,temperature,113175.26790144,12647.489434748422,0.8838965452142722,real,25232.186443776005,1802.2176906088134,0.8604651162790697,gate_planes_resnet18,0.8475728350187804,0.837107658537362,0.5817296494059405,0.8161490698682342,0.7935900451085647,0.7589719614466748,0.7050961450924315,0.578645752514266,0.3623906866207028,0.11469632362534665,0.0030760162270417834,615,1,,5297,,,0.6000000000000001,138407.454345216,14449.707125357236
reports/planes/cascade/gate_planes_resnet18_temperature.json,,temperature,111887.094120448,12503.534270450473,0.8852180479516708,real,25232.186443776005,1802.2176906088134,0.8561046511627907,gate_planes_resnet18,0.8472706178457893,0.8368091529155245,0.5808032729492287,0.8158270540155816,0.7932259127522628,0.7584940857728127,0.6973226446724986,0.578715714533524,0.3625453029582064,0.11474622779904448,0.0030760162270417834,608,1,,5297,,,0.65,137119.280564224,14305.751961059286
reports/planes/cascade/gate_planes_resnet18_temperature.json,,temperature,110598.920339456,12359.579106152523,0.8865395506890693,real,25232.186443776005,1802.2176906088134,0.8502906976744186,gate_planes_resnet18,0.837869156133526,0.8363983627523609,0.5770988519691684,0.8154006373199412,0.7840540069221167,0.7494911560792139,0.6969585013868489,0.5714165129502783,0.36170828349715306,0.11461588642320286,0.0030760162270417834,601,1,,5297,,,0.7000000000000001,135831.106783232,14161.796796761337
reports/planes/cascade/gate_planes_resnet18_temperature.json,,temperature,108390.622429184,12112.798824498896,0.8888049839531811,real,25232.186443776005,1802.2176906088134,0.8357558139534884,gate_planes_resnet18,0.8377390714400269,0.8273029122318493,0.5752036675474859,0.8063571493799085,0.7838485244578915,0.7493928791996073,0.6969076125754432,0.5713832565578881,0.3615445864045036,0.11448303982326123,0.0030776434044788564,589,1,,5297,,,0.75,133622.80887296,13915.016515107709
reports/planes/cascade/gate_planes_resnet18_temperature.json,,temperature,106182.324518912,11866.018542845268,0.8910704172172929,real,25232.186443776005,1802.2176906088134,0.8255813953488372,gate_planes_resnet18,0.8373304968164574,0.8268814529059086,0.5741929902914003,0.8061524164741731,0.7835003583301902,0.7491711054346427,0.6886244888243312,0.5713359929745911,0.3613219446301054,0.11453400311912254,0.0030776434044788564,577,1,,5297,,,0.8,131414.51096268801,13668.236233454081
reports/planes/cascade/gate_planes_resnet18_temperature.json,,temperature,103421.952131072,11557.543190778233,0.8939022087974325,real,25232.186443776005,1802.2176906088134,0.8052325581395349,gate_planes_resnet18,0.8275528777045497,0.8171162582958397,0.5689337062429116,0.7964166712722345,0.7738910141713443,0.7398324714823515,0.6880544309777066,0.5714749304878539,0.3569724527069332,0.11494009084610332,0.0030858644842001906,562,1,,5297,,,0.8500000000000001,128654.13857484801,13359.760881387047
reports/planes/cascade/gate_planes_resnet18_temperature.json,,temperature,100109.505265664,11187.372768297791,0.8973003586936001,real,25232.186443776005,1802.2176906088134,0.7819767441860465,gate_planes_resnet18,0.8084344743951211,0.7980379694166222,0.5604844829077891,0.7862827367559809,0.7637537350022118,0.7302139632378095,0.6787797410319656,0.5641447705764896,0.3570285953691934,0.11508297880829622,0.0030858644842001906,544,1,,5297,,,0.9,125341.69170944001,12989.590458906605
reports/planes/cascade/gate_planes_resnet18_temperature.json,,temperature,91644.363276288,10241.381688625552,0.9059845195393619,real,25232.186443776005,1802.2176906088134,0.7209302325581395,gate_planes_resnet18,0.7688718879445677,0.7587666136396796,0.5331749962559629,0.7470432215384861,0.7249259218271572,0.6919910082881898,0.6422820840360338,0.5383909480447224,0.3442109854955164,0.11217809851566032,0.0030891932296145033,498,1,,5297,,,0.9500000000000001,116876.54972006401,12043.599379234365
reports/planes/cascade/gate_planes_resnet18_temperature.json,,temperature,0.0,0.0,1.0,real,25232.186443776005,1802.2176906088134,0.0,gate_planes_resnet18,0.0,0.0,0.0,0.0,0.0,0.0,0.0,0.0,0.0,0.0,0.0,0,1,,5297,,,1.0,25232.186443776005,1802.2176906088134
reports/planes/cascade/gate_planes_resnet18_temperature_strat_boundary.json,,temperature,482027.0,116534.0,0.0,real,9534.6,10594.0,1.0,gate_planes_resnet18_temperature,0.9151257181537812,0.9042543353094928,0.6147770741669877,0.8824830152318285,0.8495621703897822,0.8022977316595727,0.7266678294128557,0.5877931411437782,0.36292315389451707,0.11358925181370712,0.003074394660561391,5297,1,,5297,,,0.0,491561.6,127128.0
reports/planes/cascade/gate_planes_resnet18_temperature_strat_boundary.json,,temperature,100100.0,24200.0,0.7923352841230885,real,9534.6,10594.0,0.9418604651162791,gate_planes_resnet18_temperature,0.8865130550215763,0.8759124039095763,0.6007192251461619,0.8544778366662172,0.8306600258661757,0.7852537144518135,0.7115122511341279,0.5818270914488635,0.3638986157089605,0.11406286259374719,0.003074394660561391,1100,1,,5297,,,0.05,109634.6,34794.0
reports/planes/cascade/gate_planes_resnet18_temperature_strat_boundary.json,,temperature,80717.0,19514.0,0.8325467245610723,real,9534.6,10594.0,0.9273255813953488,gate_planes_resnet18_temperature,0.8864411561874923,0.8758232188343628,0.5998358601362812,0.8544276798071329,0.8221292089555028,0.7852172682128922,0.7115007114585572,0.5817703084836925,0.36391108075321177,0.11406357400940555,0.003074394660561391,887,1,,5297,,,0.1,90251.6,30108.0
reports/planes/cascade/gate_planes_resnet18_temperature_strat_boundary.json,,temperature,72527.0,17534.0,0.8495374740419105,real,9534.6,10594.0,0.9098837209302325,gate_planes_resnet18_temperature,0.8667587783912595,0.856129542664191,0.5894113977212743,0.834879101252465,0.8031775145581675,0.7681852914330974,0.7058681499767946,0.5790878276043347,0.36227136507248997,0.11468039003290058,0.0030760162270417834,797,1,,5297,,,0.15000000000000002,82061.6,28128.0
reports/planes/cascade/gate_planes_resnet18_temperature_strat_boundary.json,,temperature,68796.0,16632.0,0.8572777043609591,real,9534.6,10594.0,0.9040697674418605,gate_planes_resnet18_temperature,0.8666895170308214,0.8561071063443473,0.5894292153179115,0.834849509657362,0.803142817862042,0.768090629460822,0.7060142251126181,0.5792783986658111,0.3623504934277309,0.11469343939051743,0.0030760162270417834,756,1,,5297,,,0.2,78330.6,27226.0
reports/planes/cascade/gate_planes_resnet18_temperature_strat_boundary.json,,temperature,65520.0,15840.0,0.8640740041532944,real,9534.6,10594.0,0.8968023255813954,gate_planes_resnet18_temperature,0.8574014134628117,0.8468657943807814,0.5866169515622703,0.8257429501876038,0.8029782560608714,0.7679562485068235,0.7058704614507562,0.5792223423011686,0.3623625253673981,0.11469350767744627,0.0030760162270417834,720,1,,5297,,,0.25,75054.6,26434.0
reports/planes/cascade/gate_planes_resnet18_temperature_strat_boundary.json,,temperature,63245.0,15290.0,0.8687936567868605,real,9534.6,10594.0,0.8895348837209303,gate_planes_resnet18_temperature,0.8572660410364512,0.8467249763736588,0.5865809261092536,0.8256167895615126,0.8028253287497872,0.7679319667037887,0.7059388051513279,0.5793165374249635,0.36241282709184874,0.1146999727721554,0.0030760162270417834,695,1,,5297,,,0.30000000000000004,72779.6,25884.0
reports/planes/cascade/gate_planes_resnet18_temperature_strat_boundary.json,,temperature,61243.0,14806.0,0.8729469511043987,real,9534.6,10594.0,0.8851744186046512,gate_planes_resnet18_temperature,0.8572028073816989,0.8467014950083351,0.5865586971135267,0.8255718011489356,0.8028027199236286,0.7678961786142705,0.7059210429645505,0.5792879634628821,0.36242531030835373,0.11470163609557013,0.0030760162270417834,673,1,,5297,,,0.35000000000000003,70777.6,25400.0
reports/planes/cascade/gate_planes_resnet18_temperature_strat_boundary.json,,temperature,59696.0,14432.0,0.8761563148952237,real,9534.6,10594.0,0.877906976744186,gate_planes_resnet18_temperature,0.8571816665246652,0.8466831265094695,0.5865632546964936,0.8255401512838401,0.8027567570497447,0.7678890667411981,0.705999349033654,0.5793528589009531,0.3624490615130095,0.11470449318135999,0.0030760162270417834,656,1,,5297,,,0.4,69230.6,25026.0
reports/planes/cascade/gate_planes_resnet18_temperature_strat_boundary.json,,temperature,58695.0,14190.0,0.8782329620539928,real,9534.6,10594.0,0.873546511627907,gate_planes_resnet18_temperature,0.8571560448142604,0.8466492808111143,0.5865449617164493,0.8255230444710712,0.8026817824207472,0.7678559528985371,0.7060010819263973,0.5793528589009531,0.3624490615130095,0.11470449318135999,0.0030760162270417834,645,1,,5297,,,0.45,68229.6,24784.0
reports/planes/cascade/gate_planes_resnet18_temperature_strat_boundary.json,,temperature,57876.0,13992.0,0.8799320370020767,real,9534.6,10594.0,0.8706395348837209,gate_planes_resnet18_temperature,0.8568586530345527,0.8463827033042435,0.5846653865984393,0.8252908909796067,0.7937996698537568,0.7592056328927699,0.7057716300379219,0.5790946760133934,0.36244382197497893,0.11473017166612602,0.0030760162270417834,636,1,,5297,,,0.5,67410.6,24586.0
reports/planes/cascade/gate_planes_resnet18_temperature_strat_boundary.json,,temperature,56420.0,13640.0,0.882952614687559,real,9534.6,10594.0,0.8633720930232558,gate_planes_resnet18_temperature,0.8477566643598421,0.8462930471785083,0.5837505970127275,0.8252062933019779,0.7938622390813607,0.759242917172733,0.7057632736334355,0.579099445427406,0.36247273472601754,0.11473333901895191,0.0030760162270417834,620,1,,5297,,,0.55,65954.6,24234.0
reports/planes/cascade/gate_planes_resnet18_temperature_strat_boundary.json,,temperature,55965.0,13530.0,0.8838965452142722,real,9534.6,10594.0,0.8604651162790697,gate_planes_resnet18_temperature,0.8475728350187804,0.8371076839059053,0.5817299912952262,0.8161491160114879,0.7935901132530214,0.7589720780691319,0.7050984835786563,0.578646576642187,0.3623906866207028,0.11469632362534665,0.0030760162270417834,615,1,,5297,,,0.6000000000000001,65499.6,24124.0
reports/planes/cascade/gate_planes_resnet18_temperature_strat_boundary.json,,temperature,55328.0,13376.0,0.8852180479516708,real,9534.6,10594.0,0.8561046511627907,gate_planes_resnet18_temperature,0.8472706178457893,0.8368091784379036,0.5808033723955275,0.815827100411574,0.7932259812422604,0.7584942680706445,0.6973224990462512,0.5787165319165591,0.3625453029582064,0.11474622779904448,0.0030760162270417834,608,1,,5297,,,0.65,64862.6,23970.0
reports/planes/cascade/gate_planes_resnet18_temperature_strat_boundary.json,,temperature,54691.0,13222.0,0.8865395506890693,real,9534.6,10594.0,0.8502906976744186,gate_planes_resnet18_temperature,0.837869156133526,0.8363983886063228,0.5770985318908346,0.8154006843320879,0.7840540763353878,0.7494912116398406,0.6969553380758485,0.5714164766091099,0.36170808452597764,0.11461588642320286,0.0030760162270417834,601,1,,5297,,,0.7000000000000001,64225.6,23816.0
reports/planes/cascade/gate_planes_resnet18_temperature_strat_boundary.json,,temperature,53599.0,12958.0,0.8888049839531811,real,9534.6,10594.0,0.8357558139534884,gate_planes_resnet18_temperature,0.8377390714400269,0.8273029381647695,0.5752028842206135,0.8063571965180029,0.7838484422722383,0.7493929348109281,0.6969076125754432,0.5713755783896873,0.3615443848072985,0.11448303982326123,0.0030776434044788564,589,1,,5297,,,0.75,63133.6,23552.0
reports/planes/cascade/gate_planes_resnet18_temperature_strat_boundary.json,,temperature,52507.0,12694.0,0.8910704172172929,real,9534.6,10594.0,0.8255813953488372,gate_planes_resnet18_temperature,0.8373304968164574,0.8268814788784437,0.5741922220474117,0.8061524572945439,0.7835004230745582,0.7491711570206769,0.6886244888243312,0.5713283148063905,0.3613217572351128,0.11453400311912254,0.0030776434044788564,577,1,,5297,,,0.8,62041.6,23288.0
reports/planes/cascade/gate_planes_resnet18_temperature_strat_boundary.json,,temperature,51142.0,12364.0,0.8939022087974325,real,9534.6,10594.0,0.8052325581395349,gate_planes_resnet18_temperature,0.8275528777045497,0.8171177044197098,0.5689341075100256,0.7964167008728562,0.7738910562664325,0.7398325833856864,0.6880544309777066,0.5714774755034459,0.3569722906395665,0.11494009084610332,0.0030858644842001906,562,1,,5297,,,0.8500000000000001,60676.6,22958.0
reports/planes/cascade/gate_planes_resnet18_temperature_strat_boundary.json,,temperature,49504.0,11968.0,0.8973003586936001,real,9534.6,10594.0,0.7819767441860465,gate_planes_resnet18_temperature,0.8084344743951211,0.7980379871078291,0.5604847623637934,0.7862827666375845,0.7637538010587462,0.7302140746528952,0.6787797410319656,0.5641452750769702,0.3570306603843255,0.11508297880829622,0.0030858644842001906,544,1,,5297,,,0.9,59038.6,22562.0
reports/planes/cascade/gate_planes_resnet18_temperature_strat_boundary.json,,temperature,45318.0,10956.0,0.9059845195393619,real,9534.6,10594.0,0.7209302325581395,gate_planes_resnet18_temperature,0.7688718879445677,0.7587666327029211,0.5331754087893359,0.7470432536691138,0.7249259673837302,0.6919911239475052,0.6422820840360338,0.5383913742498664,0.34421447221434603,0.11217809851566032,0.0030891932296145033,498,1,,5297,,,0.9500000000000001,54852.6,21550.0
reports/planes/cascade/gate_planes_resnet18_temperature_strat_boundary.json,,temperature,0.0,0.0,1.0,real,9534.6,10594.0,0.0,gate_planes_resnet18_temperature,0.0,0.0,0.0,0.0,0.0,0.0,0.0,0.0,0.0,0.0,0.0,0,1,,5297,,,1.0,9534.6,10594.0
reports/planes/cascade/gate_planes_resnet18_temperature_strat_boundary.stratified_boundary.json,boundary,temperature,,,0.0,real,,,1.0,gate_planes_resnet18_temperature,0.19405940594059407,0.19405940594059407,0.09584158415841584,0.19405940594059407,0.09900990099009901,0.09900990099009901,0.0594059405940594,0.0594059405940594,0.0594059405940594,0.0,0.0,,1,124,124,,boundary,0.0,,
reports/planes/cascade/gate_planes_resnet18_temperature_strat_boundary.stratified_boundary.json,interior,temperature,,,0.0,real,,,1.0,gate_planes_resnet18_temperature,0.9153569662505289,0.9045229726266739,0.6151042541803153,0.8828531462836855,0.8499926594995163,0.8027320987043639,0.7270689119364311,0.5882899458626069,0.36334352040399864,0.11380792557478639,0.003074394660561391,,1,5173,5173,,boundary,0.0,,
reports/planes/cascade/gate_planes_resnet18_temperature_strat_boundary.stratified_boundary.json,boundary,temperature,,,0.9354838709677419,real,,,0.3333333333333333,gate_planes_resnet18_temperature,0.19405940594059407,0.19405940594059407,0.09584158415841584,0.19405940594059407,0.09900990099009901,0.09900990099009901,0.0594059405940594,0.0594059405940594,0.0594059405940594,0.0,0.0,,1,124,124,,boundary,0.05,,
reports/planes/cascade/gate_planes_resnet18_temperature_strat_boundary.stratified_boundary.json,interior,temperature,,,0.7889039242219216,real,,,0.9499263622974963,gate_planes_resnet18_temperature,0.886734612562625,0.8761093255026448,0.6018140743927066,0.8546823365556442,0.8310936894990547,0.7855906166523158,0.7196891977469152,0.582421187450399,0.3644711080849968,0.11427427521190896,0.003074394660561391,,1,5173,5173,,boundary,0.05,,
reports/planes/cascade/gate_planes_resnet18_temperature_strat_boundary.stratified_boundary.json,boundary,temperature,,,0.9516129032258065,real,,,0.3333333333333333,gate_planes_resnet18_temperature,0.19405940594059407,0.19405940594059407,0.09584158415841584,0.19405940594059407,0.09900990099009901,0.09900990099009901,0.0594059405940594,0.0594059405940594,0.0594059405940594,0.0,0.0,,1,124,124,,boundary,0.1,,
reports/planes/cascade/gate_planes_resnet18_temperature_strat_boundary.stratified_boundary.json,interior,temperature,,,0.8296926348347188,real,,,0.93519882179676,gate_planes_resnet18_temperature,0.886703386231547,0.8760854682175652,0.6017840459548194,0.8546260315064527,0.8310031533704417,0.785573554865641,0.7196272894669223,0.5823906914931847,0.36448149270490815,0.11427499703096887,0.003074394660561391,,1,5173,5173,,boundary,0.1,,
reports/planes/cascade/gate_planes_resnet18_temperature_strat_boundary.stratified_boundary.json,boundary,temperature,,,0.9596774193548387,real,,,0.3333333333333333,gate_planes_resnet18_temperature,0.19405940594059407,0.19405940594059407,0.09584158415841584,0.19405940594059407,0.09900990099009901,0.09900990099009901,0.0594059405940594,0.0594059405940594,0.0594059405940594,0.0,0.0,,1,124,124,,boundary,0.15000000000000002,,
reports/planes/cascade/gate_planes_resnet18_temperature_strat_boundary.stratified_boundary.json,interior,temperature,,,0.8468973516334816,real,,,0.9175257731958762,gate_planes_resnet18_temperature,0.8669866864937434,0.8563976249306352,0.5924763900332952,0.8350995522237279,0.8120987284113442,0.768503250159496,0.7139803827608956,0.5860650267709117,0.3676645171915625,0.11489211516359303,0.0030760162270417834,,1,5173,5173,,boundary,0.15000000000000002,,
reports/planes/cascade/gate_planes_resnet18_temperature_strat_boundary.stratified_boundary.json,boundary,temperature,,,0.9758064516129032,real,,,0.3333333333333333,gate_planes_resnet18_temperature,0.19405940594059407,0.19405940594059407,0.09584158415841584,0.19405940594059407,0.09900990099009901,0.09900990099009901,0.0594059405940594,0.0594059405940594,0.0594059405940594,0.0,0.0,,1,124,124,,boundary,0.2,,
reports/planes/cascade/gate_planes_resnet18_temperature_strat_boundary.stratified_boundary.json,interior,temperature,,,0.8544364971969843,real,,,0.9116347569955817,gate_planes_resnet18_temperature,0.866942370345498,0.8563744044870736,0.592500248934802,0.8351101454091989,0.8120176849916405,0.7684490561955957,0.7140902481954156,0.5862779963605614,0.3677592719508842,0.11490529518511,0.0030760162270417834,,1,5173,5173,,boundary,0.2,,
reports/planes/cascade/gate_planes_resnet18_temperature_strat_boundary.stratified_boundary.json,boundary,temperature,,,0.9758064516129032,real,,,0.3333333333333333,gate_planes_resnet18_temperature,0.19405940594059407,0.19405940594059407,0.09584158415841584,0.19405940594059407,0.09900990099009901,0.09900990099009901,0.0594059405940594,0.0594059405940594,0.0594059405940594,0.0,0.0,,1,124,124,,boundary,0.25,,
reports/planes/cascade/gate_planes_resnet18_temperature_strat_boundary.stratified_boundary.json,interior,temperature,,,0.8613957084863716,real,,,0.9042709867452136,gate_planes_resnet18_temperature,0.8666561766263645,0.8560975820319494,0.5900783713314828,0.8348065791134605,0.8032839694757374,0.7682943016419248,0.7062980087273881,0.5796417485259406,0.36772403575990986,0.11490529518511,0.0030760162270417834,,1,5173,5173,,boundary,0.25,,
reports/planes/cascade/gate_planes_resnet18_temperature_strat_boundary.stratified_boundary.json,boundary,temperature,,,0.9758064516129032,real,,,0.3333333333333333,gate_planes_resnet18_temperature,0.19405940594059407,0.19405940594059407,0.09584158415841584,0.19405940594059407,0.09900990099009901,0.09900990099009901,0.0594059405940594,0.0594059405940594,0.0594059405940594,0.0,0.0,,1,124,124,,boundary,0.30000000000000004,,
reports/planes/cascade/gate_planes_resnet18_temperature_strat_boundary.stratified_boundary.json,interior,temperature,,,0.8662284941040016,real,,,0.8969072164948454,gate_planes_resnet18_temperature,0.8574529186075185,0.8469308766784045,0.5873511214027994,0.8258386557630568,0.8032103999779143,0.7682551796396271,0.7063089470934972,0.579740557287928,0.3677875027042298,0.11491016004877588,0.0030760162270417834,,1,5173,5173,,boundary,0.30000000000000004,,
reports/planes/cascade/gate_planes_resnet18_temperature_strat_boundary.stratified_boundary.json,boundary,temperature,,,0.9758064516129032,real,,,0.3333333333333333,gate_planes_resnet18_temperature,0.19405940594059407,0.19405940594059407,0.09584158415841584,0.19405940594059407,0.09900990099009901,0.09900990099009901,0.0594059405940594,0.0594059405940594,0.0594059405940594,0.0,0.0,,1,124,124,,boundary,0.35000000000000003,,
reports/planes/cascade/gate_planes_resnet18_temperature_strat_boundary.stratified_boundary.json,interior,temperature,,,0.870481345447516,real,,,0.8924889543446245,gate_planes_resnet18_temperature,0.8574443545538055,0.8468844292026905,0.5873300544268574,0.8258165712594706,0.8031587218359525,0.7682103837044727,0.7062878660324329,0.5797060039222611,0.36780435610735723,0.1149118414230888,0.0030760162270417834,,1,5173,5173,,boundary,0.35000000000000003,,
reports/planes/cascade/gate_planes_resnet18_temperature_strat_boundary.stratified_boundary.json,boundary,temperature,,,0.9758064516129032,real,,,0.3333333333333333,gate_planes_resnet18_temperature,0.19405940594059407,0.19405940594059407,0.09584158415841584,0.19405940594059407,0.09900990099009901,0.09900990099009901,0.0594059405940594,0.0594059405940594,0.0594059405940594,0.0,0.0,,1,124,124,,boundary,0.4,,
reports/planes/cascade/gate_planes_resnet18_temperature_strat_boundary.stratified_boundary.json,interior,temperature,,,0.8737676396675044,real,,,0.8851251840942562,gate_planes_resnet18_temperature,0.8574248605507794,0.8469117779508691,0.5873524024036307,0.8258175960020884,0.8031559424622625,0.7682373509990592,0.7063828335951657,0.5797665888711291,0.36783631879674195,0.1149147385811699,0.0030760162270417834,,1,5173,5173,,boundary,0.4,,
reports/planes/cascade/gate_planes_resnet18_temperature_strat_boundary.stratified_boundary.json,boundary,temperature,,,0.9758064516129032,real,,,0.3333333333333333,gate_planes_resnet18_temperature,0.19405940594059407,0.19405940594059407,0.09584158415841584,0.19405940594059407,0.09900990099009901,0.09900990099009901,0.0594059405940594,0.0594059405940594,0.0594059405940594,0.0,0.0,,1,124,124,,boundary,0.45,,
reports/planes/cascade/gate_planes_resnet18_temperature_strat_boundary.stratified_boundary.json,interior,temperature,,,0.8758940653392615,real,,,0.8807069219440353,gate_planes_resnet18_temperature,0.8573883723075644,0.8468870439796264,0.587338312270584,0.8257998161890654,0.8031216406065699,0.7682122690418328,0.7063846086470492,0.5797665888711291,0.36783202825479006,0.1149147385811699,0.0030760162270417834,,1,5173,5173,,boundary,0.45,,
reports/planes/cascade/gate_planes_resnet18_temperature_strat_boundary.stratified_boundary.json,boundary,temperature,,,0.9758064516129032,real,,,0.3333333333333333,gate_planes_resnet18_temperature,0.19405940594059407,0.19405940594059407,0.09584158415841584,0.19405940594059407,0.09900990099009901,0.09900990099009901,0.0594059405940594,0.0594059405940594,0.0594059405940594,0.0,0.0,,1,124,124,,boundary,0.5,,
reports/planes/cascade/gate_planes_resnet18_temperature_strat_boundary.stratified_boundary.json,interior,temperature,,,0.8776338681616084,real,,,0.8777614138438881,gate_planes_resnet18_temperature,0.8571437905600258,0.8466582948492124,0.5866697116710461,0.8255677138258919,0.8027606248208448,0.768029859502723,0.7061836260357529,0.5795680036787407,0.3627940450218439,0.11491514218838372,0.0030760162270417834,,1,5173,5173,,boundary,0.5,,
reports/planes/cascade/gate_planes_resnet18_temperature_strat_boundary.stratified_boundary.json,boundary,temperature,,,0.9758064516129032,real,,,0.3333333333333333,gate_planes_resnet18_temperature,0.19405940594059407,0.19405940594059407,0.09584158415841584,0.19405940594059407,0.09900990099009901,0.09900990099009901,0.0594059405940594,0.0594059405940594,0.0594059405940594,0.0,0.0,,1,124,124,,boundary,0.55,,
reports/planes/cascade/gate_planes_resnet18_temperature_strat_boundary.stratified_boundary.json,interior,temperature,,,0.8807268509568915,real,,,0.8703976435935199,gate_planes_resnet18_temperature,0.857049676715128,0.8465775327088341,0.5866442420206266,0.8255169286400299,0.802758690389865,0.7679380822526969,0.7061940067814135,0.5795898946742135,0.36282328227583405,0.11491830954120957,0.0030760162270417834,,1,5173,5173,,boundary,0.55,,
reports/planes/cascade/gate_planes_resnet18_temperature_strat_boundary.stratified_boundary.json,boundary,temperature,,,0.9758064516129032,real,,,0.3333333333333333,gate_planes_resnet18_temperature,0.19405940594059407,0.19405940594059407,0.09584158415841584,0.19405940594059407,0.09900990099009901,0.09900990099009901,0.0594059405940594,0.0594059405940594,0.0594059405940594,0.0,0.0,,1,124,124,,boundary,0.6000000000000001,,
reports/planes/cascade/gate_planes_resnet18_temperature_strat_boundary.stratified_boundary.json,interior,temperature,,,0.8816934080804175,real,,,0.8674521354933726,gate_planes_resnet18_temperature,0.8477449553999902,0.8373369841260713,0.5829103940069158,0.8252057341111683,0.7939034985420804,0.7592579603876773,0.7057983727322281,0.5791194730816069,0.3627458078462843,0.11491513761500953,0.0030760162270417834,,1,5173,5173,,boundary,0.6000000000000001,,
reports/planes/cascade/gate_planes_resnet18_temperature_strat_boundary.stratified_boundary.json,boundary,temperature,,,0.9758064516129032,real,,,0.3333333333333333,gate_planes_resnet18_temperature,0.19405940594059407,0.19405940594059407,0.09584158415841584,0.19405940594059407,0.09900990099009901,0.09900990099009901,0.0594059405940594,0.0594059405940594,0.0594059405940594,0.0,0.0,,1,124,124,,boundary,0.65,,
reports/planes/cascade/gate_planes_resnet18_temperature_strat_boundary.stratified_boundary.json,interior,temperature,,,0.8830465880533539,real,,,0.8630338733431517,gate_planes_resnet18_temperature,0.8474998245545112,0.8370581716350542,0.5810909549768906,0.8160954568411657,0.7935476866705237,0.7588312028148354,0.6976048840958706,0.5793066591520817,0.3629257493438974,0.11496389843392416,0.0030760162270417834,,1,5173,5173,,boundary,0.65,,
reports/planes/cascade/gate_planes_resnet18_temperature_strat_boundary.stratified_boundary.json,boundary,temperature,,,0.9758064516129032,real,,,0.3333333333333333,gate_planes_resnet18_temperature,0.19405940594059407,0.19405940594059407,0.09584158415841584,0.19405940594059407,0.09900990099009901,0.09900990099009901,0.0594059405940594,0.0594059405940594,0.0594059405940594,0.0,0.0,,1,124,124,,boundary,0.7000000000000001,,
reports/planes/cascade/gate_planes_resnet18_temperature_strat_boundary.stratified_boundary.json,interior,temperature,,,0.8843997680262904,real,,,0.8571428571428571,gate_planes_resnet18_temperature,0.8471987063705527,0.8367099343608866,0.5806812027549334,0.8157166128333522,0.7930489762324167,0.7582825444850907,0.6973380803765705,0.5784637115931455,0.36209952942407336,0.11487791564620371,0.0030760162270417834,,1,5173,5173,,boundary,0.7000000000000001,,
reports/planes/cascade/gate_planes_resnet18_temperature_strat_boundary.stratified_boundary.json,boundary,temperature,,,0.9758064516129032,real,,,0.3333333333333333,gate_planes_resnet18_temperature,0.19405940594059407,0.19405940594059407,0.09584158415841584,0.19405940594059407,0.09900990099009901,0.09900990099009901,0.0594059405940594,0.0594059405940594,0.0594059405940594,0.0,0.0,,1,124,124,,boundary,0.75,,
reports/planes/cascade/gate_planes_resnet18_temperature_strat_boundary.stratified_boundary.json,interior,temperature,,,0.8867195051227528,real,,,0.8424153166421208,gate_planes_resnet18_temperature,0.8379012905311024,0.8274882048045317,0.576348311268432,0.815410572970885,0.7841436557113663,0.7496885597361284,0.6972878922153294,0.5717268676824258,0.36200387266974227,0.11475455295832915,0.0030776434044788564,,1,5173,5173,,boundary,0.75,,
reports/planes/cascade/gate_planes_resnet18_temperature_strat_boundary.stratified_boundary.json,boundary,temperature,,,0.9758064516129032,real,,,0.3333333333333333,gate_planes_resnet18_temperature,0.19405940594059407,0.19405940594059407,0.09584158415841584,0.19405940594059407,0.09900990099009901,0.09900990099009901,0.0594059405940594,0.0594059405940594,0.0594059405940594,0.0,0.0,,1,124,124,,boundary,0.8,,
reports/planes/cascade/gate_planes_resnet18_temperature_strat_boundary.stratified_boundary.json,interior,temperature,,,0.8890392422192152,real,,,0.8321060382916053,gate_planes_resnet18_temperature,0.8375933239377468,0.8271081574806253,0.5752903188714678,0.8064107929313092,0.7838749022872084,0.7495243038152863,0.6968739188191055,0.5717621206362484,0.3618754380966256,0.11480258730604317,0.0030776434044788564,,1,5173,5173,,boundary,0.8,,
reports/planes/cascade/gate_planes_resnet18_temperature_strat_boundary.stratified_boundary.json,boundary,temperature,,,0.9758064516129032,real,,,0.3333333333333333,gate_planes_resnet18_temperature,0.19405940594059407,0.19405940594059407,0.09584158415841584,0.19405940594059407,0.09900990099009901,0.09900990099009901,0.0594059405940594,0.0594059405940594,0.0594059405940594,0.0,0.0,,1,124,124,,boundary,0.8500000000000001,,
reports/planes/cascade/gate_planes_resnet18_temperature_strat_boundary.stratified_boundary.json,interior,temperature,,,0.8919389135897932,real,,,0.8114874815905744,gate_planes_resnet18_temperature,0.8278090759781903,0.8173766698007318,0.5697667457214988,0.7966668745516458,0.7742074824489547,0.7401902585487617,0.6884359709605357,0.5721441286133669,0.362540051961888,0.1152110798667131,0.0030858644842001906,,1,5173,5173,,boundary,0.8500000000000001,,
reports/planes/cascade/gate_planes_resnet18_temperature_strat_boundary.stratified_boundary.json,boundary,temperature,,,0.9758064516129032,real,,,0.3333333333333333,gate_planes_resnet18_temperature,0.19405940594059407,0.19405940594059407,0.09584158415841584,0.19405940594059407,0.09900990099009901,0.09900990099009901,0.0594059405940594,0.0594059405940594,0.0594059405940594,0.0,0.0,,1,124,124,,boundary,0.9,,
reports/planes/cascade/gate_planes_resnet18_temperature_strat_boundary.stratified_boundary.json,interior,temperature,,,0.8954185192344868,real,,,0.7879234167893961,gate_planes_resnet18_temperature,0.8086107453956808,0.8073010288588969,0.561691619162733,0.7866500635338206,0.7642106572168375,0.7305553607476871,0.6791996885821926,0.5645623919133664,0.3573862908200538,0.11535410007459508,0.0030858644842001906,,1,5173,5173,,boundary,0.9,,
reports/planes/cascade/gate_planes_resnet18_temperature_strat_boundary.stratified_boundary.json,boundary,temperature,,,0.9758064516129032,real,,,0.3333333333333333,gate_planes_resnet18_temperature,0.19405940594059407,0.19405940594059407,0.09584158415841584,0.19405940594059407,0.09900990099009901,0.09900990099009901,0.0594059405940594,0.0594059405940594,0.0594059405940594,0.0,0.0,,1,124,124,,boundary,0.9500000000000001,,
reports/planes/cascade/gate_planes_resnet18_temperature_strat_boundary.stratified_boundary.json,interior,temperature,,,0.9043108447709259,real,,,0.7260677466863034,gate_planes_resnet18_temperature,0.7690738356401904,0.7679009273066195,0.5343253477445568,0.7474019127249102,0.7253708105985999,0.6922314976912927,0.6425554785715976,0.5387642832715385,0.3445208125113332,0.11234472589987109,0.0030891932296145033,,1,5173,5173,,boundary,0.9500000000000001,,
reports/planes/cascade/gate_planes_resnet18_temperature_strat_boundary.stratified_boundary.json,boundary,temperature,,,1.0,real,,,0.0,gate_planes_resnet18_temperature,0.0,0.0,0.0,0.0,0.0,0.0,0.0,0.0,0.0,0.0,0.0,,1,124,124,,boundary,1.0,,
reports/planes/cascade/gate_planes_resnet18_temperature_strat_boundary.stratified_boundary.json,interior,temperature,,,1.0,real,,,0.0,gate_planes_resnet18_temperature,0.0,0.0,0.0,0.0,0.0,0.0,0.0,0.0,0.0,0.0,0.0,,1,5173,5173,,boundary,1.0,,
reports/planes/cascade/gate_planes_resnet18_temperature_strat_gsd_bucket.json,,temperature,482027.0,116534.0,0.0,real,9534.6,10594.0,1.0,gate_planes_resnet18_temperature,0.9151257181537812,0.9042543353094928,0.6147765326825672,0.8824830152318285,0.8495622191389536,0.8022978991215035,0.726664441277628,0.5877920368187324,0.3629220152994837,0.11358925181370712,0.003074394660561391,5297,1,,5297,,,0.0,491561.6,127128.0
reports/planes/cascade/gate_planes_resnet18_temperature_strat_gsd_bucket.json,,temperature,100100.0,24200.0,0.7923352841230885,real,9534.6,10594.0,0.9418604651162791,gate_planes_resnet18_temperature,0.8865130550215763,0.8759124039095763,0.6007194324610163,0.8544778366662172,0.8306600258661757,0.7852537144518135,0.7115120632346431,0.5818270914488635,0.3639008767569884,0.11406286259374719,0.003074394660561391,1100,1,,5297,,,0.05,109634.6,34794.0
reports/planes/cascade/gate_planes_resnet18_temperature_strat_gsd_bucket.json,,temperature,80717.0,19514.0,0.8325467245610723,real,9534.6,10594.0,0.9273255813953488,gate_planes_resnet18_temperature,0.8864411561874923,0.8758232188343628,0.5998360674511355,0.8544276798071329,0.8221292089555028,0.7852172682128922,0.7115005235590725,0.5817703084836925,0.36391334180123974,0.11406357400940555,0.003074394660561391,887,1,,5297,,,0.1,90251.6,30108.0
reports/planes/cascade/gate_planes_resnet18_temperature_strat_gsd_bucket.json,,temperature,72527.0,17534.0,0.8495374740419105,real,9534.6,10594.0,0.9098837209302325,gate_planes_resnet18_temperature,0.8667587783912595,0.856129542664191,0.5894116826803267,0.834879130049121,0.8031775145581675,0.7681852914330974,0.7058681499767946,0.5790882642934277,0.3622737491772654,0.11468039003290058,0.0030760162270417834,797,1,,5297,,,0.15000000000000002,82061.6,28128.0
reports/planes/cascade/gate_planes_resnet18_temperature_strat_gsd_bucket.json,,temperature,68796.0,16632.0,0.8572777043609591,real,9534.6,10594.0,0.9040697674418605,gate_planes_resnet18_temperature,0.8666895170308214,0.8561071063443473,0.5894295005729457,0.834849538516239,0.803142817862042,0.768090629460822,0.7060142251126181,0.5792788334071849,0.3623528823778235,0.11469343939051743,0.0030760162270417834,756,1,,5297,,,0.2,78330.6,27226.0
reports/planes/cascade/gate_planes_resnet18_temperature_strat_gsd_bucket.json,,temperature,65520.0,15840.0,0.8640740041532944,real,9534.6,10594.0,0.8968023255813954,gate_planes_resnet18_temperature,0.8574014134628117,0.8468657943807814,0.5866172368173046,0.8257429790464809,0.8029782560608714,0.7679562485068235,0.7058704614507562,0.5792227770425424,0.3623649143174906,0.11469350767744627,0.0030760162270417834,720,1,,5297,,,0.25,75054.6,26434.0
reports/planes/cascade/gate_planes_resnet18_temperature_strat_gsd_bucket.json,,temperature,63245.0,15290.0,0.8687936567868605,real,9534.6,10594.0,0.8895348837209303,gate_planes_resnet18_temperature,0.8572660410364512,0.8467249763736588,0.5865812112982269,0.8256168177597799,0.8028253287497872,0.7679319667037887,0.7059388051513279,0.5793169721663373,0.3624152160419413,0.1146999727721554,0.0030760162270417834,695,1,,5297,,,0.30000000000000004,72779.6,25884.0
reports/planes/cascade/gate_planes_resnet18_temperature_strat_gsd_bucket.json,,temperature,61243.0,14806.0,0.8729469511043987,real,9534.6,10594.0,0.8851744186046512,gate_planes_resnet18_temperature,0.8572028073816989,0.8467014950083351,0.5865590001725834,0.8255718293624493,0.8028027199236286,0.7678961786142705,0.7059212216501378,0.5792883982042559,0.36242769925844626,0.11470163609557013,0.0030760162270417834,673,1,,5297,,,0.35000000000000003,70777.6,25400.0
reports/planes/cascade/gate_planes_resnet18_temperature_strat_gsd_bucket.json,,temperature,59696.0,14432.0,0.8761563148952237,real,9534.6,10594.0,0.877906976744186,gate_planes_resnet18_temperature,0.8571816665246652,0.8466831265094695,0.5865638167523272,0.8255427700922963,0.8027567570497447,0.7678890667411981,0.7059995270920658,0.5793532936423269,0.362451450463102,0.11470449318135999,0.0030760162270417834,656,1,,5297,,,0.4,69230.6,25026.0
reports/planes/cascade/gate_planes_resnet18_temperature_strat_gsd_bucket.json,,temperature,58695.0,14190.0,0.8782329620539928,real,9534.6,10594.0,0.873546511627907,gate_planes_resnet18_temperature,0.8571560448142604,0.8466492808111143,0.5865455237722828,0.8255256632795274,0.8026817824207472,0.7678559528985371,0.7060012599848091,0.5793532936423269,0.362451450463102,0.11470449318135999,0.0030760162270417834,645,1,,5297,,,0.45,68229.6,24784.0
reports/planes/cascade/gate_planes_resnet18_temperature_strat_gsd_bucket.json,,temperature,57876.0,13992.0,0.8799320370020767,real,9534.6,10594.0,0.8706395348837209,gate_planes_resnet18_temperature,0.8568586530345527,0.8463827033042435,0.5846653444721073,0.8252908909796067,0.7937996698537568,0.7592056328927699,0.7057716300379219,0.5790942547500737,0.36244382197497893,0.11473017166612602,0.0030760162270417834,636,1,,5297,,,0.5,67410.6,24586.0
reports/planes/cascade/gate_planes_resnet18_temperature_strat_gsd_bucket.json,,temperature,56420.0,13640.0,0.882952614687559,real,9534.6,10594.0,0.8633720930232558,gate_planes_resnet18_temperature,0.8477566643598421,0.8462930471785083,0.583750494622594,0.8252062933019779,0.7938622390813607,0.759242917172733,0.70576310681632,0.5790985883431864,0.36247273472601754,0.11473333901895191,0.0030760162270417834,620,1,,5297,,,0.55,65954.6,24234.0
reports/planes/cascade/gate_planes_resnet18_temperature_strat_gsd_bucket.json,,temperature,55965.0,13530.0,0.8838965452142722,real,9534.6,10594.0,0.8604651162790697,gate_planes_resnet18_temperature,0.8475728350187804,0.8371076839059053,0.581729659283305,0.8161491160114879,0.7935901594509689,0.7589720780691319,0.7050959774712581,0.5786457164324268,0.3623906866207028,0.11469632362534665,0.0030760162270417834,615,1,,5297,,,0.6000000000000001,65499.6,24124.0
reports/planes/cascade/gate_planes_resnet18_temperature_strat_gsd_bucket.json,,temperature,55328.0,13376.0,0.8852180479516708,real,9534.6,10594.0,0.8561046511627907,gate_planes_resnet18_temperature,0.8472706178457893,0.8368091784379036,0.5808033016116648,0.815827100411574,0.7932259812422604,0.7584942680706445,0.6973226446724986,0.578715678451685,0.3625453029582064,0.11474622779904448,0.0030760162270417834,608,1,,5297,,,0.65,64862.6,23970.0
reports/planes/cascade/gate_planes_resnet18_temperature_strat_gsd_bucket.json,,temperature,54691.0,13222.0,0.8865395506890693,real,9534.6,10594.0,0.8502906976744186,gate_planes_resnet18_temperature,0.837869156133526,0.8363983886063228,0.5770988681190522,0.8154006843320879,0.7840540763353878,0.7494912116398406,0.6969585013868489,0.5714164766091099,0.36170828349715306,0.11461588642320286,0.0030760162270417834,601,1,,5297,,,0.7000000000000001,64225.6,23816.0
reports/planes/cascade/gate_planes_resnet18_temperature_strat_gsd_bucket.json,,temperature,53599.0,12958.0,0.8888049839531811,real,9534.6,10594.0,0.8357558139534884,gate_planes_resnet18_temperature,0.8377390714400269,0.8273029381647695,0.5752029372362074,0.8063571965180029,0.7838485940390817,0.7493929348109281,0.6969077893673337,0.5713755783896873,0.3615445864045036,0.11448303982326123,0.0030776434044788564,589,1,,5297,,,0.75,63133.6,23552.0
reports/planes/cascade/gate_planes_resnet18_temperature_strat_gsd_bucket.json,,temperature,52507.0,12694.0,0.8910704172172929,real,9534.6,10594.0,0.8255813953488372,gate_planes_resnet18_temperature,0.8373304968164574,0.8268814788784437,0.5741922454725967,0.8061524572945439,0.7835004699314161,0.7491711570206769,0.6886244888243312,0.5713283148063905,0.3613219446301054,0.11453400311912254,0.0030776434044788564,577,1,,5297,,,0.8,62041.6,23288.0
reports/planes/cascade/gate_planes_resnet18_temperature_strat_gsd_bucket.json,,temperature,51142.0,12364.0,0.8939022087974325,real,9534.6,10594.0,0.8052325581395349,gate_planes_resnet18_temperature,0.8275528777045497,0.8171177044197098,0.5689337062180546,0.7964167008728562,0.7738910562664325,0.7398325833856864,0.6880542689238108,0.5714754376709978,0.3569704776061997,0.11494009084610332,0.0030858644842001906,562,1,,5297,,,0.8500000000000001,60676.6,22958.0
reports/planes/cascade/gate_planes_resnet18_temperature_strat_gsd_bucket.json,,temperature,49504.0,11968.0,0.8973003586936001,real,9534.6,10594.0,0.7819767441860465,gate_planes_resnet18_temperature,0.8084344743951211,0.7980379871078291,0.5604851371673931,0.7862827666375845,0.7637538010587462,0.7302140746528952,0.6787797410319656,0.5641477515413291,0.35703193195596433,0.11508297880829622,0.0030858644842001906,544,1,,5297,,,0.9,59038.6,22562.0
reports/planes/cascade/gate_planes_resnet18_temperature_strat_gsd_bucket.json,,temperature,45318.0,10956.0,0.9059845195393619,real,9534.6,10594.0,0.7209302325581395,gate_planes_resnet18_temperature,0.7688718879445677,0.7587666327029211,0.5331750174969385,0.7470432536691138,0.7249259673837302,0.6919911239475052,0.6422820840360338,0.5383909480447224,0.3442109854955164,0.11217809851566032,0.0030891932296145033,498,1,,5297,,,0.9500000000000001,54852.6,21550.0
reports/planes/cascade/gate_planes_resnet18_temperature_strat_gsd_bucket.json,,temperature,0.0,0.0,1.0,real,9534.6,10594.0,0.0,gate_planes_resnet18_temperature,0.0,0.0,0.0,0.0,0.0,0.0,0.0,0.0,0.0,0.0,0.0,0,1,,5297,,,1.0,9534.6,10594.0
reports/planes/cascade/gate_planes_resnet18_temperature_strat_gsd_bucket.stratified_gsd_bucket.json,high,temperature,,,0.0,real,,,1.0,gate_planes_resnet18_temperature,0.9574104828016857,0.9473114730575577,0.6792965651727685,0.9360190031327073,0.9138583467244104,0.8790520499820907,0.8268599639564211,0.710325914079013,0.4667945009228865,0.15196981939021267,0.0033640976806998007,,1,1335,1335,,gsd_bucket,0.0,,
reports/planes/cascade/gate_planes_resnet18_temperature_strat_gsd_bucket.stratified_gsd_bucket.json,low,temperature,,,0.0,real,,,1.0,gate_planes_resnet18_temperature,0.6673517568533163,0.644811858621374,0.3518693026640899,0.6017450374014258,0.5364658255802344,0.4464896383314082,0.3507935330510024,0.19740998893990055,0.06591015822444228,0.007447635310794761,0.0002675943270002676,,1,2209,2209,,gsd_bucket,0.0,,
reports/planes/cascade/gate_planes_resnet18_temperature_strat_gsd_bucket.stratified_gsd_bucket.json,medium,temperature,,,0.0,real,,,1.0,gate_planes_resnet18_temperature,0.9045190252359145,0.8849449569505751,0.5096922949082517,0.8648644338910271,0.8354174159079875,0.723675238696445,0.5124087474234815,0.28188253226328547,0.08639687641201813,0.002748584209026796,6.513809275664408e-05,,1,389,389,,gsd_bucket,0.0,,
reports/planes/cascade/gate_planes_resnet18_temperature_strat_gsd_bucket.stratified_gsd_bucket.json,unknown,temperature,,,0.0,real,,,1.0,gate_planes_resnet18_temperature,0.8766928901141837,0.8396180652009495,0.45001375968687185,0.7620576803753303,0.656057924952458,0.5794229784000743,0.4815652538839261,0.25682861203429597,0.04685198242339436,0.0010422094841063053,0.0,,1,134,134,,gsd_bucket,0.0,,
reports/planes/cascade/gate_planes_resnet18_temperature_strat_gsd_bucket.stratified_gsd_bucket.json,very_high,temperature,,,0.0,real,,,1.0,gate_planes_resnet18_temperature,0.8706140618390462,0.8490316174737025,0.5634014364342425,0.8166661266043835,0.7740881373378855,0.7285953617675349,0.6620434378565285,0.4989494223694571,0.3190672837877608,0.11080505164389681,0.004153863662228292,,1,1143,1143,,gsd_bucket,0.0,,
reports/planes/cascade/gate_planes_resnet18_temperature_strat_gsd_bucket.stratified_gsd_bucket.json,very_low,temperature,,,0.0,real,,,nan,gate_planes_resnet18_temperature,0.0,,0.0,,,,,,,,,,0,87,87,,gsd_bucket,0.0,,
reports/planes/cascade/gate_planes_resnet18_temperature_strat_gsd_bucket.stratified_gsd_bucket.json,high,temperature,,,0.6681647940074906,real,,,0.9684542586750788,gate_planes_resnet18_temperature,0.9574005995076263,0.9473008846883115,0.6792943315180813,0.9359978014495143,0.9138615073540288,0.8790580009459428,0.8268627675409486,0.7103314257460391,0.46679641087748824,0.15196981939021267,0.0033640976806998007,,1,1335,1335,,gsd_bucket,0.05,,
reports/planes/cascade/gate_planes_resnet18_temperature_strat_gsd_bucket.stratified_gsd_bucket.json,low,temperature,,,0.901765504753282,real,,,0.7205882352941176,gate_planes_resnet18_temperature,0.5665689362602312,0.556654471835641,0.3126348219233529,0.5267800630396166,0.4834477675271997,0.4107646619143982,0.3290376126255194,0.1832412163333739,0.06195037795780379,0.007620226308345119,0.0002828854314002829,,1,2209,2209,,gsd_bucket,0.05,,
reports/planes/cascade/gate_planes_resnet18_temperature_strat_gsd_bucket.stratified_gsd_bucket.json,medium,temperature,,,0.7532133676092545,real,,,0.8620689655172413,gate_planes_resnet18_temperature,0.7180621944085269,0.6985274882336433,0.40832635127744243,0.6784868412693974,0.6611062830147502,0.5884110848021601,0.42375172812323764,0.2360659974481839,0.0755691695227962,0.0032028792573819496,7.984669434685404e-05,,1,389,389,,gsd_bucket,0.05,,
reports/planes/cascade/gate_planes_resnet18_temperature_strat_gsd_bucket.stratified_gsd_bucket.json,unknown,temperature,,,0.5970149253731343,real,,,0.9791666666666666,gate_planes_resnet18_temperature,0.8673738748393699,0.830712058603885,0.44813066947297137,0.7616469033301481,0.6557818077348534,0.5794686560447618,0.4816005902348987,0.25682861203429597,0.04685198242339436,0.0010422094841063053,0.0,,1,134,134,,gsd_bucket,0.05,,
reports/planes/cascade/gate_planes_resnet18_temperature_strat_gsd_bucket.stratified_gsd_bucket.json,very_high,temperature,,,0.7471566054243219,real,,,0.9898477157360406,gate_planes_resnet18_temperature,0.8706140618390462,0.8490316174737025,0.5634014364342425,0.8166661266043835,0.7740881373378855,0.7285953617675349,0.6620434378565285,0.4989494223694571,0.3190672837877608,0.11080505164389681,0.004153863662228292,,1,1143,1143,,gsd_bucket,0.05,,
reports/planes/cascade/gate_planes_resnet18_temperature_strat_gsd_bucket.stratified_gsd_bucket.json,very_low,temperature,,,0.9885057471264368,real,,,nan,gate_planes_resnet18_temperature,0.0,,0.0,,,,,,,,,,0,87,87,,gsd_bucket,0.05,,
reports/planes/cascade/gate_planes_resnet18_temperature_strat_gsd_bucket.stratified_gsd_bucket.json,high,temperature,,,0.7123595505617978,real,,,0.9652996845425867,gate_planes_resnet18_temperature,0.9573949477336853,0.9472897861919903,0.6792917777976382,0.9360001242337385,0.9138451365578221,0.8790607148005849,0.8268653147641208,0.7103314257460391,0.46679641087748824,0.15196981939021267,0.0033640976806998007,,1,1335,1335,,gsd_bucket,0.1,,
reports/planes/cascade/gate_planes_resnet18_temperature_strat_gsd_bucket.stratified_gsd_bucket.json,low,temperature,,,0.9456767768220914,real,,,0.6617647058823529,gate_planes_resnet18_temperature,0.5482946261855326,0.5386168518444134,0.3043498207570022,0.5091576586665324,0.4749705999109777,0.40261055932646944,0.321422831823761,0.17845463020811855,0.06205555097149592,0.0076320132013201316,0.0002828854314002829,,1,2209,2209,,gsd_bucket,0.1,,
reports/planes/cascade/gate_planes_resnet18_temperature_strat_gsd_bucket.stratified_gsd_bucket.json,medium,temperature,,,0.794344473007712,real,,,0.8275862068965517,gate_planes_resnet18_temperature,0.7180621944085269,0.6985274882336433,0.40832635127744243,0.6784868412693974,0.6611062830147502,0.5884110848021601,0.42375172812323764,0.2360659974481839,0.0755691695227962,0.0032028792573819496,7.984669434685404e-05,,1,389,389,,gsd_bucket,0.1,,
reports/planes/cascade/gate_planes_resnet18_temperature_strat_gsd_bucket.stratified_gsd_bucket.json,unknown,temperature,,,0.6119402985074627,real,,,0.9791666666666666,gate_planes_resnet18_temperature,0.8673738748393699,0.830712058603885,0.44813066947297137,0.7616469033301481,0.6557818077348534,0.5794686560447618,0.4816005902348987,0.25682861203429597,0.04685198242339436,0.0010422094841063053,0.0,,1,134,134,,gsd_bucket,0.1,,
reports/planes/cascade/gate_planes_resnet18_temperature_strat_gsd_bucket.stratified_gsd_bucket.json,very_high,temperature,,,0.7804024496937882,real,,,0.9746192893401016,gate_planes_resnet18_temperature,0.8706140618390462,0.8490316174737025,0.5634014364342425,0.8166661266043835,0.7740881373378855,0.7285953617675349,0.6620434378565285,0.4989494223694571,0.3190672837877608,0.11080505164389681,0.004153863662228292,,1,1143,1143,,gsd_bucket,0.1,,
reports/planes/cascade/gate_planes_resnet18_temperature_strat_gsd_bucket.stratified_gsd_bucket.json,very_low,temperature,,,1.0,real,,,nan,gate_planes_resnet18_temperature,0.0,,0.0,,,,,,,,,,0,87,87,,gsd_bucket,0.1,,
reports/planes/cascade/gate_planes_resnet18_temperature_strat_gsd_bucket.stratified_gsd_bucket.json,high,temperature,,,0.7310861423220973,real,,,0.9526813880126183,gate_planes_resnet18_temperature,0.9573962607517353,0.9472785098588894,0.6793643096772424,0.9359499848420593,0.9137842611284588,0.8794054290882488,0.8270188781528428,0.7105378063154933,0.46691455513370234,0.15199331382029488,0.0033640976806998007,,1,1335,1335,,gsd_bucket,0.15000000000000002,,
reports/planes/cascade/gate_planes_resnet18_temperature_strat_gsd_bucket.stratified_gsd_bucket.json,low,temperature,,,0.9578995020371208,real,,,0.6029411764705882,gate_planes_resnet18_temperature,0.489306149946388,0.47991551725598136,0.27987351501347824,0.4605684065737356,0.42732148176766177,0.3784585656588485,0.3033828186675026,0.18500865071922654,0.06650028473328304,0.007963868871560793,0.0003094059405940594,,1,2209,2209,,gsd_bucket,0.15000000000000002,,
reports/planes/cascade/gate_planes_resnet18_temperature_strat_gsd_bucket.stratified_gsd_bucket.json,medium,temperature,,,0.8406169665809768,real,,,0.7586206896551724,gate_planes_resnet18_temperature,0.5319068884608288,0.5122377174943382,0.32264890917885763,0.5025045567134508,0.4912251597775679,0.46212802197444214,0.3845559201178854,0.24341948611186118,0.09421737790040216,0.004186343780201759,0.00010761945759793371,,1,389,389,,gsd_bucket,0.15000000000000002,,
reports/planes/cascade/gate_planes_resnet18_temperature_strat_gsd_bucket.stratified_gsd_bucket.json,unknown,temperature,,,0.6268656716417911,real,,,0.9791666666666666,gate_planes_resnet18_temperature,0.8673738748393699,0.830712058603885,0.44813066947297137,0.7616469033301481,0.6557818077348534,0.5794686560447618,0.4816005902348987,0.25682861203429597,0.04685198242339436,0.0010422094841063053,0.0,,1,134,134,,gsd_bucket,0.15000000000000002,,
reports/planes/cascade/gate_planes_resnet18_temperature_strat_gsd_bucket.stratified_gsd_bucket.json,very_high,temperature,,,0.7961504811898513,real,,,0.9746192893401016,gate_planes_resnet18_temperature,0.8706140618390462,0.8490316174737025,0.5634014364342425,0.8166661266043835,0.7740881373378855,0.7285953617675349,0.6620434378565285,0.4989494223694571,0.3190672837877608,0.11080505164389681,0.004153863662228292,,1,1143,1143,,gsd_bucket,0.15000000000000002,,
reports/planes/cascade/gate_planes_resnet18_temperature_strat_gsd_bucket.stratified_gsd_bucket.json,very_low,temperature,,,1.0,real,,,nan,gate_planes_resnet18_temperature,0.0,,0.0,,,,,,,,,,0,87,87,,gsd_bucket,0.15000000000000002,,
reports/planes/cascade/gate_planes_resnet18_temperature_strat_gsd_bucket.stratified_gsd_bucket.json,high,temperature,,,0.7430711610486891,real,,,0.9463722397476341,gate_planes_resnet18_temperature,0.9573660085192192,0.9472878195587399,0.6793956532237373,0.9358966522018979,0.9137110127113748,0.879378347693171,0.8271947087330609,0.7107321431175091,0.46701443652185626,0.15201130549984454,0.0033640976806998007,,1,1335,1335,,gsd_bucket,0.2,,
reports/planes/cascade/gate_planes_resnet18_temperature_strat_gsd_bucket.stratified_gsd_bucket.json,low,temperature,,,0.9624264373019465,real,,,0.6029411764705882,gate_planes_resnet18_temperature,0.489306149946388,0.47991551725598136,0.27987351501347824,0.4605684065737356,0.42732148176766177,0.3784585656588485,0.3033828186675026,0.18500865071922654,0.06650028473328304,0.007963868871560793,0.0003094059405940594,,1,2209,2209,,gsd_bucket,0.2,,
reports/planes/cascade/gate_planes_resnet18_temperature_strat_gsd_bucket.stratified_gsd_bucket.json,medium,temperature,,,0.8586118251928021,real,,,0.7241379310344828,gate_planes_resnet18_temperature,0.5227384682240693,0.5125272981392227,0.3210101161264519,0.5024864808395173,0.49114621134155917,0.4542294211822983,0.3844512023606456,0.2438223857381262,0.09439175867292711,0.004200315308555561,0.00010761945759793371,,1,389,389,,gsd_bucket,0.2,,
reports/planes/cascade/gate_planes_resnet18_temperature_strat_gsd_bucket.stratified_gsd_bucket.json,unknown,temperature,,,0.6268656716417911,real,,,0.9791666666666666,gate_planes_resnet18_temperature,0.8673738748393699,0.830712058603885,0.44813066947297137,0.7616469033301481,0.6557818077348534,0.5794686560447618,0.4816005902348987,0.25682861203429597,0.04685198242339436,0.0010422094841063053,0.0,,1,134,134,,gsd_bucket,0.2,,
reports/planes/cascade/gate_planes_resnet18_temperature_strat_gsd_bucket.stratified_gsd_bucket.json,very_high,temperature,,,0.8031496062992126,real,,,0.9746192893401016,gate_planes_resnet18_temperature,0.8706140618390462,0.8490316174737025,0.5634014364342425,0.8166661266043835,0.7740881373378855,0.7285953617675349,0.6620434378565285,0.4989494223694571,0.3190672837877608,0.11080505164389681,0.004153863662228292,,1,1143,1143,,gsd_bucket,0.2,,
reports/planes/cascade/gate_planes_resnet18_temperature_strat_gsd_bucket.stratified_gsd_bucket.json,very_low,temperature,,,1.0,real,,,nan,gate_planes_resnet18_temperature,0.0,,0.0,,,,,,,,,,0,87,87,,gsd_bucket,0.2,,
reports/planes/cascade/gate_planes_resnet18_temperature_strat_gsd_bucket.stratified_gsd_bucket.json,high,temperature,,,0.7490636704119851,real,,,0.9463722397476341,gate_planes_resnet18_temperature,0.9573687012067151,0.9472878195587399,0.6793961886111932,0.9358993133889605,0.9137110127113748,0.879378347693171,0.8271947087330609,0.7107321431175091,0.46701443652185626,0.15201130549984454,0.0033640976806998007,,1,1335,1335,,gsd_bucket,0.25,,
reports/planes/cascade/gate_planes_resnet18_temperature_strat_gsd_bucket.stratified_gsd_bucket.json,low,temperature,,,0.9687641466727026,real,,,0.5735294117647058,gate_planes_resnet18_temperature,0.45132078477401644,0.4505009877013734,0.26353610822304346,0.4231260534961153,0.4001175772735072,0.36283499466798863,0.2908057367738327,0.18156659327574814,0.06681507945569794,0.007963868871560793,0.0003094059405940594,,1,2209,2209,,gsd_bucket,0.25,,
reports/planes/cascade/gate_planes_resnet18_temperature_strat_gsd_bucket.stratified_gsd_bucket.json,medium,temperature,,,0.8766066838046273,real,,,0.6896551724137931,gate_planes_resnet18_temperature,0.5130627153636199,0.5028145678362493,0.3161358581763105,0.49303048296358404,0.4817473070198743,0.453298576815421,0.37639110206021736,0.2429596297026982,0.09432142648585186,0.0036251540579906706,0.00010761945759793371,,1,389,389,,gsd_bucket,0.25,,
reports/planes/cascade/gate_planes_resnet18_temperature_strat_gsd_bucket.stratified_gsd_bucket.json,unknown,temperature,,,0.6343283582089553,real,,,0.9791666666666666,gate_planes_resnet18_temperature,0.8673738748393699,0.830712058603885,0.44813066947297137,0.7616469033301481,0.6557818077348534,0.5794686560447618,0.4816005902348987,0.25682861203429597,0.04685198242339436,0.0010422094841063053,0.0,,1,134,134,,gsd_bucket,0.25,,
reports/planes/cascade/gate_planes_resnet18_temperature_strat_gsd_bucket.stratified_gsd_bucket.json,very_high,temperature,,,0.8083989501312336,real,,,0.9695431472081218,gate_planes_resnet18_temperature,0.8706140618390462,0.8490316174737025,0.5634014364342425,0.8166661266043835,0.7740881373378855,0.7285953617675349,0.6620434378565285,0.4989494223694571,0.3190672837877608,0.11080505164389681,0.004153863662228292,,1,1143,1143,,gsd_bucket,0.25,,
reports/planes/cascade/gate_planes_resnet18_temperature_strat_gsd_bucket.stratified_gsd_bucket.json,very_low,temperature,,,1.0,real,,,nan,gate_planes_resnet18_temperature,0.0,,0.0,,,,,,,,,,0,87,87,,gsd_bucket,0.25,,
reports/planes/cascade/gate_planes_resnet18_temperature_strat_gsd_bucket.stratified_gsd_bucket.json,high,temperature,,,0.755056179775281,real,,,0.9463722397476341,gate_planes_resnet18_temperature,0.9573687012067151,0.9472878195587399,0.6793961886111932,0.9358993133889605,0.9137110127113748,0.879378347693171,0.8271947087330609,0.7107321431175091,0.46701443652185626,0.15201130549984454,0.0033640976806998007,,1,1335,1335,,gsd_bucket,0.30000000000000004,,
reports/planes/cascade/gate_planes_resnet18_temperature_strat_gsd_bucket.stratified_gsd_bucket.json,low,temperature,,,0.971480307831598,real,,,0.5441176470588235,gate_planes_resnet18_temperature,0.4314523999884121,0.4216507079587862,0.2556207170514836,0.40615648188554043,0.39230942777789807,0.35783970895795214,0.2865374254013983,0.1843227135270211,0.06765176357288727,0.007977135504346523,0.0003094059405940594,,1,2209,2209,,gsd_bucket,0.30000000000000004,,
reports/planes/cascade/gate_planes_resnet18_temperature_strat_gsd_bucket.stratified_gsd_bucket.json,medium,temperature,,,0.8791773778920309,real,,,0.6896551724137931,gate_planes_resnet18_temperature,0.5130627153636199,0.5028145678362493,0.3161358581763105,0.49303048296358404,0.4817473070198743,0.453298576815421,0.37639110206021736,0.2429596297026982,0.09432142648585186,0.0036251540579906706,0.00010761945759793371,,1,389,389,,gsd_bucket,0.30000000000000004,,
reports/planes/cascade/gate_planes_resnet18_temperature_strat_gsd_bucket.stratified_gsd_bucket.json,unknown,temperature,,,0.6417910447761194,real,,,0.9583333333333334,gate_planes_resnet18_temperature,0.8470866661962103,0.8104307620690953,0.4378644242299802,0.7411315587645889,0.6349602176724538,0.5651438773905006,0.4737145405415327,0.25782381735222204,0.04727269430239727,0.00108010801080108,0.0,,1,134,134,,gsd_bucket,0.30000000000000004,,
reports/planes/cascade/gate_planes_resnet18_temperature_strat_gsd_bucket.stratified_gsd_bucket.json,very_high,temperature,,,0.8162729658792651,real,,,0.9593908629441624,gate_planes_resnet18_temperature,0.8706140618390462,0.8490316174737025,0.5634038814783091,0.8166752625262803,0.7740881373378855,0.7286032866040135,0.6620508275388195,0.4989494223694571,0.3190672837877608,0.11080505164389681,0.004153863662228292,,1,1143,1143,,gsd_bucket,0.30000000000000004,,
reports/planes/cascade/gate_planes_resnet18_temperature_strat_gsd_bucket.stratified_gsd_bucket.json,very_low,temperature,,,1.0,real,,,nan,gate_planes_resnet18_temperature,0.0,,0.0,,,,,,,,,,0,87,87,,gsd_bucket,0.30000000000000004,,
reports/planes/cascade/gate_planes_resnet18_temperature_strat_gsd_bucket.stratified_gsd_bucket.json,high,temperature,,,0.7617977528089888,real,,,0.943217665615142,gate_planes_resnet18_temperature,0.9573687012067151,0.9472878195587399,0.6793961886111932,0.9358993133889605,0.9137110127113748,0.879378347693171,0.8271947087330609,0.7107321431175091,0.46701443652185626,0.15201130549984454,0.0033640976806998007,,1,1335,1335,,gsd_bucket,0.35000000000000003,,
reports/planes/cascade/gate_planes_resnet18_temperature_strat_gsd_bucket.stratified_gsd_bucket.json,low,temperature,,,0.9732910819375283,real,,,0.5294117647058824,gate_planes_resnet18_temperature,0.4219457744468103,0.4211908652282771,0.25353016810956686,0.40582858308074155,0.383699481723409,0.3570710703611334,0.2857734879568341,0.1828481401949294,0.06857862673252674,0.008056245430413302,0.0003094059405940594,,1,2209,2209,,gsd_bucket,0.35000000000000003,,
reports/planes/cascade/gate_planes_resnet18_temperature_strat_gsd_bucket.stratified_gsd_bucket.json,medium,temperature,,,0.8817480719794345,real,,,0.6896551724137931,gate_planes_resnet18_temperature,0.5130627153636199,0.5028145678362493,0.3161358581763105,0.49303048296358404,0.4817473070198743,0.453298576815421,0.37639110206021736,0.2429596297026982,0.09432142648585186,0.0036251540579906706,0.00010761945759793371,,1,389,389,,gsd_bucket,0.35000000000000003,,
reports/planes/cascade/gate_planes_resnet18_temperature_strat_gsd_bucket.stratified_gsd_bucket.json,unknown,temperature,,,0.6417910447761194,real,,,0.9583333333333334,gate_planes_resnet18_temperature,0.8470866661962103,0.8104307620690953,0.4378644242299802,0.7411315587645889,0.6349602176724538,0.5651438773905006,0.4737145405415327,0.25782381735222204,0.04727269430239727,0.00108010801080108,0.0,,1,134,134,,gsd_bucket,0.35000000000000003,,
reports/planes/cascade/gate_planes_resnet18_temperature_strat_gsd_bucket.stratified_gsd_bucket.json,very_high,temperature,,,0.8232720909886264,real,,,0.9543147208121827,gate_planes_resnet18_temperature,0.8705695933124001,0.8490741910153199,0.5626559979289892,0.8165658636922899,0.7741037742795555,0.7210968930645176,0.6621341154334676,0.49898223400039243,0.31907439918582353,0.11080505164389681,0.004153863662228292,,1,1143,1143,,gsd_bucket,0.35000000000000003,,
reports/planes/cascade/gate_planes_resnet18_temperature_strat_gsd_bucket.stratified_gsd_bucket.json,very_low,temperature,,,1.0,real,,,nan,gate_planes_resnet18_temperature,0.0,,0.0,,,,,,,,,,0,87,87,,gsd_bucket,0.35000000000000003,,
reports/planes/cascade/gate_planes_resnet18_temperature_strat_gsd_bucket.stratified_gsd_bucket.json,high,temperature,,,0.7640449438202247,real,,,0.9400630914826499,gate_planes_resnet18_temperature,0.9573441301738327,0.9472791712860389,0.6793917744496492,0.9358725969818111,0.9137191019453927,0.8793810622832956,0.8271996990062103,0.7107321431175091,0.46701443652185626,0.15201130549984454,0.0033640976806998007,,1,1335,1335,,gsd_bucket,0.4,,
reports/planes/cascade/gate_planes_resnet18_temperature_strat_gsd_bucket.stratified_gsd_bucket.json,low,temperature,,,0.9755545495699411,real,,,0.5147058823529411,gate_planes_resnet18_temperature,0.4218393127099273,0.42112897305718466,0.25342471596956223,0.4058093457855126,0.38340158309645034,0.35684281000921964,0.2854048693425958,0.18287598759119783,0.06857862673252674,0.008056245430413302,0.0003094059405940594,,1,2209,2209,,gsd_bucket,0.4,,
reports/planes/cascade/gate_planes_resnet18_temperature_strat_gsd_bucket.stratified_gsd_bucket.json,medium,temperature,,,0.8868894601542416,real,,,0.6724137931034483,gate_planes_resnet18_temperature,0.5040186439426795,0.4943184374497822,0.313873864802591,0.4933720921143814,0.4819266380371097,0.44527602076516754,0.3779406389511411,0.24363048530091683,0.09452291794914286,0.0036251540579906706,0.00010761945759793371,,1,389,389,,gsd_bucket,0.4,,
reports/planes/cascade/gate_planes_resnet18_temperature_strat_gsd_bucket.stratified_gsd_bucket.json,unknown,temperature,,,0.6417910447761194,real,,,0.9583333333333334,gate_planes_resnet18_temperature,0.8470866661962103,0.8104307620690953,0.4378644242299802,0.7411315587645889,0.6349602176724538,0.5651438773905006,0.4737145405415327,0.25782381735222204,0.04727269430239727,0.00108010801080108,0.0,,1,134,134,,gsd_bucket,0.4,,
reports/planes/cascade/gate_planes_resnet18_temperature_strat_gsd_bucket.stratified_gsd_bucket.json,very_high,temperature,,,0.8293963254593176,real,,,0.9441624365482234,gate_planes_resnet18_temperature,0.8704453408864422,0.8488662605070749,0.5625723246051042,0.8164601205433409,0.7736339307920198,0.7211266714759255,0.6621675553282136,0.4989900520260758,0.31907439918582353,0.11080505164389681,0.004153863662228292,,1,1143,1143,,gsd_bucket,0.4,,
reports/planes/cascade/gate_planes_resnet18_temperature_strat_gsd_bucket.stratified_gsd_bucket.json,very_low,temperature,,,1.0,real,,,nan,gate_planes_resnet18_temperature,0.0,,0.0,,,,,,,,,,0,87,87,,gsd_bucket,0.4,,
reports/planes/cascade/gate_planes_resnet18_temperature_strat_gsd_bucket.stratified_gsd_bucket.json,high,temperature,,,0.7655430711610487,real,,,0.9400630914826499,gate_planes_resnet18_temperature,0.9573441301738327,0.9472791712860389,0.6793917744496492,0.9358725969818111,0.9137191019453927,0.8793810622832956,0.8271996990062103,0.7107321431175091,0.46701443652185626,0.15201130549984454,0.0033640976806998007,,1,1335,1335,,gsd_bucket,0.45,,
reports/planes/cascade/gate_planes_resnet18_temperature_strat_gsd_bucket.stratified_gsd_bucket.json,low,temperature,,,0.9769126301493889,real,,,0.5147058823529411,gate_planes_resnet18_temperature,0.4218393127099273,0.42112897305718466,0.25342471596956223,0.4058093457855126,0.38340158309645034,0.35684281000921964,0.2854048693425958,0.18287598759119783,0.06857862673252674,0.008056245430413302,0.0003094059405940594,,1,2209,2209,,gsd_bucket,0.45,,
reports/planes/cascade/gate_planes_resnet18_temperature_strat_gsd_bucket.stratified_gsd_bucket.json,medium,temperature,,,0.8920308483290489,real,,,0.6379310344827587,gate_planes_resnet18_temperature,0.5037843646875282,0.49389266576000296,0.31033391022927753,0.4840033611572172,0.47286480995088453,0.44505784409626026,0.37030862574982104,0.23810243249563634,0.09159222487983591,0.0036251540579906706,0.00010761945759793371,,1,389,389,,gsd_bucket,0.45,,
reports/planes/cascade/gate_planes_resnet18_temperature_strat_gsd_bucket.stratified_gsd_bucket.json,unknown,temperature,,,0.6567164179104478,real,,,0.9375,gate_planes_resnet18_temperature,0.8470866661962103,0.8104307620690953,0.4378644242299802,0.7411315587645889,0.6349602176724538,0.5651438773905006,0.4737145405415327,0.25782381735222204,0.04727269430239727,0.00108010801080108,0.0,,1,134,134,,gsd_bucket,0.45,,
reports/planes/cascade/gate_planes_resnet18_temperature_strat_gsd_bucket.stratified_gsd_bucket.json,very_high,temperature,,,0.8311461067366579,real,,,0.9441624365482234,gate_planes_resnet18_temperature,0.8704453408864422,0.8488662605070749,0.5625723246051042,0.8164601205433409,0.7736339307920198,0.7211266714759255,0.6621675553282136,0.4989900520260758,0.31907439918582353,0.11080505164389681,0.004153863662228292,,1,1143,1143,,gsd_bucket,0.45,,
reports/planes/cascade/gate_planes_resnet18_temperature_strat_gsd_bucket.stratified_gsd_bucket.json,very_low,temperature,,,1.0,real,,,nan,gate_planes_resnet18_temperature,0.0,,0.0,,,,,,,,,,0,87,87,,gsd_bucket,0.45,,
reports/planes/cascade/gate_planes_resnet18_temperature_strat_gsd_bucket.stratified_gsd_bucket.json,high,temperature,,,0.7670411985018727,real,,,0.9369085173501577,gate_planes_resnet18_temperature,0.947828371630462,0.947026020100841,0.6756252664214872,0.9266570228769246,0.9044971762563474,0.8791291731373875,0.8186206573174332,0.7102441712690281,0.4669178408159319,0.15196813312981622,0.0033640976806998007,,1,1335,1335,,gsd_bucket,0.5,,
reports/planes/cascade/gate_planes_resnet18_temperature_strat_gsd_bucket.stratified_gsd_bucket.json,low,temperature,,,0.9773653236758715,real,,,0.5147058823529411,gate_planes_resnet18_temperature,0.4218393127099273,0.42112897305718466,0.25342471596956223,0.4058093457855126,0.38340158309645034,0.35684281000921964,0.2854048693425958,0.18287598759119783,0.06857862673252674,0.008056245430413302,0.0003094059405940594,,1,2209,2209,,gsd_bucket,0.5,,
reports/planes/cascade/gate_planes_resnet18_temperature_strat_gsd_bucket.stratified_gsd_bucket.json,medium,temperature,,,0.8946015424164524,real,,,0.6379310344827587,gate_planes_resnet18_temperature,0.5037843646875282,0.49389266576000296,0.31033391022927753,0.4840033611572172,0.47286480995088453,0.44505784409626026,0.37030862574982104,0.23810243249563634,0.09159222487983591,0.0036251540579906706,0.00010761945759793371,,1,389,389,,gsd_bucket,0.5,,
reports/planes/cascade/gate_planes_resnet18_temperature_strat_gsd_bucket.stratified_gsd_bucket.json,unknown,temperature,,,0.6716417910447762,real,,,0.9166666666666666,gate_planes_resnet18_temperature,0.8471489452784657,0.8104895789429829,0.4378945380747769,0.7411858858007752,0.6350078099520882,0.5651856328811231,0.4737509082269136,0.25782381735222204,0.04727269430239727,0.00108010801080108,0.0,,1,134,134,,gsd_bucket,0.5,,
reports/planes/cascade/gate_planes_resnet18_temperature_strat_gsd_bucket.stratified_gsd_bucket.json,very_high,temperature,,,0.8337707786526685,real,,,0.9441624365482234,gate_planes_resnet18_temperature,0.8704453408864422,0.8488662605070749,0.5625723246051042,0.8164601205433409,0.7736339307920198,0.7211266714759255,0.6621675553282136,0.4989900520260758,0.31907439918582353,0.11080505164389681,0.004153863662228292,,1,1143,1143,,gsd_bucket,0.5,,
reports/planes/cascade/gate_planes_resnet18_temperature_strat_gsd_bucket.stratified_gsd_bucket.json,very_low,temperature,,,1.0,real,,,nan,gate_planes_resnet18_temperature,0.0,,0.0,,,,,,,,,,0,87,87,,gsd_bucket,0.5,,
reports/planes/cascade/gate_planes_resnet18_temperature_strat_gsd_bucket.stratified_gsd_bucket.json,high,temperature,,,0.7692883895131086,real,,,0.9337539432176656,gate_planes_resnet18_temperature,0.9478317231869349,0.947008067343391,0.675627529385803,0.9266685863228689,0.9045056907847886,0.8791373083911466,0.8186233892868705,0.7102486772507541,0.46691962048075847,0.15196813312981622,0.0033640976806998007,,1,1335,1335,,gsd_bucket,0.55,,
reports/planes/cascade/gate_planes_resnet18_temperature_strat_gsd_bucket.stratified_gsd_bucket.json,low,temperature,,,0.9814395654142146,real,,,0.47058823529411764,gate_planes_resnet18_temperature,0.4027737575751897,0.40227451647460905,0.2457078544268768,0.38770416522924894,0.3773857126270027,0.35079991005103695,0.2798807056785416,0.1777143894680111,0.07005919266553459,0.00816680772220559,0.00031938677738741617,,1,2209,2209,,gsd_bucket,0.55,,
reports/planes/cascade/gate_planes_resnet18_temperature_strat_gsd_bucket.stratified_gsd_bucket.json,medium,temperature,,,0.897172236503856,real,,,0.6379310344827587,gate_planes_resnet18_temperature,0.5037843646875282,0.49389266576000296,0.31033391022927753,0.4840033611572172,0.47286480995088453,0.44505784409626026,0.37030862574982104,0.23810243249563634,0.09159222487983591,0.0036251540579906706,0.00010761945759793371,,1,389,389,,gsd_bucket,0.55,,
reports/planes/cascade/gate_planes_resnet18_temperature_strat_gsd_bucket.stratified_gsd_bucket.json,unknown,temperature,,,0.6716417910447762,real,,,0.9166666666666666,gate_planes_resnet18_temperature,0.8471489452784657,0.8104895789429829,0.4378945380747769,0.7411858858007752,0.6350078099520882,0.5651856328811231,0.4737509082269136,0.25782381735222204,0.04727269430239727,0.00108010801080108,0.0,,1,134,134,,gsd_bucket,0.55,,
reports/planes/cascade/gate_planes_resnet18_temperature_strat_gsd_bucket.stratified_gsd_bucket.json,very_high,temperature,,,0.8363954505686789,real,,,0.9390862944162437,gate_planes_resnet18_temperature,0.8704453408864422,0.8488662605070749,0.5625723246051042,0.8164601205433409,0.7736339307920198,0.7211266714759255,0.6621675553282136,0.4989900520260758,0.31907439918582353,0.11080505164389681,0.004153863662228292,,1,1143,1143,,gsd_bucket,0.55,,
reports/planes/cascade/gate_planes_resnet18_temperature_strat_gsd_bucket.stratified_gsd_bucket.json,very_low,temperature,,,1.0,real,,,nan,gate_planes_resnet18_temperature,0.0,,0.0,,,,,,,,,,0,87,87,,gsd_bucket,0.55,,
reports/planes/cascade/gate_planes_resnet18_temperature_strat_gsd_bucket.stratified_gsd_bucket.json,high,temperature,,,0.7715355805243446,real,,,0.9274447949526814,gate_planes_resnet18_temperature,0.947571199371833,0.9375083601858155,0.6722369837892446,0.9263381806608081,0.9041637409610848,0.8699641249422427,0.8182095231223403,0.7023067501955361,0.4611038524133708,0.15184000835871533,0.0033640976806998007,,1,1335,1335,,gsd_bucket,0.6000000000000001,,
reports/planes/cascade/gate_planes_resnet18_temperature_strat_gsd_bucket.stratified_gsd_bucket.json,low,temperature,,,0.9818922589406971,real,,,0.47058823529411764,gate_planes_resnet18_temperature,0.4027737575751897,0.40227451647460905,0.2457078544268768,0.38770416522924894,0.3773857126270027,0.35079991005103695,0.2798807056785416,0.1777143894680111,0.07005919266553459,0.00816680772220559,0.00031938677738741617,,1,2209,2209,,gsd_bucket,0.6000000000000001,,
reports/planes/cascade/gate_planes_resnet18_temperature_strat_gsd_bucket.stratified_gsd_bucket.json,medium,temperature,,,0.8997429305912596,real,,,0.6379310344827587,gate_planes_resnet18_temperature,0.5037843646875282,0.49389266576000296,0.31033391022927753,0.4840033611572172,0.47286480995088453,0.44505784409626026,0.37030862574982104,0.23810243249563634,0.09159222487983591,0.0036251540579906706,0.00010761945759793371,,1,389,389,,gsd_bucket,0.6000000000000001,,
reports/planes/cascade/gate_planes_resnet18_temperature_strat_gsd_bucket.stratified_gsd_bucket.json,unknown,temperature,,,0.6716417910447762,real,,,0.9166666666666666,gate_planes_resnet18_temperature,0.8471489452784657,0.8104895789429829,0.4378945380747769,0.7411858858007752,0.6350078099520882,0.5651856328811231,0.4737509082269136,0.25782381735222204,0.04727269430239727,0.00108010801080108,0.0,,1,134,134,,gsd_bucket,0.6000000000000001,,
reports/planes/cascade/gate_planes_resnet18_temperature_strat_gsd_bucket.stratified_gsd_bucket.json,very_high,temperature,,,0.8363954505686789,real,,,0.9390862944162437,gate_planes_resnet18_temperature,0.8704453408864422,0.8488662605070749,0.5625723246051042,0.8164601205433409,0.7736339307920198,0.7211266714759255,0.6621675553282136,0.4989900520260758,0.31907439918582353,0.11080505164389681,0.004153863662228292,,1,1143,1143,,gsd_bucket,0.6000000000000001,,
reports/planes/cascade/gate_planes_resnet18_temperature_strat_gsd_bucket.stratified_gsd_bucket.json,very_low,temperature,,,1.0,real,,,nan,gate_planes_resnet18_temperature,0.0,,0.0,,,,,,,,,,0,87,87,,gsd_bucket,0.6000000000000001,,
reports/planes/cascade/gate_planes_resnet18_temperature_strat_gsd_bucket.stratified_gsd_bucket.json,high,temperature,,,0.7737827715355805,real,,,0.9274447949526814,gate_planes_resnet18_temperature,0.947571199371833,0.9375083601858155,0.6722369837892446,0.9263381806608081,0.9041637409610848,0.8699641249422427,0.8182095231223403,0.7023067501955361,0.4611038524133708,0.15184000835871533,0.0033640976806998007,,1,1335,1335,,gsd_bucket,0.65,,
reports/planes/cascade/gate_planes_resnet18_temperature_strat_gsd_bucket.stratified_gsd_bucket.json,low,temperature,,,0.9818922589406971,real,,,0.47058823529411764,gate_planes_resnet18_temperature,0.4027737575751897,0.40227451647460905,0.2457078544268768,0.38770416522924894,0.3773857126270027,0.35079991005103695,0.2798807056785416,0.1777143894680111,0.07005919266553459,0.00816680772220559,0.00031938677738741617,,1,2209,2209,,gsd_bucket,0.65,,
reports/planes/cascade/gate_planes_resnet18_temperature_strat_gsd_bucket.stratified_gsd_bucket.json,medium,temperature,,,0.9048843187660668,real,,,0.6206896551724138,gate_planes_resnet18_temperature,0.46452986187031,0.4549353486073245,0.2910350399314004,0.45426840820728037,0.44308833176563134,0.41549616605434814,0.3529458636524239,0.23307531602921366,0.08818572058921813,0.0037128712871287127,0.00011251125112511252,,1,389,389,,gsd_bucket,0.65,,
reports/planes/cascade/gate_planes_resnet18_temperature_strat_gsd_bucket.stratified_gsd_bucket.json,unknown,temperature,,,0.6791044776119403,real,,,0.8958333333333334,gate_planes_resnet18_temperature,0.8269945180027748,0.7901741409191342,0.42603509509982135,0.7209759661467919,0.6146138791286445,0.5453018417703654,0.45921463243554866,0.2541109062770015,0.04784419951429105,0.0011208668036614983,0.0,,1,134,134,,gsd_bucket,0.65,,
reports/planes/cascade/gate_planes_resnet18_temperature_strat_gsd_bucket.stratified_gsd_bucket.json,very_high,temperature,,,0.8372703412073491,real,,,0.934010152284264,gate_planes_resnet18_temperature,0.8704872297559886,0.8489077061017574,0.562588002706238,0.8164895773503613,0.7736522807319764,0.7211359004815698,0.6621839661227018,0.4989900520260758,0.31907439918582353,0.11080505164389681,0.004153863662228292,,1,1143,1143,,gsd_bucket,0.65,,
reports/planes/cascade/gate_planes_resnet18_temperature_strat_gsd_bucket.stratified_gsd_bucket.json,very_low,temperature,,,1.0,real,,,nan,gate_planes_resnet18_temperature,0.0,,0.0,,,,,,,,,,0,87,87,,gsd_bucket,0.65,,
reports/planes/cascade/gate_planes_resnet18_temperature_strat_gsd_bucket.stratified_gsd_bucket.json,high,temperature,,,0.7782771535580524,real,,,0.9148264984227129,gate_planes_resnet18_temperature,0.9379335148088503,0.9371116325126111,0.6687742549410992,0.916821241142233,0.8946789283914286,0.8693478802331999,0.8176101001459458,0.7018100594931979,0.46011063436465427,0.14895446063817278,0.0033640976806998007,,1,1335,1335,,gsd_bucket,0.7000000000000001,,
reports/planes/cascade/gate_planes_resnet18_temperature_strat_gsd_bucket.stratified_gsd_bucket.json,low,temperature,,,0.9823449524671797,real,,,0.47058823529411764,gate_planes_resnet18_temperature,0.40282808443644724,0.4023261417488683,0.24573370399923733,0.3877557034243939,0.37743895091225077,0.35084767715873233,0.2798807056785416,0.1777143894680111,0.07005919266553459,0.00816680772220559,0.00031938677738741617,,1,2209,2209,,gsd_bucket,0.7000000000000001,,
reports/planes/cascade/gate_planes_resnet18_temperature_strat_gsd_bucket.stratified_gsd_bucket.json,medium,temperature,,,0.9048843187660668,real,,,0.6206896551724138,gate_planes_resnet18_temperature,0.46452986187031,0.4549353486073245,0.2910350399314004,0.45426840820728037,0.44308833176563134,0.41549616605434814,0.3529458636524239,0.23307531602921366,0.08818572058921813,0.0037128712871287127,0.00011251125112511252,,1,389,389,,gsd_bucket,0.7000000000000001,,
reports/planes/cascade/gate_planes_resnet18_temperature_strat_gsd_bucket.stratified_gsd_bucket.json,unknown,temperature,,,0.6791044776119403,real,,,0.8958333333333334,gate_planes_resnet18_temperature,0.8269945180027748,0.7901741409191342,0.42603509509982135,0.7209759661467919,0.6146138791286445,0.5453018417703654,0.45921463243554866,0.2541109062770015,0.04784419951429105,0.0011208668036614983,0.0,,1,134,134,,gsd_bucket,0.7000000000000001,,
reports/planes/cascade/gate_planes_resnet18_temperature_strat_gsd_bucket.stratified_gsd_bucket.json,very_high,temperature,,,0.8372703412073491,real,,,0.934010152284264,gate_planes_resnet18_temperature,0.8704872297559886,0.8489077061017574,0.562588002706238,0.8164895773503613,0.7736522807319764,0.7211359004815698,0.6621839661227018,0.4989900520260758,0.31907439918582353,0.11080505164389681,0.004153863662228292,,1,1143,1143,,gsd_bucket,0.7000000000000001,,
reports/planes/cascade/gate_planes_resnet18_temperature_strat_gsd_bucket.stratified_gsd_bucket.json,very_low,temperature,,,1.0,real,,,nan,gate_planes_resnet18_temperature,0.0,,0.0,,,,,,,,,,0,87,87,,gsd_bucket,0.7000000000000001,,
reports/planes/cascade/gate_planes_resnet18_temperature_strat_gsd_bucket.stratified_gsd_bucket.json,high,temperature,,,0.7797752808988764,real,,,0.9116719242902208,gate_planes_resnet18_temperature,0.937930678868749,0.937087198161909,0.6687720369672282,0.916821241142233,0.8946789283914286,0.8693505517078499,0.8176125192233886,0.7018100594931979,0.46011063436465427,0.14895446063817278,0.0033640976806998007,,1,1335,1335,,gsd_bucket,0.75,,
reports/planes/cascade/gate_planes_resnet18_temperature_strat_gsd_bucket.stratified_gsd_bucket.json,low,temperature,,,0.9832503395201448,real,,,0.45588235294117646,gate_planes_resnet18_temperature,0.40258653248049586,0.39274091893593255,0.24384723966672267,0.38732943581726376,0.37696353713088193,0.3416943593972514,0.28047809507455906,0.17806294707676718,0.07013037625448174,0.00816680772220559,0.00031938677738741617,,1,2209,2209,,gsd_bucket,0.75,,
reports/planes/cascade/gate_planes_resnet18_temperature_strat_gsd_bucket.stratified_gsd_bucket.json,medium,temperature,,,0.910025706940874,real,,,0.5862068965517241,gate_planes_resnet18_temperature,0.4544780593120721,0.44488558217876467,0.2830275008151708,0.4351249410655351,0.42406921725082364,0.4071841978472243,0.3461571464075364,0.22676973828981106,0.08778074326168683,0.0037128712871287127,0.00011251125112511252,,1,389,389,,gsd_bucket,0.75,,
reports/planes/cascade/gate_planes_resnet18_temperature_strat_gsd_bucket.stratified_gsd_bucket.json,unknown,temperature,,,0.6865671641791045,real,,,0.875,gate_planes_resnet18_temperature,0.8269998069932122,0.7902348366438791,0.42605644073571114,0.7210319200180411,0.6146627202196501,0.5453445184518267,0.45921463243554866,0.2541109062770015,0.04784419951429105,0.0011208668036614983,0.0,,1,134,134,,gsd_bucket,0.75,,
reports/planes/cascade/gate_planes_resnet18_temperature_strat_gsd_bucket.stratified_gsd_bucket.json,very_high,temperature,,,0.8416447944007,real,,,0.9086294416243654,gate_planes_resnet18_temperature,0.8701799187008872,0.8485565728637011,0.5597577211346202,0.8077886270094602,0.7655181957411503,0.7204303089625431,0.6548649129357621,0.498399166864882,0.318104111387149,0.10957411118688035,0.00416128569378677,,1,1143,1143,,gsd_bucket,0.75,,
reports/planes/cascade/gate_planes_resnet18_temperature_strat_gsd_bucket.stratified_gsd_bucket.json,very_low,temperature,,,1.0,real,,,nan,gate_planes_resnet18_temperature,0.0,,0.0,,,,,,,,,,0,87,87,,gsd_bucket,0.75,,
reports/planes/cascade/gate_planes_resnet18_temperature_strat_gsd_bucket.stratified_gsd_bucket.json,high,temperature,,,0.7812734082397004,real,,,0.9085173501577287,gate_planes_resnet18_temperature,0.9379596565291964,0.9371127278001655,0.6687754884567186,0.9168473698685694,0.8946832423053637,0.8693741199118618,0.8175598027384319,0.7018084154682933,0.4600909916264325,0.14895446063817278,0.0033640976806998007,,1,1335,1335,,gsd_bucket,0.8,,
reports/planes/cascade/gate_planes_resnet18_temperature_strat_gsd_bucket.stratified_gsd_bucket.json,low,temperature,,,0.9855138071525578,real,,,0.4117647058823529,gate_planes_resnet18_temperature,0.3531195086129612,0.35249582680275754,0.21808252336105527,0.342052671505229,0.3316173688244691,0.3091703951682474,0.2512895468707296,0.1674996000952199,0.06456889123764792,0.008670011041601169,0.0003414134516899966,,1,2209,2209,,gsd_bucket,0.8,,
reports/planes/cascade/gate_planes_resnet18_temperature_strat_gsd_bucket.stratified_gsd_bucket.json,medium,temperature,,,0.9125964010282777,real,,,0.5689655172413793,gate_planes_resnet18_temperature,0.43477165066608464,0.42534069756765863,0.2739903405314589,0.42469778002892683,0.41400881180972066,0.3887492991110619,0.33627233433537174,0.2253437625600726,0.08689368669743815,0.0037128712871287127,0.00011251125112511252,,1,389,389,,gsd_bucket,0.8,,
reports/planes/cascade/gate_planes_resnet18_temperature_strat_gsd_bucket.stratified_gsd_bucket.json,unknown,temperature,,,0.6865671641791045,real,,,0.875,gate_planes_resnet18_temperature,0.8269998069932122,0.7902348366438791,0.42605644073571114,0.7210319200180411,0.6146627202196501,0.5453445184518267,0.45921463243554866,0.2541109062770015,0.04784419951429105,0.0011208668036614983,0.0,,1,134,134,,gsd_bucket,0.8,,
reports/planes/cascade/gate_planes_resnet18_temperature_strat_gsd_bucket.stratified_gsd_bucket.json,very_high,temperature,,,0.8451443569553806,real,,,0.8984771573604061,gate_planes_resnet18_temperature,0.8701261977366095,0.8484878152366566,0.5597211461901713,0.8076696129366542,0.7653387092461151,0.7204595788630413,0.6548833554523522,0.49840668416246736,0.318104111387149,0.10957411118688035,0.00416128569378677,,1,1143,1143,,gsd_bucket,0.8,,
reports/planes/cascade/gate_planes_resnet18_temperature_strat_gsd_bucket.stratified_gsd_bucket.json,very_low,temperature,,,1.0,real,,,nan,gate_planes_resnet18_temperature,0.0,,0.0,,,,,,,,,,0,87,87,,gsd_bucket,0.8,,
reports/planes/cascade/gate_planes_resnet18_temperature_strat_gsd_bucket.stratified_gsd_bucket.json,high,temperature,,,0.7827715355805244,real,,,0.9053627760252366,gate_planes_resnet18_temperature,0.9379328373322562,0.9370579385243601,0.6679295136228037,0.9168240437912117,0.8946661029171722,0.8693257202519216,0.8093985855683169,0.7017501933047863,0.4600101164854417,0.1489655003718715,0.0033640976806998007,,1,1335,1335,,gsd_bucket,0.8500000000000001,,
reports/planes/cascade/gate_planes_resnet18_temperature_strat_gsd_bucket.stratified_gsd_bucket.json,low,temperature,,,0.9877772747849706,real,,,0.3382352941176471,gate_planes_resnet18_temperature,0.325131034634548,0.3243806680431636,0.20453567387784005,0.31398912164629095,0.30396781567998965,0.2926616466955695,0.23975894352741242,0.16761698568566516,0.06849182528403087,0.009005090792480058,0.00035360678925035356,,1,2209,2209,,gsd_bucket,0.8500000000000001,,
reports/planes/cascade/gate_planes_resnet18_temperature_strat_gsd_bucket.stratified_gsd_bucket.json,medium,temperature,,,0.9203084832904884,real,,,0.5172413793103449,gate_planes_resnet18_temperature,0.3846713655639075,0.3750307513167034,0.24358658279197165,0.3655940594059406,0.3637681128634132,0.34114799270301505,0.30352766748508425,0.21490508382947057,0.0833064498293179,0.0037992171310154274,0.00011512779184895233,,1,389,389,,gsd_bucket,0.8500000000000001,,
reports/planes/cascade/gate_planes_resnet18_temperature_strat_gsd_bucket.stratified_gsd_bucket.json,unknown,temperature,,,0.6940298507462687,real,,,0.8541666666666666,gate_planes_resnet18_temperature,0.7603092014206049,0.7230454382492912,0.38359385331862267,0.6525185280024881,0.553621152678679,0.47755633988926877,0.3965992836691269,0.22962068686031015,0.04137646892528318,0.0012914334911752045,0.0,,1,134,134,,gsd_bucket,0.8500000000000001,,
reports/planes/cascade/gate_planes_resnet18_temperature_strat_gsd_bucket.stratified_gsd_bucket.json,very_high,temperature,,,0.8486439195100612,real,,,0.8781725888324873,gate_planes_resnet18_temperature,0.861074509893526,0.8399159957532035,0.5580033181059554,0.8076379454817725,0.7655203148667618,0.7206006956973511,0.6549793740231035,0.49845430153219805,0.3181111287780974,0.10957762933975476,0.00416128569378677,,1,1143,1143,,gsd_bucket,0.8500000000000001,,
reports/planes/cascade/gate_planes_resnet18_temperature_strat_gsd_bucket.stratified_gsd_bucket.json,very_low,temperature,,,1.0,real,,,nan,gate_planes_resnet18_temperature,0.0,,0.0,,,,,,,,,,0,87,87,,gsd_bucket,0.8500000000000001,,
reports/planes/cascade/gate_planes_resnet18_temperature_strat_gsd_bucket.stratified_gsd_bucket.json,high,temperature,,,0.7850187265917603,real,,,0.8990536277602523,gate_planes_resnet18_temperature,0.9378859468860881,0.9278985849609063,0.6670299615164996,0.9167900013876745,0.8946238818807176,0.869391618650589,0.80947112045633,0.7017825582642595,0.46011052927263607,0.1489812757250957,0.0033640976806998007,,1,1335,1335,,gsd_bucket,0.9,,
reports/planes/cascade/gate_planes_resnet18_temperature_strat_gsd_bucket.stratified_gsd_bucket.json,low,temperature,,,0.990493435943866,real,,,0.2647058823529412,gate_planes_resnet18_temperature,0.21672156116263924,0.20733169662481196,0.1373196271937161,0.20654177672797328,0.20581267576187257,0.19673472689820837,0.16574337849286375,0.11601229209986125,0.05041356593779784,0.007503790919632504,0.0003808073115003808,,1,2209,2209,,gsd_bucket,0.9,,
reports/planes/cascade/gate_planes_resnet18_temperature_strat_gsd_bucket.stratified_gsd_bucket.json,medium,temperature,,,0.922879177377892,real,,,0.5,gate_planes_resnet18_temperature,0.37472884929812056,0.36509530473569873,0.23533515529656546,0.35556717309662,0.34515990099242083,0.3310656296977297,0.2933457338898215,0.20549558636546106,0.07883754762030826,0.003936538232136467,0.00011928903733746869,,1,389,389,,gsd_bucket,0.9,,
reports/planes/cascade/gate_planes_resnet18_temperature_strat_gsd_bucket.stratified_gsd_bucket.json,unknown,temperature,,,0.7014925373134329,real,,,0.8333333333333334,gate_planes_resnet18_temperature,0.7603790557342806,0.7231124296812588,0.383627520807509,0.6525797936710397,0.5536744022784481,0.47760214599659706,0.39663879143669756,0.22962068686031015,0.04137646892528318,0.0012914334911752045,0.0,,1,134,134,,gsd_bucket,0.9,,
reports/planes/cascade/gate_planes_resnet18_temperature_strat_gsd_bucket.stratified_gsd_bucket.json,very_high,temperature,,,0.8547681539807525,real,,,0.8426395939086294,gate_planes_resnet18_temperature,0.8506393736018772,0.8291894831255373,0.550375918016985,0.7887671983807714,0.7545024074075961,0.7095986219179897,0.6444440498210483,0.4929793130018617,0.31936374017399055,0.11011370704539197,0.00416128569378677,,1,1143,1143,,gsd_bucket,0.9,,
reports/planes/cascade/gate_planes_resnet18_temperature_strat_gsd_bucket.stratified_gsd_bucket.json,very_low,temperature,,,1.0,real,,,nan,gate_planes_resnet18_temperature,0.0,,0.0,,,,,,,,,,0,87,87,,gsd_bucket,0.9,,
reports/planes/cascade/gate_planes_resnet18_temperature_strat_gsd_bucket.stratified_gsd_bucket.json,high,temperature,,,0.799250936329588,real,,,0.8422712933753943,gate_planes_resnet18_temperature,0.8982960971962829,0.8885966159429901,0.6386701591381944,0.8774996982658676,0.8555363948271336,0.8309038130757965,0.7802777245099288,0.6667719643920373,0.4400592004772987,0.1453959850139096,0.0033640976806998007,,1,1335,1335,,gsd_bucket,0.9500000000000001,,
reports/planes/cascade/gate_planes_resnet18_temperature_strat_gsd_bucket.stratified_gsd_bucket.json,low,temperature,,,0.9932095971027615,real,,,0.20588235294117646,gate_planes_resnet18_temperature,0.1674801282945196,0.16704757778987878,0.11018566341815945,0.15735847902855132,0.15735847902855132,0.15735847902855132,0.1403794789684617,0.1043249320619514,0.04205290717524038,0.007975068063835562,0.0005211047420531526,,1,2209,2209,,gsd_bucket,0.9500000000000001,,
reports/planes/cascade/gate_planes_resnet18_temperature_strat_gsd_bucket.stratified_gsd_bucket.json,medium,temperature,,,0.9331619537275064,real,,,0.4482758620689655,gate_planes_resnet18_temperature,0.31635455539274493,0.3155719898912968,0.20620391617503286,0.3062046204620462,0.29615359631201216,0.29287158377223244,0.2673846630028884,0.19099916085952132,0.0726137934111391,0.0037598696578518614,0.00012532898859506203,,1,389,389,,gsd_bucket,0.9500000000000001,,
reports/planes/cascade/gate_planes_resnet18_temperature_strat_gsd_bucket.stratified_gsd_bucket.json,unknown,temperature,,,0.7238805970149254,real,,,0.7708333333333334,gate_planes_resnet18_temperature,0.6700451197834144,0.6236190211439191,0.32073181281916235,0.5544293158149797,0.4582544478401281,0.3866088646215283,0.31418847257238314,0.169104621694061,0.030026055237102656,0.0010422094841063053,0.0,,1,134,134,,gsd_bucket,0.9500000000000001,,
reports/planes/cascade/gate_planes_resnet18_temperature_strat_gsd_bucket.stratified_gsd_bucket.json,very_high,temperature,,,0.8670166229221348,real,,,0.7715736040609137,gate_planes_resnet18_temperature,0.8218552251857553,0.8006419337246117,0.535058131948621,0.7690237085611679,0.7275061289086764,0.6834897241700136,0.627608638454078,0.4860979706790765,0.319928393824928,0.11026831028411596,0.00416128569378677,,1,1143,1143,,gsd_bucket,0.9500000000000001,,
reports/planes/cascade/gate_planes_resnet18_temperature_strat_gsd_bucket.stratified_gsd_bucket.json,very_low,temperature,,,1.0,real,,,nan,gate_planes_resnet18_temperature,0.0,,0.0,,,,,,,,,,0,87,87,,gsd_bucket,0.9500000000000001,,
reports/planes/cascade/gate_planes_resnet18_temperature_strat_gsd_bucket.stratified_gsd_bucket.json,high,temperature,,,1.0,real,,,0.0,gate_planes_resnet18_temperature,0.0,0.0,0.0,0.0,0.0,0.0,0.0,0.0,0.0,0.0,0.0,,1,1335,1335,,gsd_bucket,1.0,,
reports/planes/cascade/gate_planes_resnet18_temperature_strat_gsd_bucket.stratified_gsd_bucket.json,low,temperature,,,1.0,real,,,0.0,gate_planes_resnet18_temperature,0.0,0.0,0.0,0.0,0.0,0.0,0.0,0.0,0.0,0.0,0.0,,1,2209,2209,,gsd_bucket,1.0,,
reports/planes/cascade/gate_planes_resnet18_temperature_strat_gsd_bucket.stratified_gsd_bucket.json,medium,temperature,,,1.0,real,,,0.0,gate_planes_resnet18_temperature,0.0,0.0,0.0,0.0,0.0,0.0,0.0,0.0,0.0,0.0,0.0,,1,389,389,,gsd_bucket,1.0,,
reports/planes/cascade/gate_planes_resnet18_temperature_strat_gsd_bucket.stratified_gsd_bucket.json,unknown,temperature,,,1.0,real,,,0.0,gate_planes_resnet18_temperature,0.0,0.0,0.0,0.0,0.0,0.0,0.0,0.0,0.0,0.0,0.0,,1,134,134,,gsd_bucket,1.0,,
reports/planes/cascade/gate_planes_resnet18_temperature_strat_gsd_bucket.stratified_gsd_bucket.json,very_high,temperature,,,1.0,real,,,0.0,gate_planes_resnet18_temperature,0.0,0.0,0.0,0.0,0.0,0.0,0.0,0.0,0.0,0.0,0.0,,1,1143,1143,,gsd_bucket,1.0,,
reports/planes/cascade/gate_planes_resnet18_temperature_strat_gsd_bucket.stratified_gsd_bucket.json,very_low,temperature,,,1.0,real,,,nan,gate_planes_resnet18_temperature,0.0,,0.0,,,,,,,,,,0,87,87,,gsd_bucket,1.0,,
reports/planes/cascade/gate_planes_resnet18_temperature_strat_imagesource.json,,temperature,482027.0,116534.0,0.0,real,9534.6,10594.0,1.0,gate_planes_resnet18_temperature,0.9151257181537812,0.9042543353094928,0.6147769115829849,0.8824830152318285,0.8495622191389536,0.8022978218121499,0.7266678294128557,0.5877925149970352,0.3629220152994837,0.11358925181370712,0.003074394660561391,5297,1,,5297,,,0.0,491561.6,127128.0
reports/planes/cascade/gate_planes_resnet18_temperature_strat_imagesource.json,,temperature,100100.0,24200.0,0.7923352841230885,real,9534.6,10594.0,0.9418604651162791,gate_planes_resnet18_temperature,0.8865130550215763,0.8759124039095763,0.6007192159907894,0.8544778288744108,0.8306600044387078,0.7852536521173614,0.7115122511341279,0.5818270914488635,0.3638986157089605,0.11406286259374719,0.003074394660561391,1100,1,,5297,,,0.05,109634.6,34794.0
reports/planes/cascade/gate_planes_resnet18_temperature_strat_imagesource.json,,temperature,80717.0,19514.0,0.8325467245610723,real,9534.6,10594.0,0.9273255813953488,gate_planes_resnet18_temperature,0.8864411561874923,0.8758232188343628,0.5998358509809084,0.8544276720153262,0.8221291875280349,0.7852172058784401,0.7115007114585572,0.5817703084836925,0.36391108075321177,0.11406357400940555,0.003074394660561391,887,1,,5297,,,0.1,90251.6,30108.0
reports/planes/cascade/gate_planes_resnet18_temperature_strat_imagesource.json,,temperature,72527.0,17534.0,0.8495374740419105,real,9534.6,10594.0,0.9098837209302325,gate_planes_resnet18_temperature,0.8667587783912595,0.856129542664191,0.5894113413406292,0.8348791220241032,0.803177494495623,0.7681852372642273,0.7058681499767946,0.5790873172576608,0.36227136507248997,0.11468039003290058,0.0030760162270417834,797,1,,5297,,,0.15000000000000002,82061.6,28128.0
reports/planes/cascade/gate_planes_resnet18_temperature_strat_imagesource.json,,temperature,68796.0,16632.0,0.8572777043609591,real,9534.6,10594.0,0.9040697674418605,gate_planes_resnet18_temperature,0.8666895170308214,0.8561071063443473,0.5894291589360781,0.8348495304839914,0.8031427977814232,0.768090575243151,0.7060142251126181,0.5792778883191371,0.3623504934277309,0.11469343939051743,0.0030760162270417834,756,1,,5297,,,0.2,78330.6,27226.0
reports/planes/cascade/gate_planes_resnet18_temperature_strat_imagesource.json,,temperature,65520.0,15840.0,0.8640740041532944,real,9534.6,10594.0,0.8968023255813954,gate_planes_resnet18_temperature,0.8574014134628117,0.8468657943807814,0.5866168951804369,0.8257429710142333,0.8029782359802528,0.7679561942891526,0.7058704614507562,0.5792218319544947,0.3623625253673981,0.11469350767744627,0.0030760162270417834,720,1,,5297,,,0.25,75054.6,26434.0
reports/planes/cascade/gate_planes_resnet18_temperature_strat_imagesource.json,,temperature,63245.0,15290.0,0.8687936567868605,real,9534.6,10594.0,0.8895348837209303,gate_planes_resnet18_temperature,0.8572660410364512,0.8467249763736588,0.5865808696613591,0.8256168097275324,0.8028253086691683,0.7679319124861178,0.7059388051513279,0.5793160270782894,0.36241282709184874,0.1146999727721554,0.0030760162270417834,695,1,,5297,,,0.30000000000000004,72779.6,25884.0
reports/planes/cascade/gate_planes_resnet18_temperature_strat_imagesource.json,,temperature,61243.0,14806.0,0.8729469511043987,real,9534.6,10594.0,0.8851744186046512,gate_planes_resnet18_temperature,0.8572028073816989,0.8467014950083351,0.5865586585357156,0.8255718213302019,0.8028026998430098,0.7678961243965997,0.7059212216501378,0.5792874531162081,0.36242531030835373,0.11470163609557013,0.0030760162270417834,673,1,,5297,,,0.35000000000000003,70777.6,25400.0
reports/planes/cascade/gate_planes_resnet18_temperature_strat_imagesource.json,,temperature,59696.0,14432.0,0.8761563148952237,real,9534.6,10594.0,0.877906976744186,gate_planes_resnet18_temperature,0.8571816665246652,0.8466831265094695,0.5865634751154594,0.8255427620600486,0.8027567369691259,0.7678890125235271,0.7059995270920658,0.5793523485542791,0.3624490615130095,0.11470449318135999,0.0030760162270417834,656,1,,5297,,,0.4,69230.6,25026.0
reports/planes/cascade/gate_planes_resnet18_temperature_strat_imagesource.json,,temperature,58695.0,14190.0,0.8782329620539928,real,9534.6,10594.0,0.873546511627907,gate_planes_resnet18_temperature,0.8571560448142604,0.8466492808111143,0.5865451821354148,0.8255256552472797,0.8026817623401284,0.7678558986808661,0.7060012599848091,0.5793523485542791,0.3624490615130095,0.11470449318135999,0.0030760162270417834,645,1,,5297,,,0.45,68229.6,24784.0
reports/planes/cascade/gate_planes_resnet18_temperature_strat_imagesource.json,,temperature,57876.0,13992.0,0.8799320370020767,real,9534.6,10594.0,0.8706395348837209,gate_planes_resnet18_temperature,0.8568586530345527,0.8463827033042435,0.5846652850965957,0.8252908829110635,0.7937996496823988,0.7592055784301031,0.7057716300379219,0.579093743697526,0.36244382197497893,0.11473017166612602,0.0030760162270417834,636,1,,5297,,,0.5,67410.6,24586.0
reports/planes/cascade/gate_planes_resnet18_temperature_strat_imagesource.json,,temperature,56420.0,13640.0,0.882952614687559,real,9534.6,10594.0,0.8633720930232558,gate_planes_resnet18_temperature,0.8477566643598421,0.8462930471785083,0.5837504519287939,0.8252062852334346,0.7938622189100025,0.7592428627100661,0.7057632736334355,0.5790980772906387,0.36247273472601754,0.11473333901895191,0.0030760162270417834,620,1,,5297,,,0.55,65954.6,24234.0
reports/planes/cascade/gate_planes_resnet18_temperature_strat_imagesource.json,,temperature,55965.0,13530.0,0.8838965452142722,real,9534.6,10594.0,0.8604651162790697,gate_planes_resnet18_temperature,0.8475728350187804,0.8371076839059053,0.5817298504960903,0.8161491079210491,0.7935901392248719,0.7589720234586694,0.7050984835786563,0.5786452053798792,0.3623906866207028,0.11469632362534665,0.0030760162270417834,615,1,,5297,,,0.6000000000000001,65499.6,24124.0
reports/planes/cascade/gate_planes_resnet18_temperature_strat_imagesource.json,,temperature,55328.0,13376.0,0.8852180479516708,real,9534.6,10594.0,0.8561046511627907,gate_planes_resnet18_temperature,0.8472706178457893,0.8368091784379036,0.580803227628551,0.8158270922991502,0.7932259609612011,0.7584942133117845,0.6973224990462512,0.5787151673991373,0.3625453029582064,0.11474622779904448,0.0030760162270417834,608,1,,5297,,,0.65,64862.6,23970.0
reports/planes/cascade/gate_planes_resnet18_temperature_strat_imagesource.json,,temperature,54691.0,13222.0,0.8865395506890693,real,9534.6,10594.0,0.8502906976744186,gate_planes_resnet18_temperature,0.837869156133526,0.8363983886063228,0.5770984722778618,0.815400676100884,0.7840540557573779,0.7494911560792139,0.6969553380758485,0.5714159648492231,0.36170808452597764,0.11461588642320286,0.0030760162270417834,601,1,,5297,,,0.7000000000000001,64225.6,23816.0
reports/planes/cascade/gate_planes_resnet18_temperature_strat_imagesource.json,,temperature,53599.0,12958.0,0.8888049839531811,real,9534.6,10594.0,0.8357558139534884,gate_planes_resnet18_temperature,0.8377390714400269,0.8273029381647695,0.5752028573849353,0.8063571882792889,0.7838485734422962,0.7493928791996073,0.6969077893673337,0.5713750659209919,0.3615443848072985,0.11448303982326123,0.0030776434044788564,589,1,,5297,,,0.75,63133.6,23552.0
reports/planes/cascade/gate_planes_resnet18_temperature_strat_imagesource.json,,temperature,52507.0,12694.0,0.8910704172172929,real,9534.6,10594.0,0.8255813953488372,gate_planes_resnet18_temperature,0.8373304968164574,0.8268814788784437,0.5741921678514949,0.8061524511042197,0.7835004513604438,0.7491711054346427,0.6886244888243312,0.5713278023376951,0.3613217572351128,0.11453400311912254,0.0030776434044788564,577,1,,5297,,,0.8,62041.6,23288.0
reports/planes/cascade/gate_planes_resnet18_temperature_strat_imagesource.json,,temperature,51142.0,12364.0,0.8939022087974325,real,9534.6,10594.0,0.8052325581395349,gate_planes_resnet18_temperature,0.8275528777045497,0.8171177044197098,0.5689344024799268,0.7964166946256229,0.7738910375247328,0.7398325313254092,0.6880544309777066,0.5714769683203019,0.3569758245709318,0.11494009084610332,0.0030858644842001906,562,1,,5297,,,0.8500000000000001,60676.6,22958.0
reports/planes/cascade/gate_planes_resnet18_temperature_strat_imagesource.json,,temperature,49504.0,11968.0,0.8973003586936001,real,9534.6,10594.0,0.7819767441860465,gate_planes_resnet18_temperature,0.8084344743951211,0.7980379871078291,0.5604843704932977,0.7862827603442569,0.7637537821787637,0.7302140222084994,0.6787797410319656,0.5641447705764896,0.3570273237975546,0.11508297880829622,0.0030858644842001906,544,1,,5297,,,0.9,59038.6,22562.0
reports/planes/cascade/gate_planes_resnet18_temperature_strat_imagesource.json,,temperature,45318.0,10956.0,0.9059845195393619,real,9534.6,10594.0,0.7209302325581395,gate_planes_resnet18_temperature,0.7688718879445677,0.7587666327029211,0.5331753665077161,0.7470432469561413,0.7249259472448125,0.6919910702437246,0.6422820840360338,0.5383910319893392,0.34421447221434603,0.11217809851566032,0.0030891932296145033,498,1,,5297,,,0.9500000000000001,54852.6,21550.0
reports/planes/cascade/gate_planes_resnet18_temperature_strat_imagesource.json,,temperature,0.0,0.0,1.0,real,9534.6,10594.0,0.0,gate_planes_resnet18_temperature,0.0,0.0,0.0,0.0,0.0,0.0,0.0,0.0,0.0,0.0,0.0,0,1,,5297,,,1.0,9534.6,10594.0
reports/planes/cascade/gate_planes_resnet18_temperature_strat_imagesource.stratified_imagesource.json,GF,temperature,,,0.0,real,,,1.0,gate_planes_resnet18_temperature,0.9117950859655064,0.8927839207360801,0.6151144031330341,0.8927839207360801,0.8635521048154634,0.8461611703575014,0.7986271963573514,0.5923583553667385,0.32359103355689456,0.027968014192723618,0.0015232292460015233,,1,715,715,,imagesource,0.0,,
reports/planes/cascade/gate_planes_resnet18_temperature_strat_imagesource.stratified_imagesource.json,GoogleEarth,temperature,,,0.0,real,,,1.0,gate_planes_resnet18_temperature,0.9357598062808105,0.9250896717040428,0.6360307450866072,0.9039389105426703,0.8714332415694234,0.8328862972199484,0.7575812070446645,0.6181104150386765,0.38843309579224095,0.12398476020735585,0.0030900454662390517,,1,3317,3317,,imagesource,0.0,,
reports/planes/cascade/gate_planes_resnet18_temperature_strat_imagesource.stratified_imagesource.json,JL,temperature,,,0.0,real,,,1.0,gate_planes_resnet18_temperature,0.6192153217713985,0.595013192292892,0.30348466134216334,0.545695360100428,0.4752246383464852,0.37150127736103344,0.2665198476665011,0.12618315987000803,0.0307537754625695,0.0047400405503178825,0.0,,1,1265,1265,,imagesource,0.0,,
reports/planes/cascade/gate_planes_resnet18_temperature_strat_imagesource.stratified_imagesource.json,unknown,temperature,,,,real,,,,gate_planes_resnet18_temperature,,,,,,,,,,,,,,0,0,1.0,imagesource,0.0,,
reports/planes/cascade/gate_planes_resnet18_temperature_strat_imagesource.stratified_imagesource.json,GF,temperature,,,0.9636363636363636,real,,,0.6153846153846154,gate_planes_resnet18_temperature,0.8488330975954738,0.8295588179507606,0.5728213661495951,0.8295588179507606,0.8012467913458012,0.7872147758993586,0.7430094657817431,0.5467321196238917,0.3100965559847505,0.030163039345409193,0.0018001800180018003,,1,715,715,,imagesource,0.05,,
reports/planes/cascade/gate_planes_resnet18_temperature_strat_imagesource.stratified_imagesource.json,GoogleEarth,temperature,,,0.7304793488091649,real,,,0.9661290322580646,gate_planes_resnet18_temperature,0.9162389126174219,0.9056040859958621,0.6248794427513713,0.8844942280931211,0.8523522999827571,0.81584890366295,0.7499666127911351,0.6120856242996521,0.3846922956339706,0.12442141897060442,0.0030900454662390517,,1,3317,3317,,imagesource,0.05,,
reports/planes/cascade/gate_planes_resnet18_temperature_strat_imagesource.stratified_imagesource.json,JL,temperature,,,0.857707509881423,real,,,0.7454545454545455,gate_planes_resnet18_temperature,0.5181571033375213,0.5086911146229892,0.2676497675151122,0.4739623263791139,0.42737132679666695,0.34018037898236725,0.25447689575428456,0.11952240078367328,0.029290453364379083,0.004845675130126442,0.0,,1,1265,1265,,imagesource,0.05,,
reports/planes/cascade/gate_planes_resnet18_temperature_strat_imagesource.stratified_imagesource.json,unknown,temperature,,,,real,,,,gate_planes_resnet18_temperature,,,,,,,,,,,,,,0,0,1.0,imagesource,0.05,,
reports/planes/cascade/gate_planes_resnet18_temperature_strat_imagesource.stratified_imagesource.json,GF,temperature,,,0.9832167832167832,real,,,0.5384615384615384,gate_planes_resnet18_temperature,0.8302163549688302,0.8196333369600697,0.5635061825581864,0.8196333369600697,0.7909367859862909,0.7680724803249556,0.7334031480071085,0.530792227762365,0.3104109352487639,0.030163039345409193,0.0018001800180018003,,1,715,715,,imagesource,0.1,,
reports/planes/cascade/gate_planes_resnet18_temperature_strat_imagesource.stratified_imagesource.json,GoogleEarth,temperature,,,0.7681640036177269,real,,,0.9564516129032258,gate_planes_resnet18_temperature,0.9162367361280812,0.9055942245319724,0.6248768719348661,0.8844885897817645,0.8523392437963307,0.8158507126204319,0.7499698281196135,0.6120856242996521,0.3846922956339706,0.12442141897060442,0.0030900454662390517,,1,3317,3317,,imagesource,0.1,,
reports/planes/cascade/gate_planes_resnet18_temperature_strat_imagesource.stratified_imagesource.json,JL,temperature,,,0.916205533596838,real,,,0.6909090909090909,gate_planes_resnet18_temperature,0.49936018848190233,0.4984198096603455,0.2604470221315581,0.4555483627950603,0.419224104746707,0.33302167091595986,0.24891397055799805,0.11582959329538943,0.029303394707310866,0.004849126154908252,0.0,,1,1265,1265,,imagesource,0.1,,
reports/planes/cascade/gate_planes_resnet18_temperature_strat_imagesource.stratified_imagesource.json,unknown,temperature,,,,real,,,,gate_planes_resnet18_temperature,,,,,,,,,,,,,,0,0,1.0,imagesource,0.1,,
reports/planes/cascade/gate_planes_resnet18_temperature_strat_imagesource.stratified_imagesource.json,GF,temperature,,,0.9846153846153847,real,,,0.5384615384615384,gate_planes_resnet18_temperature,0.8302163549688302,0.8196333369600697,0.5635061825581864,0.8196333369600697,0.7909367859862909,0.7680724803249556,0.7334031480071085,0.530792227762365,0.3104109352487639,0.030163039345409193,0.0018001800180018003,,1,715,715,,imagesource,0.15000000000000002,,
reports/planes/cascade/gate_planes_resnet18_temperature_strat_imagesource.stratified_imagesource.json,GoogleEarth,temperature,,,0.7874585468797106,real,,,0.9435483870967742,gate_planes_resnet18_temperature,0.8967841272403514,0.8861446177674949,0.6174030579863143,0.865128067003648,0.8421368679125663,0.8069285745616546,0.744674537782986,0.6160423811875473,0.3880074686963189,0.12509389224433798,0.0030900454662390517,,1,3317,3317,,imagesource,0.15000000000000002,,
reports/planes/cascade/gate_planes_resnet18_temperature_strat_imagesource.stratified_imagesource.json,JL,temperature,,,0.9359683794466404,real,,,0.6181818181818182,gate_planes_resnet18_temperature,0.4300760706023459,0.4209770370687456,0.23009992603323423,0.3978763767040644,0.36239491251893713,0.3097085509995305,0.22482785808732053,0.11793434558139736,0.032178271316603384,0.005025837453398228,0.0,,1,1265,1265,,imagesource,0.15000000000000002,,
reports/planes/cascade/gate_planes_resnet18_temperature_strat_imagesource.stratified_imagesource.json,unknown,temperature,,,,real,,,,gate_planes_resnet18_temperature,,,,,,,,,,,,,,0,0,1.0,imagesource,0.15000000000000002,,
reports/planes/cascade/gate_planes_resnet18_temperature_strat_imagesource.stratified_imagesource.json,GF,temperature,,,0.986013986013986,real,,,0.5384615384615384,gate_planes_resnet18_temperature,0.8302163549688302,0.8196333369600697,0.5635061825581864,0.8196333369600697,0.7909367859862909,0.7680724803249556,0.7334031480071085,0.530792227762365,0.3104109352487639,0.030163039345409193,0.0018001800180018003,,1,715,715,,imagesource,0.2,,
reports/planes/cascade/gate_planes_resnet18_temperature_strat_imagesource.stratified_imagesource.json,GoogleEarth,temperature,,,0.796804341272234,real,,,0.9370967741935484,gate_planes_resnet18_temperature,0.8967051493523456,0.8861246056425542,0.6166091940660037,0.8651182935691926,0.8420653857000462,0.7987117334202496,0.7448212361524352,0.6162543158799522,0.38809113894181974,0.1251100365352026,0.0030900454662390517,,1,3317,3317,,imagesource,0.2,,
reports/planes/cascade/gate_planes_resnet18_temperature_strat_imagesource.stratified_imagesource.json,JL,temperature,,,0.9430830039525692,real,,,0.6181818181818182,gate_planes_resnet18_temperature,0.4300760706023459,0.4209770370687456,0.23009992603323423,0.3978763767040644,0.36239491251893713,0.3097085509995305,0.22482785808732053,0.11793434558139736,0.032178271316603384,0.005025837453398228,0.0,,1,1265,1265,,imagesource,0.2,,
reports/planes/cascade/gate_planes_resnet18_temperature_strat_imagesource.stratified_imagesource.json,unknown,temperature,,,,real,,,,gate_planes_resnet18_temperature,,,,,,,,,,,,,,0,0,1.0,imagesource,0.2,,
reports/planes/cascade/gate_planes_resnet18_temperature_strat_imagesource.stratified_imagesource.json,GF,temperature,,,0.9874125874125874,real,,,0.5384615384615384,gate_planes_resnet18_temperature,0.8302163549688302,0.8196333369600697,0.5635061825581864,0.8196333369600697,0.7909367859862909,0.7680724803249556,0.7334031480071085,0.530792227762365,0.3104109352487639,0.030163039345409193,0.0018001800180018003,,1,715,715,,imagesource,0.25,,
reports/planes/cascade/gate_planes_resnet18_temperature_strat_imagesource.stratified_imagesource.json,GoogleEarth,temperature,,,0.8037383177570093,real,,,0.932258064516129,gate_planes_resnet18_temperature,0.8966619731902211,0.8860801068557644,0.6165486414962007,0.8650692245698373,0.8419839820404643,0.798662572203002,0.7446591876006795,0.6160969554619702,0.38808964367458604,0.12509272389924253,0.0030900454662390517,,1,3317,3317,,imagesource,0.25,,
reports/planes/cascade/gate_planes_resnet18_temperature_strat_imagesource.stratified_imagesource.json,JL,temperature,,,0.9525691699604744,real,,,0.5818181818181818,gate_planes_resnet18_temperature,0.39157251946352334,0.3821039887861451,0.21285843612492455,0.36012099703532746,0.3355657535678541,0.28782935099140444,0.21360297613765608,0.12011569912074598,0.032586266530158774,0.00508680961643017,0.0,,1,1265,1265,,imagesource,0.25,,
reports/planes/cascade/gate_planes_resnet18_temperature_strat_imagesource.stratified_imagesource.json,unknown,temperature,,,,real,,,,gate_planes_resnet18_temperature,,,,,,,,,,,,,,0,0,1.0,imagesource,0.25,,
reports/planes/cascade/gate_planes_resnet18_temperature_strat_imagesource.stratified_imagesource.json,GF,temperature,,,0.9874125874125874,real,,,0.5384615384615384,gate_planes_resnet18_temperature,0.8302163549688302,0.8196333369600697,0.5635061825581864,0.8196333369600697,0.7909367859862909,0.7680724803249556,0.7334031480071085,0.530792227762365,0.3104109352487639,0.030163039345409193,0.0018001800180018003,,1,715,715,,imagesource,0.30000000000000004,,
reports/planes/cascade/gate_planes_resnet18_temperature_strat_imagesource.stratified_imagesource.json,GoogleEarth,temperature,,,0.8094663852879108,real,,,0.9274193548387096,gate_planes_resnet18_temperature,0.8965985893806753,0.886028030364256,0.6156740490091968,0.8650265572199718,0.833407804316508,0.798607607149421,0.744622217488146,0.6161322716865527,0.3881281225780152,0.12509924444218146,0.0030900454662390517,,1,3317,3317,,imagesource,0.30000000000000004,,
reports/planes/cascade/gate_planes_resnet18_temperature_strat_imagesource.stratified_imagesource.json,JL,temperature,,,0.9573122529644269,real,,,0.5454545454545454,gate_planes_resnet18_temperature,0.3622300900063415,0.3617402009289727,0.2035626896014755,0.334844662896327,0.31970953150379866,0.28465040536627567,0.21199520158180196,0.12206375574372076,0.03324308244151149,0.005149965546005149,0.0,,1,1265,1265,,imagesource,0.30000000000000004,,
reports/planes/cascade/gate_planes_resnet18_temperature_strat_imagesource.stratified_imagesource.json,unknown,temperature,,,,real,,,,gate_planes_resnet18_temperature,,,,,,,,,,,,,,0,0,1.0,imagesource,0.30000000000000004,,
reports/planes/cascade/gate_planes_resnet18_temperature_strat_imagesource.stratified_imagesource.json,GF,temperature,,,0.9888111888111888,real,,,0.5384615384615384,gate_planes_resnet18_temperature,0.8302163549688302,0.8196333369600697,0.5635061825581864,0.8196333369600697,0.7909367859862909,0.7680724803249556,0.7334031480071085,0.530792227762365,0.3104109352487639,0.030163039345409193,0.0018001800180018003,,1,715,715,,imagesource,0.35000000000000003,,
reports/planes/cascade/gate_planes_resnet18_temperature_strat_imagesource.stratified_imagesource.json,GoogleEarth,temperature,,,0.8148929755803437,real,,,0.9241935483870968,gate_planes_resnet18_temperature,0.8965947218258006,0.8860079746001455,0.6156715900545342,0.8650168710014626,0.8334010927170947,0.7986088880005475,0.7446313618048952,0.6161369629252313,0.3881281225780152,0.1250998596259093,0.0030900454662390517,,1,3317,3317,,imagesource,0.35000000000000003,,
reports/planes/cascade/gate_planes_resnet18_temperature_strat_imagesource.stratified_imagesource.json,JL,temperature,,,0.9596837944664032,real,,,0.5272727272727272,gate_planes_resnet18_temperature,0.3528007148308984,0.35250865225654926,0.19998664789159834,0.33428990384986207,0.31113449975270785,0.2836529162396038,0.2108736079666609,0.11564679637130341,0.03378065037880428,0.005178737269593414,0.0,,1,1265,1265,,imagesource,0.35000000000000003,,
reports/planes/cascade/gate_planes_resnet18_temperature_strat_imagesource.stratified_imagesource.json,unknown,temperature,,,,real,,,,gate_planes_resnet18_temperature,,,,,,,,,,,,,,0,0,1.0,imagesource,0.35000000000000003,,
reports/planes/cascade/gate_planes_resnet18_temperature_strat_imagesource.stratified_imagesource.json,GF,temperature,,,0.9888111888111888,real,,,0.5384615384615384,gate_planes_resnet18_temperature,0.8302163549688302,0.8196333369600697,0.5635061825581864,0.8196333369600697,0.7909367859862909,0.7680724803249556,0.7334031480071085,0.530792227762365,0.3104109352487639,0.030163039345409193,0.0018001800180018003,,1,715,715,,imagesource,0.4,,
reports/planes/cascade/gate_planes_resnet18_temperature_strat_imagesource.stratified_imagesource.json,GoogleEarth,temperature,,,0.8185107024419657,real,,,0.917741935483871,gate_planes_resnet18_temperature,0.8965495693007303,0.8859962440798167,0.6156831229280175,0.8649710869170376,0.8333784348476324,0.7986305599232867,0.7447432775528399,0.6162126262189177,0.38815379522665694,0.12510558974701888,0.0030900454662390517,,1,3317,3317,,imagesource,0.4,,
reports/planes/cascade/gate_planes_resnet18_temperature_strat_imagesource.stratified_imagesource.json,JL,temperature,,,0.9636363636363636,real,,,0.509090909090909,gate_planes_resnet18_temperature,0.35265624188996814,0.35206532047614203,0.19978923262269938,0.3339265870372322,0.310848520454244,0.2833928991536383,0.21032379754264982,0.11569626077720346,0.03379747449112205,0.005185224404793421,0.0,,1,1265,1265,,imagesource,0.4,,
reports/planes/cascade/gate_planes_resnet18_temperature_strat_imagesource.stratified_imagesource.json,unknown,temperature,,,,real,,,,gate_planes_resnet18_temperature,,,,,,,,,,,,,,0,0,1.0,imagesource,0.4,,
reports/planes/cascade/gate_planes_resnet18_temperature_strat_imagesource.stratified_imagesource.json,GF,temperature,,,0.9888111888111888,real,,,0.5384615384615384,gate_planes_resnet18_temperature,0.8302163549688302,0.8196333369600697,0.5635061825581864,0.8196333369600697,0.7909367859862909,0.7680724803249556,0.7334031480071085,0.530792227762365,0.3104109352487639,0.030163039345409193,0.0018001800180018003,,1,715,715,,imagesource,0.45,,
reports/planes/cascade/gate_planes_resnet18_temperature_strat_imagesource.stratified_imagesource.json,GoogleEarth,temperature,,,0.8209225203497136,real,,,0.9129032258064517,gate_planes_resnet18_temperature,0.8965088456952446,0.8859673903028632,0.6156478429073978,0.8649087461370225,0.833364702012611,0.7986324771423323,0.7446355724850392,0.61611126485895,0.38815379522665694,0.12510558974701888,0.0030900454662390517,,1,3317,3317,,imagesource,0.45,,
reports/planes/cascade/gate_planes_resnet18_temperature_strat_imagesource.stratified_imagesource.json,JL,temperature,,,0.9660079051383399,real,,,0.509090909090909,gate_planes_resnet18_temperature,0.35265624188996814,0.35206532047614203,0.19978923262269938,0.3339265870372322,0.310848520454244,0.2833928991536383,0.21032379754264982,0.11569626077720346,0.03379747449112205,0.005185224404793421,0.0,,1,1265,1265,,imagesource,0.45,,
reports/planes/cascade/gate_planes_resnet18_temperature_strat_imagesource.stratified_imagesource.json,unknown,temperature,,,,real,,,,gate_planes_resnet18_temperature,,,,,,,,,,,,,,0,0,1.0,imagesource,0.45,,
reports/planes/cascade/gate_planes_resnet18_temperature_strat_imagesource.stratified_imagesource.json,GF,temperature,,,0.9888111888111888,real,,,0.5384615384615384,gate_planes_resnet18_temperature,0.8302163549688302,0.8196333369600697,0.5635061825581864,0.8196333369600697,0.7909367859862909,0.7680724803249556,0.7334031480071085,0.530792227762365,0.3104109352487639,0.030163039345409193,0.0018001800180018003,,1,715,715,,imagesource,0.5,,
reports/planes/cascade/gate_planes_resnet18_temperature_strat_imagesource.stratified_imagesource.json,GoogleEarth,temperature,,,0.8233343382574616,real,,,0.9096774193548387,gate_planes_resnet18_temperature,0.8872206438058594,0.876736586574976,0.6113508198468198,0.8558846027814067,0.8331501957178407,0.7983354873711078,0.7367187478095547,0.6091562750420618,0.38814992300487805,0.12506569089427555,0.0030900454662390517,,1,3317,3317,,imagesource,0.5,,
reports/planes/cascade/gate_planes_resnet18_temperature_strat_imagesource.stratified_imagesource.json,JL,temperature,,,0.966798418972332,real,,,0.509090909090909,gate_planes_resnet18_temperature,0.35265624188996814,0.35206532047614203,0.19978923262269938,0.3339265870372322,0.310848520454244,0.2833928991536383,0.21032379754264982,0.11569626077720346,0.03379747449112205,0.005185224404793421,0.0,,1,1265,1265,,imagesource,0.5,,
reports/planes/cascade/gate_planes_resnet18_temperature_strat_imagesource.stratified_imagesource.json,unknown,temperature,,,,real,,,,gate_planes_resnet18_temperature,,,,,,,,,,,,,,0,0,1.0,imagesource,0.5,,
reports/planes/cascade/gate_planes_resnet18_temperature_strat_imagesource.stratified_imagesource.json,GF,temperature,,,0.9902097902097902,real,,,0.5384615384615384,gate_planes_resnet18_temperature,0.8302163549688302,0.8196333369600697,0.5635061825581864,0.8196333369600697,0.7909367859862909,0.7680724803249556,0.7334031480071085,0.530792227762365,0.3104109352487639,0.030163039345409193,0.0018001800180018003,,1,715,715,,imagesource,0.55,,
reports/planes/cascade/gate_planes_resnet18_temperature_strat_imagesource.stratified_imagesource.json,GoogleEarth,temperature,,,0.825444678926741,real,,,0.9064516129032258,gate_planes_resnet18_temperature,0.8872311782315234,0.8767449626829663,0.611355178008099,0.8558929428882047,0.8331582675047191,0.7983412780698821,0.7367206345855294,0.6091562750420618,0.38814992300487805,0.12506627260498585,0.0030900454662390517,,1,3317,3317,,imagesource,0.55,,
reports/planes/cascade/gate_planes_resnet18_temperature_strat_imagesource.stratified_imagesource.json,JL,temperature,,,0.9731225296442688,real,,,0.45454545454545453,gate_planes_resnet18_temperature,0.33383972243378185,0.3332908891850724,0.19358779235263,0.31753359951379756,0.3074987993304825,0.2796072291457696,0.20642795938549574,0.11717881582650876,0.035201340287011246,0.005299568418380299,0.0,,1,1265,1265,,imagesource,0.55,,
reports/planes/cascade/gate_planes_resnet18_temperature_strat_imagesource.stratified_imagesource.json,unknown,temperature,,,,real,,,,gate_planes_resnet18_temperature,,,,,,,,,,,,,,0,0,1.0,imagesource,0.55,,
reports/planes/cascade/gate_planes_resnet18_temperature_strat_imagesource.stratified_imagesource.json,GF,temperature,,,0.9902097902097902,real,,,0.5384615384615384,gate_planes_resnet18_temperature,0.8302163549688302,0.8196333369600697,0.5635061825581864,0.8196333369600697,0.7909367859862909,0.7680724803249556,0.7334031480071085,0.530792227762365,0.3104109352487639,0.030163039345409193,0.0018001800180018003,,1,715,715,,imagesource,0.6000000000000001,,
reports/planes/cascade/gate_planes_resnet18_temperature_strat_imagesource.stratified_imagesource.json,GoogleEarth,temperature,,,0.826650587880615,real,,,0.9032258064516129,gate_planes_resnet18_temperature,0.8870060953261297,0.8765043442560982,0.6110997437814079,0.8556272465751155,0.8327684921535932,0.7979868568457763,0.736346494009472,0.608778096310287,0.3879946917243192,0.12489507514704816,0.0030900454662390517,,1,3317,3317,,imagesource,0.6000000000000001,,
reports/planes/cascade/gate_planes_resnet18_temperature_strat_imagesource.stratified_imagesource.json,JL,temperature,,,0.9739130434782609,real,,,0.45454545454545453,gate_planes_resnet18_temperature,0.33383972243378185,0.3332908891850724,0.19358779235263,0.31753359951379756,0.3074987993304825,0.2796072291457696,0.20642795938549574,0.11717881582650876,0.035201340287011246,0.005299568418380299,0.0,,1,1265,1265,,imagesource,0.6000000000000001,,
reports/planes/cascade/gate_planes_resnet18_temperature_strat_imagesource.stratified_imagesource.json,unknown,temperature,,,,real,,,,gate_planes_resnet18_temperature,,,,,,,,,,,,,,0,0,1.0,imagesource,0.6000000000000001,,
reports/planes/cascade/gate_planes_resnet18_temperature_strat_imagesource.stratified_imagesource.json,GF,temperature,,,0.9902097902097902,real,,,0.5384615384615384,gate_planes_resnet18_temperature,0.8302163549688302,0.8196333369600697,0.5635061825581864,0.8196333369600697,0.7909367859862909,0.7680724803249556,0.7334031480071085,0.530792227762365,0.3104109352487639,0.030163039345409193,0.0018001800180018003,,1,715,715,,imagesource,0.65,,
reports/planes/cascade/gate_planes_resnet18_temperature_strat_imagesource.stratified_imagesource.json,GoogleEarth,temperature,,,0.8287609285498945,real,,,0.8983870967741936,gate_planes_resnet18_temperature,0.8866661081626694,0.8761461733535153,0.6092073456453078,0.8552231776438645,0.8236935986294113,0.7890552933925421,0.7361232761556858,0.6089616783048625,0.3881595470406894,0.12495455830359811,0.0030900454662390517,,1,3317,3317,,imagesource,0.65,,
reports/planes/cascade/gate_planes_resnet18_temperature_strat_imagesource.stratified_imagesource.json,JL,temperature,,,0.9739130434782609,real,,,0.45454545454545453,gate_planes_resnet18_temperature,0.33383972243378185,0.3332908891850724,0.19358779235263,0.31753359951379756,0.3074987993304825,0.2796072291457696,0.20642795938549574,0.11717881582650876,0.035201340287011246,0.005299568418380299,0.0,,1,1265,1265,,imagesource,0.65,,
reports/planes/cascade/gate_planes_resnet18_temperature_strat_imagesource.stratified_imagesource.json,unknown,temperature,,,,real,,,,gate_planes_resnet18_temperature,,,,,,,,,,,,,,0,0,1.0,imagesource,0.65,,
reports/planes/cascade/gate_planes_resnet18_temperature_strat_imagesource.stratified_imagesource.json,GF,temperature,,,0.9902097902097902,real,,,0.5384615384615384,gate_planes_resnet18_temperature,0.8302163549688302,0.8196333369600697,0.5635061825581864,0.8196333369600697,0.7909367859862909,0.7680724803249556,0.7334031480071085,0.530792227762365,0.3104109352487639,0.030163039345409193,0.0018001800180018003,,1,715,715,,imagesource,0.7000000000000001,,
reports/planes/cascade/gate_planes_resnet18_temperature_strat_imagesource.stratified_imagesource.json,GoogleEarth,temperature,,,0.8305697919807055,real,,,0.8919354838709678,gate_planes_resnet18_temperature,0.8773104934959096,0.8668028380488538,0.6050654625353987,0.8460114544536467,0.8232728408783001,0.7884936268717749,0.727728343705497,0.6083422773149665,0.3870915088430031,0.12251119627579604,0.0030900454662390517,,1,3317,3317,,imagesource,0.7000000000000001,,
reports/planes/cascade/gate_planes_resnet18_temperature_strat_imagesource.stratified_imagesource.json,JL,temperature,,,0.974703557312253,real,,,0.45454545454545453,gate_planes_resnet18_temperature,0.3339157364868,0.33344310299996605,0.19363251912475907,0.3176070584725966,0.30757576080814286,0.27967584856268934,0.20642795938549574,0.11717881582650876,0.035201340287011246,0.005299568418380299,0.0,,1,1265,1265,,imagesource,0.7000000000000001,,
reports/planes/cascade/gate_planes_resnet18_temperature_strat_imagesource.stratified_imagesource.json,unknown,temperature,,,,real,,,,gate_planes_resnet18_temperature,,,,,,,,,,,,,,0,0,1.0,imagesource,0.7000000000000001,,
reports/planes/cascade/gate_planes_resnet18_temperature_strat_imagesource.stratified_imagesource.json,GF,temperature,,,0.9902097902097902,real,,,0.5384615384615384,gate_planes_resnet18_temperature,0.8302163549688302,0.8196333369600697,0.5635061825581864,0.8196333369600697,0.7909367859862909,0.7680724803249556,0.7334031480071085,0.530792227762365,0.3104109352487639,0.030163039345409193,0.0018001800180018003,,1,715,715,,imagesource,0.75,,
reports/planes/cascade/gate_planes_resnet18_temperature_strat_imagesource.stratified_imagesource.json,GoogleEarth,temperature,,,0.8335845643653904,real,,,0.8774193548387097,gate_planes_resnet18_temperature,0.8771460239931861,0.8666490288700521,0.6049413488132822,0.8458655473548661,0.8230352967976138,0.7884128010529159,0.727755910660677,0.608122047791716,0.3869313163808553,0.12240366192796336,0.003091853302977356,,1,3317,3317,,imagesource,0.75,,
reports/planes/cascade/gate_planes_resnet18_temperature_strat_imagesource.stratified_imagesource.json,JL,temperature,,,0.9762845849802372,real,,,0.43636363636363634,gate_planes_resnet18_temperature,0.32410927874337236,0.3237774253658429,0.19006844334655829,0.307959076546029,0.3065614178652103,0.27054612384108073,0.2087410309417869,0.11834730992161689,0.03532057960573861,0.005322190634905075,0.0,,1,1265,1265,,imagesource,0.75,,
reports/planes/cascade/gate_planes_resnet18_temperature_strat_imagesource.stratified_imagesource.json,unknown,temperature,,,,real,,,,gate_planes_resnet18_temperature,,,,,,,,,,,,,,0,0,1.0,imagesource,0.75,,
reports/planes/cascade/gate_planes_resnet18_temperature_strat_imagesource.stratified_imagesource.json,GF,temperature,,,0.9902097902097902,real,,,0.5384615384615384,gate_planes_resnet18_temperature,0.8302163549688302,0.8196333369600697,0.5635061825581864,0.8196333369600697,0.7909367859862909,0.7680724803249556,0.7334031480071085,0.530792227762365,0.3104109352487639,0.030163039345409193,0.0018001800180018003,,1,715,715,,imagesource,0.8,,
reports/planes/cascade/gate_planes_resnet18_temperature_strat_imagesource.stratified_imagesource.json,GoogleEarth,temperature,,,0.8356949050346699,real,,,0.8709677419354839,gate_planes_resnet18_temperature,0.8770491124037912,0.8665477648837617,0.6036122229632148,0.845688737312253,0.8227747620432122,0.7881584711273671,0.7275354684774804,0.6012058701849725,0.38165772194807734,0.12241246794825619,0.003091853302977356,,1,3317,3317,,imagesource,0.8,,
reports/planes/cascade/gate_planes_resnet18_temperature_strat_imagesource.stratified_imagesource.json,JL,temperature,,,0.9802371541501976,real,,,0.38181818181818183,gate_planes_resnet18_temperature,0.2742025195146625,0.27372839510671715,0.15965214191558066,0.2622141587223738,0.2521572816287702,0.22931097981975304,0.16926788832729428,0.10297871560247797,0.02771098538425271,0.0049504950495049506,0.0,,1,1265,1265,,imagesource,0.8,,
reports/planes/cascade/gate_planes_resnet18_temperature_strat_imagesource.stratified_imagesource.json,unknown,temperature,,,,real,,,,gate_planes_resnet18_temperature,,,,,,,,,,,,,,0,0,1.0,imagesource,0.8,,
reports/planes/cascade/gate_planes_resnet18_temperature_strat_imagesource.stratified_imagesource.json,GF,temperature,,,0.9916083916083916,real,,,0.46153846153846156,gate_planes_resnet18_temperature,0.7702970297029704,0.7506981467377507,0.5290133981633817,0.7506981467377507,0.7215346534653465,0.7215346534653465,0.6872187218721872,0.5349378127181489,0.3203175616915499,0.03109707522476385,0.0018001800180018003,,1,715,715,,imagesource,0.8500000000000001,,
reports/planes/cascade/gate_planes_resnet18_temperature_strat_imagesource.stratified_imagesource.json,GoogleEarth,temperature,,,0.8387096774193549,real,,,0.8564516129032258,gate_planes_resnet18_temperature,0.8673630973611341,0.8569114381177513,0.5989706805890173,0.8361127253967126,0.8134228607571755,0.7790075102689282,0.7267166581225211,0.6017175931059761,0.38247871352728585,0.12287521304601494,0.003100996186672992,,1,3317,3317,,imagesource,0.8500000000000001,,
reports/planes/cascade/gate_planes_resnet18_temperature_strat_imagesource.stratified_imagesource.json,JL,temperature,,,0.983399209486166,real,,,0.3090909090909091,gate_planes_resnet18_temperature,0.2566692740525908,0.2469644638882493,0.1499370470442978,0.24506030808121065,0.23497128282154092,0.21347638750215675,0.16714639506803947,0.10084758261037169,0.029187212838930953,0.0050475635798874,0.0,,1,1265,1265,,imagesource,0.8500000000000001,,
reports/planes/cascade/gate_planes_resnet18_temperature_strat_imagesource.stratified_imagesource.json,unknown,temperature,,,,real,,,,gate_planes_resnet18_temperature,,,,,,,,,,,,,,0,0,1.0,imagesource,0.8500000000000001,,
reports/planes/cascade/gate_planes_resnet18_temperature_strat_imagesource.stratified_imagesource.json,GF,temperature,,,0.9916083916083916,real,,,0.46153846153846156,gate_planes_resnet18_temperature,0.7702970297029704,0.7506981467377507,0.5290133981633817,0.7506981467377507,0.7215346534653465,0.7215346534653465,0.6872187218721872,0.5349378127181489,0.3203175616915499,0.03109707522476385,0.0018001800180018003,,1,715,715,,imagesource,0.9,,
reports/planes/cascade/gate_planes_resnet18_temperature_strat_imagesource.stratified_imagesource.json,GoogleEarth,temperature,,,0.8423274042809767,real,,,0.8387096774193549,gate_planes_resnet18_temperature,0.8578653174592489,0.8564290038880671,0.5953018506695443,0.8355896014710137,0.8041942639696944,0.7700738305139809,0.7183905506538455,0.6016328173159852,0.38272385741155274,0.12301826782538158,0.003100996186672992,,1,3317,3317,,imagesource,0.9,,
reports/planes/cascade/gate_planes_resnet18_temperature_strat_imagesource.stratified_imagesource.json,JL,temperature,,,0.9881422924901185,real,,,0.21818181818181817,gate_planes_resnet18_temperature,0.1188118811881188,0.11834040546911834,0.06984605875677016,0.1081292339760292,0.1081292339760292,0.10753864860170226,0.07776040761970933,0.045565147647769706,0.01088529905622141,0.0033003300330033,0.0,,1,1265,1265,,imagesource,0.9,,
reports/planes/cascade/gate_planes_resnet18_temperature_strat_imagesource.stratified_imagesource.json,unknown,temperature,,,,real,,,,gate_planes_resnet18_temperature,,,,,,,,,,,,,,0,0,1.0,imagesource,0.9,,
reports/planes/cascade/gate_planes_resnet18_temperature_strat_imagesource.stratified_imagesource.json,GF,temperature,,,0.993006993006993,real,,,0.38461538461538464,gate_planes_resnet18_temperature,0.5815528921313184,0.5617754083100618,0.40643427497752666,0.5617754083100618,0.544004400440044,0.544004400440044,0.5085508550855085,0.4436138613861386,0.2842778690824548,0.030827258550030826,0.0039603960396039604,,1,715,715,,imagesource,0.9500000000000001,,
reports/planes/cascade/gate_planes_resnet18_temperature_strat_imagesource.stratified_imagesource.json,GoogleEarth,temperature,,,0.8543864938197167,real,,,0.7774193548387097,gate_planes_resnet18_temperature,0.8183867486740521,0.8171661805420344,0.5706896618910037,0.7964015748900192,0.773862064854491,0.7404314382262046,0.6896900151890389,0.5755520288758422,0.3696130335054495,0.12269253796623238,0.003100996186672992,,1,3317,3317,,imagesource,0.9500000000000001,,
reports/planes/cascade/gate_planes_resnet18_temperature_strat_imagesource.stratified_imagesource.json,JL,temperature,,,0.9920948616600791,real,,,0.16363636363636364,gate_planes_resnet18_temperature,0.09900990099009901,0.09871869539895166,0.06089625972627081,0.08815075055892685,0.08815075055892685,0.08815075055892685,0.08316361590076057,0.04873533571844579,0.01158246754466718,0.0033003300330033,0.0,,1,1265,1265,,imagesource,0.9500000000000001,,
reports/planes/cascade/gate_planes_resnet18_temperature_strat_imagesource.stratified_imagesource.json,unknown,temperature,,,,real,,,,gate_planes_resnet18_temperature,,,,,,,,,,,,,,0,0,1.0,imagesource,0.9500000000000001,,
reports/planes/cascade/gate_planes_resnet18_temperature_strat_imagesource.stratified_imagesource.json,GF,temperature,,,1.0,real,,,0.0,gate_planes_resnet18_temperature,0.0,0.0,0.0,0.0,0.0,0.0,0.0,0.0,0.0,0.0,0.0,,1,715,715,,imagesource,1.0,,
reports/planes/cascade/gate_planes_resnet18_temperature_strat_imagesource.stratified_imagesource.json,GoogleEarth,temperature,,,1.0,real,,,0.0,gate_planes_resnet18_temperature,0.0,0.0,0.0,0.0,0.0,0.0,0.0,0.0,0.0,0.0,0.0,,1,3317,3317,,imagesource,1.0,,
reports/planes/cascade/gate_planes_resnet18_temperature_strat_imagesource.stratified_imagesource.json,JL,temperature,,,1.0,real,,,0.0,gate_planes_resnet18_temperature,0.0,0.0,0.0,0.0,0.0,0.0,0.0,0.0,0.0,0.0,0.0,,1,1265,1265,,imagesource,1.0,,
reports/planes/cascade/gate_planes_resnet18_temperature_strat_imagesource.stratified_imagesource.json,unknown,temperature,,,,real,,,,gate_planes_resnet18_temperature,,,,,,,,,,,,,,0,0,1.0,imagesource,1.0,,
reports/planes/cascade/gate_planes_resnet18_temperature_strat_size_bucket.json,,temperature,482027.0,116534.0,0.0,real,9534.6,10594.0,1.0,gate_planes_resnet18_temperature,0.9151257181537812,0.9042543353094928,0.6147766168169208,0.8824830057045369,0.8495621943679953,0.8022978286195456,0.7266642488263374,0.5877920368187324,0.36292315389451707,0.11358925181370712,0.003074394660561391,5297,1,,5297,,,0.0,491561.6,127128.0
reports/planes/cascade/gate_planes_resnet18_temperature_strat_size_bucket.json,,temperature,100100.0,24200.0,0.7923352841230885,real,9534.6,10594.0,0.9418604651162791,gate_planes_resnet18_temperature,0.8865130550215763,0.8759123795259441,0.6007191983803883,0.8544777922989625,0.8306599556714435,0.7852535857396962,0.7115122511341279,0.5818270914488635,0.3638986157089605,0.11406286259374719,0.003074394660561391,1100,1,,5297,,,0.05,109634.6,34794.0
reports/planes/cascade/gate_planes_resnet18_temperature_strat_size_bucket.json,,temperature,80717.0,19514.0,0.8325467245610723,real,9534.6,10594.0,0.9273255813953488,gate_planes_resnet18_temperature,0.8864411561874923,0.8758231944507304,0.5998358333705075,0.8544276354398781,0.8221291387607705,0.7852171395007748,0.7115007114585572,0.5817703084836925,0.36391108075321177,0.11406357400940555,0.003074394660561391,887,1,,5297,,,0.1,90251.6,30108.0
reports/planes/cascade/gate_planes_resnet18_temperature_strat_size_bucket.json,,temperature,72527.0,17534.0,0.8495374740419105,real,9534.6,10594.0,0.9098837209302325,gate_planes_resnet18_temperature,0.8667587783912595,0.8561295175803654,0.5894113397179492,0.8348790843983648,0.8031774471150637,0.7681851759482092,0.7058683051561351,0.5790873172576608,0.36227136507248997,0.11468039003290058,0.0030760162270417834,797,1,,5297,,,0.15000000000000002,82061.6,28128.0
reports/planes/cascade/gate_planes_resnet18_temperature_strat_size_bucket.json,,temperature,68796.0,16632.0,0.8572777043609591,real,9534.6,10594.0,0.9040697674418605,gate_planes_resnet18_temperature,0.8666895170308214,0.8561070812416899,0.5894291571128277,0.8348494928300054,0.8031427503652926,0.7680905138810998,0.7060143784149399,0.5792778883191371,0.3623504934277309,0.11469343939051743,0.0030760162270417834,756,1,,5297,,,0.2,78330.6,27226.0
reports/planes/cascade/gate_planes_resnet18_temperature_strat_size_bucket.json,,temperature,65520.0,15840.0,0.8640740041532944,real,9534.6,10594.0,0.8968023255813954,gate_planes_resnet18_temperature,0.8574014134628117,0.846865769278124,0.5866168933571865,0.8257429333602472,0.8029781885641221,0.7679561329271014,0.7058706147530778,0.5792218319544947,0.3623625253673981,0.11469350767744627,0.0030760162270417834,720,1,,5297,,,0.25,75054.6,26434.0
reports/planes/cascade/gate_planes_resnet18_temperature_strat_size_bucket.json,,temperature,63245.0,15290.0,0.8687936567868605,real,9534.6,10594.0,0.8895348837209303,gate_planes_resnet18_temperature,0.8572660410364512,0.8467249512710016,0.5865808678381088,0.8256167720735464,0.8028252612530379,0.7679318511240666,0.7059389584536496,0.5793160270782894,0.36241282709184874,0.1146999727721554,0.0030760162270417834,695,1,,5297,,,0.30000000000000004,72779.6,25884.0
reports/planes/cascade/gate_planes_resnet18_temperature_strat_size_bucket.json,,temperature,61243.0,14806.0,0.8729469511043987,real,9534.6,10594.0,0.8851744186046512,gate_planes_resnet18_temperature,0.8572028073816989,0.8467014699056777,0.5865586567124653,0.825571783676216,0.8028026524268792,0.7678960630345484,0.7059213749524594,0.5792874531162081,0.36242531030835373,0.11470163609557013,0.0030760162270417834,673,1,,5297,,,0.35000000000000003,70777.6,25400.0
reports/planes/cascade/gate_planes_resnet18_temperature_strat_size_bucket.json,,temperature,59696.0,14432.0,0.8761563148952237,real,9534.6,10594.0,0.877906976744186,gate_planes_resnet18_temperature,0.8571816665246652,0.8466831013879592,0.5865634732793261,0.8255427243777834,0.8027566895173843,0.7678889511153911,0.7059996803943874,0.5793523485542791,0.3624490615130095,0.11470449318135999,0.0030760162270417834,656,1,,5297,,,0.4,69230.6,25026.0
reports/planes/cascade/gate_planes_resnet18_temperature_strat_size_bucket.json,,temperature,58695.0,14190.0,0.8782329620539928,real,9534.6,10594.0,0.873546511627907,gate_planes_resnet18_temperature,0.8571560448142604,0.846649255689604,0.5865451802992817,0.8255256175650145,0.8026817148883868,0.7678558372727301,0.7060014132871306,0.5793523485542791,0.3624490615130095,0.11470449318135999,0.0030760162270417834,645,1,,5297,,,0.45,68229.6,24784.0
reports/planes/cascade/gate_planes_resnet18_temperature_strat_size_bucket.json,,temperature,57876.0,13992.0,0.8799320370020767,real,9534.6,10594.0,0.8706395348837209,gate_planes_resnet18_temperature,0.8568586530345527,0.8463826864555094,0.5846653261950744,0.8252908450014117,0.7937996019443189,0.7592055166514114,0.7057717840345465,0.5790941649608456,0.36244382197497893,0.11473017166612602,0.0030760162270417834,636,1,,5297,,,0.5,67410.6,24586.0
reports/planes/cascade/gate_planes_resnet18_temperature_strat_size_bucket.json,,temperature,56420.0,13640.0,0.882952614687559,real,9534.6,10594.0,0.8633720930232558,gate_planes_resnet18_temperature,0.8477566643598421,0.8462930303297742,0.5837504930272727,0.8252062473237829,0.7938621711719226,0.7592428009313744,0.7057634276300604,0.5790984985539583,0.36247273472601754,0.11473333901895191,0.0030760162270417834,620,1,,5297,,,0.55,65954.6,24234.0
reports/planes/cascade/gate_planes_resnet18_temperature_strat_size_bucket.json,,temperature,55965.0,13530.0,0.8838965452142722,real,9534.6,10594.0,0.8604651162790697,gate_planes_resnet18_temperature,0.8475728350187804,0.837107658537362,0.5817298908673432,0.8161490698682342,0.7935900913065121,0.7589719614466748,0.7050986379941295,0.5786456280286477,0.3623906866207028,0.11469632362534665,0.0030760162270417834,615,1,,5297,,,0.6000000000000001,65499.6,24124.0
reports/planes/cascade/gate_planes_resnet18_temperature_strat_size_bucket.json,,temperature,55328.0,13376.0,0.8852180479516708,real,9534.6,10594.0,0.8561046511627907,gate_planes_resnet18_temperature,0.8472706178457893,0.8368091529155245,0.5808032610219329,0.8158270540155816,0.7932259127522628,0.7584940857728127,0.6973226518449676,0.5787155880880974,0.3625453029582064,0.11474622779904448,0.0030760162270417834,608,1,,5297,,,0.65,64862.6,23970.0
reports/planes/cascade/gate_planes_resnet18_temperature_strat_size_bucket.json,,temperature,54691.0,13222.0,0.8865395506890693,real,9534.6,10594.0,0.8502906976744186,gate_planes_resnet18_temperature,0.837869156133526,0.8363983627523609,0.5770984609308453,0.8154006373199412,0.7840540069221167,0.7494911560792139,0.6969553380758485,0.5714159648492231,0.36170808452597764,0.11461588642320286,0.0030760162270417834,601,1,,5297,,,0.7000000000000001,64225.6,23816.0
reports/planes/cascade/gate_planes_resnet18_temperature_strat_size_bucket.json,,temperature,53599.0,12958.0,0.8888049839531811,real,9534.6,10594.0,0.8357558139534884,gate_planes_resnet18_temperature,0.8377390714400269,0.8273029122318493,0.5752028308265805,0.8063571493799085,0.7838483726910481,0.7493928791996073,0.6969077893673337,0.5713750659209919,0.3615443848072985,0.11448303982326123,0.0030776434044788564,589,1,,5297,,,0.75,63133.6,23552.0
reports/planes/cascade/gate_planes_resnet18_temperature_strat_size_bucket.json,,temperature,52507.0,12694.0,0.8910704172172929,real,9534.6,10594.0,0.8255813953488372,gate_planes_resnet18_temperature,0.8373304968164574,0.8268814529059086,0.5741919235819577,0.8061524164741731,0.7835004051870481,0.7491711054346427,0.6886244888243312,0.5713278023376951,0.36131942131571954,0.11453400311912254,0.0030776434044788564,577,1,,5297,,,0.8,62041.6,23288.0
reports/planes/cascade/gate_planes_resnet18_temperature_strat_size_bucket.json,,temperature,51142.0,12364.0,0.8939022087974325,real,9534.6,10594.0,0.8052325581395349,gate_planes_resnet18_temperature,0.8275528777045497,0.8171162582958397,0.5689343838197768,0.7964166712722345,0.7738910141713443,0.7398324714823515,0.6880545774172997,0.5714769683203019,0.35697704420354415,0.11494009084610332,0.0030858644842001906,562,1,,5297,,,0.8500000000000001,60676.6,22958.0
reports/planes/cascade/gate_planes_resnet18_temperature_strat_size_bucket.json,,temperature,49504.0,11968.0,0.8973003586936001,real,9534.6,10594.0,0.7819767441860465,gate_planes_resnet18_temperature,0.8084344743951211,0.7980379694166222,0.5604844126521888,0.7862827367559809,0.7637537350022118,0.7302139632378095,0.6787798885545382,0.5641451920695539,0.3570273237975546,0.11508297880829622,0.0030858644842001906,544,1,,5297,,,0.9,59038.6,22562.0
reports/planes/cascade/gate_planes_resnet18_temperature_strat_size_bucket.json,,temperature,45318.0,10956.0,0.9059845195393619,real,9534.6,10594.0,0.7209302325581395,gate_planes_resnet18_temperature,0.7688718879445677,0.7587666136396796,0.5331754568100011,0.7470432215384861,0.7249259218271572,0.6919910082881898,0.6422822324260354,0.5383919184762742,0.34421447221434603,0.11217809851566032,0.0030891932296145033,498,1,,5297,,,0.9500000000000001,54852.6,21550.0
reports/planes/cascade/gate_planes_resnet18_temperature_strat_size_bucket.json,,temperature,0.0,0.0,1.0,real,9534.6,10594.0,0.0,gate_planes_resnet18_temperature,0.0,0.0,0.0,0.0,0.0,0.0,0.0,0.0,0.0,0.0,0.0,0,1,,5297,,,1.0,9534.6,10594.0
reports/planes/cascade/gate_planes_resnet18_temperature_strat_size_bucket.stratified_size_bucket.json,32-96px,temperature,,,0.0,real,,,1.0,gate_planes_resnet18_temperature,0.947296132321975,0.9372044514880709,0.6174940338610219,0.9164749197091758,0.8931103139894058,0.8403773703862077,0.7391087560976313,0.5809307172764882,0.2797725700926557,0.04041654682771216,0.000248560420895646,,1,1124,1124,,size_bucket,0.0,,
reports/planes/cascade/gate_planes_resnet18_temperature_strat_size_bucket.stratified_size_bucket.json,96-256px,temperature,,,0.0,real,,,1.0,gate_planes_resnet18_temperature,0.9469954087196066,0.9365019286828288,0.6777770725009995,0.9257509181692238,0.9048372333212464,0.8793395183008634,0.8219004578891052,0.7017698552471212,0.47900120767953197,0.17738424146258908,0.0042899555378780345,,1,1214,1214,,size_bucket,0.0,,
reports/planes/cascade/gate_planes_resnet18_temperature_strat_size_bucket.stratified_size_bucket.json,<32px,temperature,,,0.0,real,,,1.0,gate_planes_resnet18_temperature,0.27403460879055,0.26166606242353607,0.11342455911698106,0.25119253190182134,0.185050578700762,0.09639239736634042,0.05233067921606665,0.011598534750932026,0.0009900990099009901,0.0009900990099009901,0.0,,1,2035,2035,,size_bucket,0.0,,
reports/planes/cascade/gate_planes_resnet18_temperature_strat_size_bucket.stratified_size_bucket.json,>256px,temperature,,,0.0,real,,,1.0,gate_planes_resnet18_temperature,0.8553060662160947,0.8324347389574979,0.46988814778162713,0.7633663529553385,0.6784453105022665,0.5881759385517118,0.4717281924596085,0.30836010701153593,0.14921487503506564,0.04194890602814154,0.009900990099009901,,1,924,924,,size_bucket,0.0,,
reports/planes/cascade/gate_planes_resnet18_temperature_strat_size_bucket.stratified_size_bucket.json,32-96px,temperature,,,0.8211743772241993,real,,,0.8073394495412844,gate_planes_resnet18_temperature,0.8694021667301239,0.8595783250979249,0.5810367452740466,0.8485627125519881,0.8358536223467915,0.798611887290428,0.7127828937645224,0.5673255138836553,0.27738374546173133,0.040608298915065205,0.0002582866982350409,,1,1124,1124,,size_bucket,0.05,,
reports/planes/cascade/gate_planes_resnet18_temperature_strat_size_bucket.stratified_size_bucket.json,96-256px,temperature,,,0.7116968698517299,real,,,0.9829351535836177,gate_planes_resnet18_temperature,0.9468059416195864,0.9363637930987116,0.6776092083180777,0.9255074366596556,0.9046378961820318,0.8789244827861621,0.8217066233196113,0.7014574185318395,0.47900777391329696,0.17739076153200375,0.0042899555378780345,,1,1214,1214,,size_bucket,0.05,,
reports/planes/cascade/gate_planes_resnet18_temperature_strat_size_bucket.stratified_size_bucket.json,<32px,temperature,,,0.8702702702702703,real,,,0.631578947368421,gate_planes_resnet18_temperature,0.1953666864053047,0.1953666864053047,0.08557233008486896,0.19022862652939249,0.13996829987701548,0.07146128000223957,0.04985537399466917,0.011001100110011002,0.0012376237623762376,0.0012376237623762376,0.0,,1,2035,2035,,size_bucket,0.05,,
reports/planes/cascade/gate_planes_resnet18_temperature_strat_size_bucket.stratified_size_bucket.json,>256px,temperature,,,0.6915584415584416,real,,,0.9737827715355806,gate_planes_resnet18_temperature,0.8553060662160947,0.8324347389574979,0.46988814778162713,0.7633663529553385,0.6784453105022665,0.5881759385517118,0.4717281924596085,0.30836010701153593,0.14921487503506564,0.04194890602814154,0.009900990099009901,,1,924,924,,size_bucket,0.05,,
reports/planes/cascade/gate_planes_resnet18_temperature_strat_size_bucket.stratified_size_bucket.json,32-96px,temperature,,,0.8692170818505338,real,,,0.7981651376146789,gate_planes_resnet18_temperature,0.8694021667301239,0.8595783250979249,0.5810367452740466,0.8485627125519881,0.8358536223467915,0.798611887290428,0.7127828937645224,0.5673255138836553,0.27738374546173133,0.040608298915065205,0.0002582866982350409,,1,1124,1124,,size_bucket,0.1,,
reports/planes/cascade/gate_planes_resnet18_temperature_strat_size_bucket.stratified_size_bucket.json,96-256px,temperature,,,0.7405271828665568,real,,,0.9658703071672355,gate_planes_resnet18_temperature,0.9468147224563611,0.9363202168091325,0.6768843609147964,0.9254994176994689,0.9046144724140796,0.8788556823329433,0.821656479603604,0.6943873209742979,0.47901327253586656,0.17739206878433178,0.0042899555378780345,,1,1214,1214,,size_bucket,0.1,,
reports/planes/cascade/gate_planes_resnet18_temperature_strat_size_bucket.stratified_size_bucket.json,<32px,temperature,,,0.9267813267813267,real,,,0.42105263157894735,gate_planes_resnet18_temperature,0.15931528754416702,0.15931528754416702,0.0718298383471627,0.15597740869585722,0.12748241457108297,0.06047223912796078,0.04225939835362846,0.011001100110011002,0.0012376237623762376,0.0012376237623762376,0.0,,1,2035,2035,,size_bucket,0.1,,
reports/planes/cascade/gate_planes_resnet18_temperature_strat_size_bucket.stratified_size_bucket.json,>256px,temperature,,,0.7012987012987013,real,,,0.9737827715355806,gate_planes_resnet18_temperature,0.8553060662160947,0.8324347389574979,0.46988814778162713,0.7633663529553385,0.6784453105022665,0.5881759385517118,0.4717281924596085,0.30836010701153593,0.14921487503506564,0.04194890602814154,0.009900990099009901,,1,924,924,,size_bucket,0.1,,
reports/planes/cascade/gate_planes_resnet18_temperature_strat_size_bucket.stratified_size_bucket.json,32-96px,temperature,,,0.8887900355871886,real,,,0.7431192660550459,gate_planes_resnet18_temperature,0.8006830840380444,0.7908608229349133,0.5495621077854356,0.780401015972702,0.7694707947104698,0.7472976980002302,0.6932050976685374,0.576153708325062,0.29416862392925075,0.043105204772395316,0.000275027502750275,,1,1124,1124,,size_bucket,0.15000000000000002,,
reports/planes/cascade/gate_planes_resnet18_temperature_strat_size_bucket.stratified_size_bucket.json,96-256px,temperature,,,0.7512355848434926,real,,,0.9522184300341296,gate_planes_resnet18_temperature,0.9467488014511152,0.9362989734029246,0.676126033961266,0.9254373909564243,0.9045218425318053,0.8707418645493579,0.8220006396197105,0.6946456889825218,0.4791529772916548,0.17742220528926728,0.0042899555378780345,,1,1214,1214,,size_bucket,0.15000000000000002,,
reports/planes/cascade/gate_planes_resnet18_temperature_strat_size_bucket.stratified_size_bucket.json,<32px,temperature,,,0.9498771498771499,real,,,0.3684210526315789,gate_planes_resnet18_temperature,0.10339085177102067,0.10339085177102067,0.050981478844393815,0.10339085177102067,0.08361227202228949,0.058499256519058504,0.03946955781551006,0.015232292460015234,0.0014144271570014143,0.0014144271570014143,0.0,,1,2035,2035,,size_bucket,0.15000000000000002,,
reports/planes/cascade/gate_planes_resnet18_temperature_strat_size_bucket.stratified_size_bucket.json,>256px,temperature,,,0.70995670995671,real,,,0.9700374531835206,gate_planes_resnet18_temperature,0.8552336276335109,0.8323429063594648,0.4691107107549361,0.7632888942083971,0.6712062820448778,0.5881071214854006,0.47163979754181534,0.30823270996243574,0.14920587218630707,0.04194890602814154,0.009900990099009901,,1,924,924,,size_bucket,0.15000000000000002,,
reports/planes/cascade/gate_planes_resnet18_temperature_strat_size_bucket.stratified_size_bucket.json,32-96px,temperature,,,0.9012455516014235,real,,,0.7155963302752294,gate_planes_resnet18_temperature,0.8007417558829939,0.7909420592224228,0.5498081794554295,0.7804135663259467,0.7695037279658785,0.74722637557936,0.6939622569659805,0.5771460430453107,0.2946833312960599,0.04318765076759069,0.000275027502750275,,1,1124,1124,,size_bucket,0.2,,
reports/planes/cascade/gate_planes_resnet18_temperature_strat_size_bucket.stratified_size_bucket.json,96-256px,temperature,,,0.7561779242174629,real,,,0.9522184300341296,gate_planes_resnet18_temperature,0.9467488014511152,0.9362989734029246,0.676126033961266,0.9254373909564243,0.9045218425318053,0.8707418645493579,0.8220006396197105,0.6946456889825218,0.4791529772916548,0.17742220528926728,0.0042899555378780345,,1,1214,1214,,size_bucket,0.2,,
reports/planes/cascade/gate_planes_resnet18_temperature_strat_size_bucket.stratified_size_bucket.json,<32px,temperature,,,0.9582309582309583,real,,,0.3684210526315789,gate_planes_resnet18_temperature,0.10339085177102067,0.10339085177102067,0.050981478844393815,0.10339085177102067,0.08361227202228949,0.058499256519058504,0.03946955781551006,0.015232292460015234,0.0014144271570014143,0.0014144271570014143,0.0,,1,2035,2035,,size_bucket,0.2,,
reports/planes/cascade/gate_planes_resnet18_temperature_strat_size_bucket.stratified_size_bucket.json,>256px,temperature,,,0.7142857142857143,real,,,0.9662921348314607,gate_planes_resnet18_temperature,0.8463613007269837,0.8324917484841698,0.46827309958712365,0.7633719111500351,0.6713147559411343,0.5881825153328152,0.47169081587041,0.30825788144149757,0.14921017079703908,0.04194890602814154,0.009900990099009901,,1,924,924,,size_bucket,0.2,,
reports/planes/cascade/gate_planes_resnet18_temperature_strat_size_bucket.stratified_size_bucket.json,32-96px,temperature,,,0.9092526690391459,real,,,0.7064220183486238,gate_planes_resnet18_temperature,0.8007258879104373,0.7909420592224228,0.5498065926581738,0.7804135663259467,0.7695037279658785,0.74722637557936,0.6939622569659805,0.5771460430453107,0.2946833312960599,0.04318765076759069,0.000275027502750275,,1,1124,1124,,size_bucket,0.25,,
reports/planes/cascade/gate_planes_resnet18_temperature_strat_size_bucket.stratified_size_bucket.json,96-256px,temperature,,,0.7602965403624382,real,,,0.9488054607508533,gate_planes_resnet18_temperature,0.9467488014511152,0.9362989734029246,0.676126033961266,0.9254373909564243,0.9045218425318053,0.8707418645493579,0.8220006396197105,0.6946456889825218,0.4791529772916548,0.17742220528926728,0.0042899555378780345,,1,1214,1214,,size_bucket,0.25,,
reports/planes/cascade/gate_planes_resnet18_temperature_strat_size_bucket.stratified_size_bucket.json,<32px,temperature,,,0.9675675675675676,real,,,0.21052631578947367,gate_planes_resnet18_temperature,0.0,0.0,0.0,0.0,0.0,0.0,0.0,0.0,0.0,0.0,0.0,,1,2035,2035,,size_bucket,0.25,,
reports/planes/cascade/gate_planes_resnet18_temperature_strat_size_bucket.stratified_size_bucket.json,>256px,temperature,,,0.7175324675324676,real,,,0.9662921348314607,gate_planes_resnet18_temperature,0.8463613007269837,0.8324917484841698,0.46827309958712365,0.7633719111500351,0.6713147559411343,0.5881825153328152,0.47169081587041,0.30825788144149757,0.14921017079703908,0.04194890602814154,0.009900990099009901,,1,924,924,,size_bucket,0.25,,
reports/planes/cascade/gate_planes_resnet18_temperature_strat_size_bucket.stratified_size_bucket.json,32-96px,temperature,,,0.9190391459074733,real,,,0.6788990825688074,gate_planes_resnet18_temperature,0.7909073460918227,0.781126095242146,0.5460640621314281,0.7708764766809059,0.7599880966086197,0.7472833310133337,0.6943745332739076,0.5776596556573793,0.2949463227524941,0.04320373649092049,0.000275027502750275,,1,1124,1124,,size_bucket,0.30000000000000004,,
reports/planes/cascade/gate_planes_resnet18_temperature_strat_size_bucket.stratified_size_bucket.json,96-256px,temperature,,,0.7627677100494233,real,,,0.9488054607508533,gate_planes_resnet18_temperature,0.9467488014511152,0.9362989734029246,0.676126033961266,0.9254373909564243,0.9045218425318053,0.8707418645493579,0.8220006396197105,0.6946456889825218,0.4791529772916548,0.17742220528926728,0.0042899555378780345,,1,1214,1214,,size_bucket,0.30000000000000004,,
reports/planes/cascade/gate_planes_resnet18_temperature_strat_size_bucket.stratified_size_bucket.json,<32px,temperature,,,0.9714987714987715,real,,,0.21052631578947367,gate_planes_resnet18_temperature,0.0,0.0,0.0,0.0,0.0,0.0,0.0,0.0,0.0,0.0,0.0,,1,2035,2035,,size_bucket,0.30000000000000004,,
reports/planes/cascade/gate_planes_resnet18_temperature_strat_size_bucket.stratified_size_bucket.json,>256px,temperature,,,0.7207792207792207,real,,,0.9588014981273408,gate_planes_resnet18_temperature,0.8463711258630724,0.8325008849805466,0.46827585622223983,0.7633805158687309,0.6713147559411343,0.5881825153328152,0.47169081587041,0.30825788144149757,0.14921017079703908,0.04194890602814154,0.009900990099009901,,1,924,924,,size_bucket,0.30000000000000004,,
reports/planes/cascade/gate_planes_resnet18_temperature_strat_size_bucket.stratified_size_bucket.json,32-96px,temperature,,,0.9225978647686833,real,,,0.6697247706422018,gate_planes_resnet18_temperature,0.7812532780111524,0.7811170104267608,0.5450776663203215,0.7708341703551267,0.7599365129390134,0.7472642817327834,0.6942760788167303,0.577594615993544,0.2950162880600103,0.04320939936534395,0.000275027502750275,,1,1124,1124,,size_bucket,0.35000000000000003,,
reports/planes/cascade/gate_planes_resnet18_temperature_strat_size_bucket.stratified_size_bucket.json,96-256px,temperature,,,0.7652388797364086,real,,,0.9488054607508533,gate_planes_resnet18_temperature,0.9467488014511152,0.9362989734029246,0.676126033961266,0.9254373909564243,0.9045218425318053,0.8707418645493579,0.8220006396197105,0.6946456889825218,0.4791529772916548,0.17742220528926728,0.0042899555378780345,,1,1214,1214,,size_bucket,0.35000000000000003,,
reports/planes/cascade/gate_planes_resnet18_temperature_strat_size_bucket.stratified_size_bucket.json,<32px,temperature,,,0.9773955773955774,real,,,0.21052631578947367,gate_planes_resnet18_temperature,0.0,0.0,0.0,0.0,0.0,0.0,0.0,0.0,0.0,0.0,0.0,,1,2035,2035,,size_bucket,0.35000000000000003,,
reports/planes/cascade/gate_planes_resnet18_temperature_strat_size_bucket.stratified_size_bucket.json,>256px,temperature,,,0.724025974025974,real,,,0.951310861423221,gate_planes_resnet18_temperature,0.8463914925293484,0.8325553326223291,0.46826564588822644,0.7633620491262643,0.6711949950064454,0.588034846991904,0.47175907437550163,0.30828996927825203,0.1492188028250677,0.04194890602814154,0.009900990099009901,,1,924,924,,size_bucket,0.35000000000000003,,
reports/planes/cascade/gate_planes_resnet18_temperature_strat_size_bucket.stratified_size_bucket.json,32-96px,temperature,,,0.9252669039145908,real,,,0.6513761467889908,gate_planes_resnet18_temperature,0.7813335798916605,0.7811987121595639,0.5451980377367761,0.7708852700637142,0.7599861874086365,0.7472911117298133,0.6947218983908872,0.5779250401181798,0.2951440888901615,0.04321946121239303,0.000275027502750275,,1,1124,1124,,size_bucket,0.4,,
reports/planes/cascade/gate_planes_resnet18_temperature_strat_size_bucket.stratified_size_bucket.json,96-256px,temperature,,,0.770181219110379,real,,,0.9385665529010239,gate_planes_resnet18_temperature,0.9466619928011202,0.9362594317920816,0.6752226100768249,0.9165547587047447,0.9044836196635929,0.8707485248996869,0.8220069458057011,0.6946456889825218,0.4791529772916548,0.17742220528926728,0.0042899555378780345,,1,1214,1214,,size_bucket,0.4,,
reports/planes/cascade/gate_planes_resnet18_temperature_strat_size_bucket.stratified_size_bucket.json,<32px,temperature,,,0.9813267813267813,real,,,0.21052631578947367,gate_planes_resnet18_temperature,0.0,0.0,0.0,0.0,0.0,0.0,0.0,0.0,0.0,0.0,0.0,,1,2035,2035,,size_bucket,0.4,,
reports/planes/cascade/gate_planes_resnet18_temperature_strat_size_bucket.stratified_size_bucket.json,>256px,temperature,,,0.724025974025974,real,,,0.951310861423221,gate_planes_resnet18_temperature,0.8463914925293484,0.8325553326223291,0.46826564588822644,0.7633620491262643,0.6711949950064454,0.588034846991904,0.47175907437550163,0.30828996927825203,0.1492188028250677,0.04194890602814154,0.009900990099009901,,1,924,924,,size_bucket,0.4,,
reports/planes/cascade/gate_planes_resnet18_temperature_strat_size_bucket.stratified_size_bucket.json,32-96px,temperature,,,0.9297153024911032,real,,,0.6330275229357798,gate_planes_resnet18_temperature,0.7813168610856724,0.7811577903385488,0.5433959876879826,0.7708526813295021,0.7599858605368467,0.73808069488981,0.6860023709759611,0.5779250401181798,0.2951440888901615,0.04321946121239303,0.000275027502750275,,1,1124,1124,,size_bucket,0.45,,
reports/planes/cascade/gate_planes_resnet18_temperature_strat_size_bucket.stratified_size_bucket.json,96-256px,temperature,,,0.771004942339374,real,,,0.9385665529010239,gate_planes_resnet18_temperature,0.9466619928011202,0.9362594317920816,0.6752226100768249,0.9165547587047447,0.9044836196635929,0.8707485248996869,0.8220069458057011,0.6946456889825218,0.4791529772916548,0.17742220528926728,0.0042899555378780345,,1,1214,1214,,size_bucket,0.45,,
reports/planes/cascade/gate_planes_resnet18_temperature_strat_size_bucket.stratified_size_bucket.json,<32px,temperature,,,0.9832923832923833,real,,,0.15789473684210525,gate_planes_resnet18_temperature,0.0,0.0,0.0,0.0,0.0,0.0,0.0,0.0,0.0,0.0,0.0,,1,2035,2035,,size_bucket,0.45,,
reports/planes/cascade/gate_planes_resnet18_temperature_strat_size_bucket.stratified_size_bucket.json,>256px,temperature,,,0.7251082251082251,real,,,0.951310861423221,gate_planes_resnet18_temperature,0.8463914925293484,0.8325553326223291,0.46826564588822644,0.7633620491262643,0.6711949950064454,0.588034846991904,0.47175907437550163,0.30828996927825203,0.1492188028250677,0.04194890602814154,0.009900990099009901,,1,924,924,,size_bucket,0.45,,
reports/planes/cascade/gate_planes_resnet18_temperature_strat_size_bucket.stratified_size_bucket.json,32-96px,temperature,,,0.9314946619217082,real,,,0.6238532110091743,gate_planes_resnet18_temperature,0.7714219743750085,0.7713378689446342,0.5386701287103277,0.7611651760562643,0.7502733178266224,0.7379774308806328,0.685796586323639,0.5698687682884639,0.2954080217358598,0.043177115169401564,0.000275027502750275,,1,1124,1124,,size_bucket,0.5,,
reports/planes/cascade/gate_planes_resnet18_temperature_strat_size_bucket.stratified_size_bucket.json,96-256px,temperature,,,0.771004942339374,real,,,0.9385665529010239,gate_planes_resnet18_temperature,0.9466619928011202,0.9362594317920816,0.6752226100768249,0.9165547587047447,0.9044836196635929,0.8707485248996869,0.8220069458057011,0.6946456889825218,0.4791529772916548,0.17742220528926728,0.0042899555378780345,,1,1214,1214,,size_bucket,0.5,,
reports/planes/cascade/gate_planes_resnet18_temperature_strat_size_bucket.stratified_size_bucket.json,<32px,temperature,,,0.9862407862407863,real,,,0.15789473684210525,gate_planes_resnet18_temperature,0.0,0.0,0.0,0.0,0.0,0.0,0.0,0.0,0.0,0.0,0.0,,1,2035,2035,,size_bucket,0.5,,
reports/planes/cascade/gate_planes_resnet18_temperature_strat_size_bucket.stratified_size_bucket.json,>256px,temperature,,,0.7261904761904762,real,,,0.947565543071161,gate_planes_resnet18_temperature,0.8464339798244082,0.8325960382395515,0.46827982464881046,0.7633909106327958,0.6712040378122206,0.5880428556629138,0.4717663170721998,0.30829540829179564,0.1492188028250677,0.04194890602814154,0.009900990099009901,,1,924,924,,size_bucket,0.5,,
reports/planes/cascade/gate_planes_resnet18_temperature_strat_size_bucket.stratified_size_bucket.json,32-96px,temperature,,,0.9359430604982206,real,,,0.6055045871559633,gate_planes_resnet18_temperature,0.7712671876247384,0.7615868939965746,0.5359324305706732,0.7610653322917422,0.7504527073938092,0.7289316994251318,0.6771356157571028,0.5698694423625074,0.2955555945658799,0.043184804786495355,0.000275027502750275,,1,1124,1124,,size_bucket,0.55,,
reports/planes/cascade/gate_planes_resnet18_temperature_strat_size_bucket.stratified_size_bucket.json,96-256px,temperature,,,0.7726523887973641,real,,,0.9351535836177475,gate_planes_resnet18_temperature,0.9466729558476527,0.9362376729925208,0.6752252606161265,0.9165686957607031,0.9044969730261929,0.8707553790216341,0.8220101024112395,0.6946456889825218,0.4791529772916548,0.17742220528926728,0.0042899555378780345,,1,1214,1214,,size_bucket,0.55,,
reports/planes/cascade/gate_planes_resnet18_temperature_strat_size_bucket.stratified_size_bucket.json,<32px,temperature,,,0.9901719901719902,real,,,0.10526315789473684,gate_planes_resnet18_temperature,0.0,0.0,0.0,0.0,0.0,0.0,0.0,0.0,0.0,0.0,0.0,,1,2035,2035,,size_bucket,0.55,,
reports/planes/cascade/gate_planes_resnet18_temperature_strat_size_bucket.stratified_size_bucket.json,>256px,temperature,,,0.7272727272727273,real,,,0.9438202247191011,gate_planes_resnet18_temperature,0.8464339798244082,0.8325960382395515,0.46827982464881046,0.7633909106327958,0.6712040378122206,0.5880428556629138,0.4717663170721998,0.30829540829179564,0.1492188028250677,0.04194890602814154,0.009900990099009901,,1,924,924,,size_bucket,0.55,,
reports/planes/cascade/gate_planes_resnet18_temperature_strat_size_bucket.stratified_size_bucket.json,32-96px,temperature,,,0.9377224199288257,real,,,0.5871559633027523,gate_planes_resnet18_temperature,0.761381073524885,0.7517036693249054,0.5294392084407413,0.7512253522032326,0.7406370478738992,0.7190966725832456,0.6763113971656612,0.5608934350733462,0.290008349454149,0.042860059701338535,0.000275027502750275,,1,1124,1124,,size_bucket,0.6000000000000001,,
reports/planes/cascade/gate_planes_resnet18_temperature_strat_size_bucket.stratified_size_bucket.json,96-256px,temperature,,,0.7726523887973641,real,,,0.9351535836177475,gate_planes_resnet18_temperature,0.9466729558476527,0.9362376729925208,0.6752252606161265,0.9165686957607031,0.9044969730261929,0.8707553790216341,0.8220101024112395,0.6946456889825218,0.4791529772916548,0.17742220528926728,0.0042899555378780345,,1,1214,1214,,size_bucket,0.6000000000000001,,
reports/planes/cascade/gate_planes_resnet18_temperature_strat_size_bucket.stratified_size_bucket.json,<32px,temperature,,,0.9916461916461916,real,,,0.10526315789473684,gate_planes_resnet18_temperature,0.0,0.0,0.0,0.0,0.0,0.0,0.0,0.0,0.0,0.0,0.0,,1,2035,2035,,size_bucket,0.6000000000000001,,
reports/planes/cascade/gate_planes_resnet18_temperature_strat_size_bucket.stratified_size_bucket.json,>256px,temperature,,,0.7272727272727273,real,,,0.9438202247191011,gate_planes_resnet18_temperature,0.8464339798244082,0.8325960382395515,0.46827982464881046,0.7633909106327958,0.6712040378122206,0.5880428556629138,0.4717663170721998,0.30829540829179564,0.1492188028250677,0.04194890602814154,0.009900990099009901,,1,924,924,,size_bucket,0.6000000000000001,,
reports/planes/cascade/gate_planes_resnet18_temperature_strat_size_bucket.stratified_size_bucket.json,32-96px,temperature,,,0.9403914590747331,real,,,0.5688073394495413,gate_planes_resnet18_temperature,0.7417809248917544,0.7417191996939649,0.5221332107758779,0.7317289443878556,0.7306590762242745,0.7091684579873625,0.6679966914516762,0.5629844865545282,0.29174825846694546,0.043271040597667315,0.000275027502750275,,1,1124,1124,,size_bucket,0.65,,
reports/planes/cascade/gate_planes_resnet18_temperature_strat_size_bucket.stratified_size_bucket.json,96-256px,temperature,,,0.7734761120263591,real,,,0.931740614334471,gate_planes_resnet18_temperature,0.9466831126900942,0.9362442394443548,0.6752285802920368,0.9165720768689218,0.904503570044838,0.8707587154088839,0.8220132613619531,0.6946456889825218,0.4791529772916548,0.17742220528926728,0.0042899555378780345,,1,1214,1214,,size_bucket,0.65,,
reports/planes/cascade/gate_planes_resnet18_temperature_strat_size_bucket.stratified_size_bucket.json,<32px,temperature,,,0.9931203931203931,real,,,0.10526315789473684,gate_planes_resnet18_temperature,0.0,0.0,0.0,0.0,0.0,0.0,0.0,0.0,0.0,0.0,0.0,,1,2035,2035,,size_bucket,0.65,,
reports/planes/cascade/gate_planes_resnet18_temperature_strat_size_bucket.stratified_size_bucket.json,>256px,temperature,,,0.7272727272727273,real,,,0.9438202247191011,gate_planes_resnet18_temperature,0.8464339798244082,0.8325960382395515,0.46827982464881046,0.7633909106327958,0.6712040378122206,0.5880428556629138,0.4717663170721998,0.30829540829179564,0.1492188028250677,0.04194890602814154,0.009900990099009901,,1,924,924,,size_bucket,0.65,,
reports/planes/cascade/gate_planes_resnet18_temperature_strat_size_bucket.stratified_size_bucket.json,32-96px,temperature,,,0.9421708185053381,real,,,0.5504587155963303,gate_planes_resnet18_temperature,0.7318674370016734,0.7317703615790236,0.5144088594436057,0.7218044339223678,0.7206733834724547,0.6991291979719993,0.6583821643328125,0.5539000112704211,0.2835499529142288,0.04273662446832498,0.000275027502750275,,1,1124,1124,,size_bucket,0.7000000000000001,,
reports/planes/cascade/gate_planes_resnet18_temperature_strat_size_bucket.stratified_size_bucket.json,96-256px,temperature,,,0.7742998352553542,real,,,0.9283276450511946,gate_planes_resnet18_temperature,0.9465498546502062,0.9361583999160754,0.6752018977226552,0.9164935489928322,0.9043500289398904,0.8706676233078746,0.8221506185838424,0.6947180499996225,0.47914588469163494,0.1774938696635276,0.0042910984810448595,,1,1214,1214,,size_bucket,0.7000000000000001,,
reports/planes/cascade/gate_planes_resnet18_temperature_strat_size_bucket.stratified_size_bucket.json,<32px,temperature,,,0.9945945945945946,real,,,0.10526315789473684,gate_planes_resnet18_temperature,0.0,0.0,0.0,0.0,0.0,0.0,0.0,0.0,0.0,0.0,0.0,,1,2035,2035,,size_bucket,0.7000000000000001,,
reports/planes/cascade/gate_planes_resnet18_temperature_strat_size_bucket.stratified_size_bucket.json,>256px,temperature,,,0.7283549783549783,real,,,0.9400749063670412,gate_planes_resnet18_temperature,0.8465886715436686,0.832747533644435,0.4683387445312685,0.7635025765761974,0.6712778369068797,0.5880898678606182,0.4718002227252243,0.30830770359207416,0.1492231363364361,0.04194890602814154,0.009900990099009901,,1,924,924,,size_bucket,0.7000000000000001,,
reports/planes/cascade/gate_planes_resnet18_temperature_strat_size_bucket.stratified_size_bucket.json,32-96px,temperature,,,0.943950177935943,real,,,0.5412844036697247,gate_planes_resnet18_temperature,0.7318217383400705,0.7317335745064959,0.5134427886473665,0.7217497015487859,0.7111373983146055,0.6990412175429845,0.6584268411427091,0.5539480114325047,0.2835557405616265,0.042738635581131994,0.000275027502750275,,1,1124,1124,,size_bucket,0.75,,
reports/planes/cascade/gate_planes_resnet18_temperature_strat_size_bucket.stratified_size_bucket.json,96-256px,temperature,,,0.7767710049423394,real,,,0.9180887372013652,gate_planes_resnet18_temperature,0.9375028573116888,0.92709884130218,0.6732934785674178,0.9164003778914801,0.9041670216488014,0.8705846698961033,0.8220445225147024,0.6946083550036108,0.4789365607913422,0.17729933460101155,0.0042922447132567685,,1,1214,1214,,size_bucket,0.75,,
reports/planes/cascade/gate_planes_resnet18_temperature_strat_size_bucket.stratified_size_bucket.json,<32px,temperature,,,0.9955773955773956,real,,,0.05263157894736842,gate_planes_resnet18_temperature,0.0,0.0,0.0,0.0,0.0,0.0,0.0,0.0,0.0,0.0,0.0,,1,2035,2035,,size_bucket,0.75,,
reports/planes/cascade/gate_planes_resnet18_temperature_strat_size_bucket.stratified_size_bucket.json,>256px,temperature,,,0.7337662337662337,real,,,0.9213483146067416,gate_planes_resnet18_temperature,0.8458160347075498,0.8232802815215635,0.4654325162044771,0.7541716924736812,0.6693482680848567,0.580886722661166,0.47191636782223745,0.30756978213424013,0.1493552558798331,0.042079766660634184,0.009900990099009901,,1,924,924,,size_bucket,0.75,,
reports/planes/cascade/gate_planes_resnet18_temperature_strat_size_bucket.stratified_size_bucket.json,32-96px,temperature,,,0.947508896797153,real,,,0.5229357798165137,gate_planes_resnet18_temperature,0.7220432941177388,0.7220157124125653,0.5096102159770199,0.7215404910415647,0.7109938410365234,0.6895128600456182,0.6492746291283389,0.5542040691121116,0.28346420215860985,0.04277803321437767,0.000275027502750275,,1,1124,1124,,size_bucket,0.8,,
reports/planes/cascade/gate_planes_resnet18_temperature_strat_size_bucket.stratified_size_bucket.json,96-256px,temperature,,,0.7817133443163097,real,,,0.9044368600682594,gate_planes_resnet18_temperature,0.9369888432490595,0.9264956000429412,0.6713692461618825,0.9159888832907832,0.8951376562744833,0.8702906584144668,0.8135710777266323,0.6946063598475852,0.47896028399537627,0.1773608540642408,0.0042922447132567685,,1,1214,1214,,size_bucket,0.8,,
reports/planes/cascade/gate_planes_resnet18_temperature_strat_size_bucket.stratified_size_bucket.json,<32px,temperature,,,0.9960687960687961,real,,,0.05263157894736842,gate_planes_resnet18_temperature,0.0,0.0,0.0,0.0,0.0,0.0,0.0,0.0,0.0,0.0,0.0,,1,2035,2035,,size_bucket,0.8,,
reports/planes/cascade/gate_planes_resnet18_temperature_strat_size_bucket.stratified_size_bucket.json,>256px,temperature,,,0.7348484848484849,real,,,0.9176029962546817,gate_planes_resnet18_temperature,0.8458160347075498,0.8232802815215635,0.4654325162044771,0.7541716924736812,0.6693482680848567,0.580886722661166,0.47191636782223745,0.30756978213424013,0.1493552558798331,0.042079766660634184,0.009900990099009901,,1,924,924,,size_bucket,0.8,,
reports/planes/cascade/gate_planes_resnet18_temperature_strat_size_bucket.stratified_size_bucket.json,32-96px,temperature,,,0.9555160142348754,real,,,0.44954128440366975,gate_planes_resnet18_temperature,0.7022294097640893,0.6925616987135784,0.49463824614458723,0.6921322656621542,0.6817199187286006,0.6702975137590041,0.6316964427352755,0.5478727443681183,0.2845227893070121,0.04307465090528828,0.000275027502750275,,1,1124,1124,,size_bucket,0.8500000000000001,,
reports/planes/cascade/gate_planes_resnet18_temperature_strat_size_bucket.stratified_size_bucket.json,96-256px,temperature,,,0.7841845140032949,real,,,0.89419795221843,gate_planes_resnet18_temperature,0.9275791307927117,0.9171628723066592,0.6678222902093268,0.9067747856363991,0.8946378407986877,0.8613368538809392,0.8132425665833167,0.6949909438885588,0.4801707019523287,0.17802918054316758,0.004298025710499439,,1,1214,1214,,size_bucket,0.8500000000000001,,
reports/planes/cascade/gate_planes_resnet18_temperature_strat_size_bucket.stratified_size_bucket.json,<32px,temperature,,,0.9965601965601966,real,,,0.0,gate_planes_resnet18_temperature,0.0,0.0,0.0,0.0,0.0,0.0,0.0,0.0,0.0,0.0,0.0,,1,2035,2035,,size_bucket,0.8500000000000001,,
reports/planes/cascade/gate_planes_resnet18_temperature_strat_size_bucket.stratified_size_bucket.json,>256px,temperature,,,0.737012987012987,real,,,0.9101123595505618,gate_planes_resnet18_temperature,0.8455567297202741,0.823355135179475,0.46543267089158996,0.754194075295529,0.6694252392742035,0.5809224338657937,0.47194760633635796,0.30758558586594437,0.14935914661867825,0.042079766660634184,0.009900990099009901,,1,924,924,,size_bucket,0.8500000000000001,,
reports/planes/cascade/gate_planes_resnet18_temperature_strat_size_bucket.stratified_size_bucket.json,32-96px,temperature,,,0.9599644128113879,real,,,0.4036697247706422,gate_planes_resnet18_temperature,0.6629938684580188,0.6629452110875258,0.47447358303962084,0.66262371804586,0.6522930561933984,0.6411574183156332,0.6126035927423962,0.5306122488048753,0.27819834745260147,0.0410333417931479,0.000275027502750275,,1,1124,1124,,size_bucket,0.9,,
reports/planes/cascade/gate_planes_resnet18_temperature_strat_size_bucket.stratified_size_bucket.json,96-256px,temperature,,,0.7899505766062603,real,,,0.8703071672354948,gate_planes_resnet18_temperature,0.9270936937612632,0.9166235478856647,0.6641024704401488,0.8972289410641979,0.8852881108179841,0.8604237145349785,0.8040652998108698,0.6874468518314044,0.48029433865803145,0.1782610140586465,0.00429919197844825,,1,1214,1214,,size_bucket,0.9,,
reports/planes/cascade/gate_planes_resnet18_temperature_strat_size_bucket.stratified_size_bucket.json,<32px,temperature,,,0.9975429975429976,real,,,0.0,gate_planes_resnet18_temperature,0.0,0.0,0.0,0.0,0.0,0.0,0.0,0.0,0.0,0.0,0.0,,1,2035,2035,,size_bucket,0.9,,
reports/planes/cascade/gate_planes_resnet18_temperature_strat_size_bucket.stratified_size_bucket.json,>256px,temperature,,,0.7413419913419913,real,,,0.8951310861423221,gate_planes_resnet18_temperature,0.8363859419339238,0.8142944482763688,0.46160095141029434,0.7457485680592446,0.6613962029935854,0.5813582708278952,0.4718633433941159,0.3038612126839534,0.1490867931846347,0.04211374265021173,0.009900990099009901,,1,924,924,,size_bucket,0.9,,
reports/planes/cascade/gate_planes_resnet18_temperature_strat_size_bucket.stratified_size_bucket.json,32-96px,temperature,,,0.9661921708185054,real,,,0.3394495412844037,gate_planes_resnet18_temperature,0.5640418809919029,0.5640301360451663,0.40636218995530704,0.5637622518581747,0.563129465110644,0.552390116175919,0.5256939058951505,0.45688466489405505,0.23850202554083963,0.03488893072667532,0.0002985223145430121,,1,1124,1124,,size_bucket,0.9500000000000001,,
reports/planes/cascade/gate_planes_resnet18_temperature_strat_size_bucket.stratified_size_bucket.json,96-256px,temperature,,,0.8088962108731467,real,,,0.7918088737201365,gate_planes_resnet18_temperature,0.8981955775273653,0.8971250394618523,0.6522595876936748,0.8866143869894845,0.8661768148565318,0.8419843772238882,0.7949699218344652,0.6797982817181066,0.47500496616466775,0.17842379997690233,0.004302711183483294,,1,1214,1214,,size_bucket,0.9500000000000001,,
reports/planes/cascade/gate_planes_resnet18_temperature_strat_size_bucket.stratified_size_bucket.json,<32px,temperature,,,0.9995085995085995,real,,,0.0,gate_planes_resnet18_temperature,0.0,0.0,0.0,0.0,0.0,0.0,0.0,0.0,0.0,0.0,0.0,,1,2035,2035,,size_bucket,0.9500000000000001,,
reports/planes/cascade/gate_planes_resnet18_temperature_strat_size_bucket.stratified_size_bucket.json,>256px,temperature,,,0.7543290043290043,real,,,0.850187265917603,gate_planes_resnet18_temperature,0.8173542524473145,0.803871646249286,0.4544433175641033,0.7352491573548035,0.6512574563308294,0.5723835064278452,0.46403519996592363,0.30187432468273145,0.1462847398511429,0.04222190223214629,0.009900990099009901,,1,924,924,,size_bucket,0.9500000000000001,,
reports/planes/cascade/gate_planes_resnet18_temperature_strat_size_bucket.stratified_size_bucket.json,32-96px,temperature,,,1.0,real,,,0.0,gate_planes_resnet18_temperature,0.0,0.0,0.0,0.0,0.0,0.0,0.0,0.0,0.0,0.0,0.0,,1,1124,1124,,size_bucket,1.0,,
reports/planes/cascade/gate_planes_resnet18_temperature_strat_size_bucket.stratified_size_bucket.json,96-256px,temperature,,,1.0,real,,,0.0,gate_planes_resnet18_temperature,0.0,0.0,0.0,0.0,0.0,0.0,0.0,0.0,0.0,0.0,0.0,,1,1214,1214,,size_bucket,1.0,,
reports/planes/cascade/gate_planes_resnet18_temperature_strat_size_bucket.stratified_size_bucket.json,<32px,temperature,,,1.0,real,,,0.0,gate_planes_resnet18_temperature,0.0,0.0,0.0,0.0,0.0,0.0,0.0,0.0,0.0,0.0,0.0,,1,2035,2035,,size_bucket,1.0,,
reports/planes/cascade/gate_planes_resnet18_temperature_strat_size_bucket.stratified_size_bucket.json,>256px,temperature,,,1.0,real,,,0.0,gate_planes_resnet18_temperature,0.0,0.0,0.0,0.0,0.0,0.0,0.0,0.0,0.0,0.0,0.0,,1,924,924,,size_bucket,1.0,,
reports/planes/cascade/gate_planes_resnet50_context_adaptive.json,,context_adaptive,974779.5025592321,108932.92932660552,0.0,real,57170.52608512,6392.124106161646,1.0,gate_planes_resnet50,0.9151257181537812,0.9042543076046732,0.6147770106879811,0.8824829661262232,0.8495621415969103,0.8022978286195456,0.7266678294128557,0.5877925149970352,0.36292315389451707,0.11358925181370712,0.003074394660561391,5297,1,,5297,,,0.0,1031950.0286443521,115325.05343276716
reports/planes/cascade/gate_planes_resnet50_context_adaptive.json,,context_adaptive,974779.5025592321,108932.92932660552,0.0,real,57170.52608512,6392.124106161646,1.0,gate_planes_resnet50,0.9151257181537812,0.9042543076046732,0.6147770106879811,0.8824829661262232,0.8495621415969103,0.8022978286195456,0.7266678294128557,0.5877925149970352,0.36292315389451707,0.11358925181370712,0.003074394660561391,5297,1,,5297,,,0.05,1031950.0286443521,115325.05343276716
reports/planes/cascade/gate_planes_resnet50_context_adaptive.json,,context_adaptive,974779.5025592321,108932.92932660552,0.0,real,57170.52608512,6392.124106161646,1.0,gate_planes_resnet50,0.9151257181537812,0.9042543076046732,0.6147770106879811,0.8824829661262232,0.8495621415969103,0.8022978286195456,0.7266678294128557,0.5877925149970352,0.36292315389451707,0.11358925181370712,0.003074394660561391,5297,1,,5297,,,0.1,1031950.0286443521,115325.05343276716
reports/planes/cascade/gate_planes_resnet50_context_adaptive.json,,context_adaptive,974779.5025592321,108932.92932660552,0.0,real,57170.52608512,6392.124106161646,1.0,gate_planes_resnet50,0.9151257181537812,0.9042543076046732,0.6147770106879811,0.8824829661262232,0.8495621415969103,0.8022978286195456,0.7266678294128557,0.5877925149970352,0.36292315389451707,0.11358925181370712,0.003074394660561391,5297,1,,5297,,,0.15000000000000002,1031950.0286443521,115325.05343276716
reports/planes/cascade/gate_planes_resnet50_context_adaptive.json,,context_adaptive,974779.5025592321,108932.92932660552,0.0,real,57170.52608512,6392.124106161646,1.0,gate_planes_resnet50,0.9151257181537812,0.9042543076046732,0.6147770106879811,0.8824829661262232,0.8495621415969103,0.8022978286195456,0.7266678294128557,0.5877925149970352,0.36292315389451707,0.11358925181370712,0.003074394660561391,5297,1,,5297,,,0.2,1031950.0286443521,115325.05343276716
reports/planes/cascade/gate_planes_resnet50_context_adaptive.json,,context_adaptive,974779.5025592321,108932.92932660552,0.0,real,57170.52608512,6392.124106161646,1.0,gate_planes_resnet50,0.9151257181537812,0.9042543076046732,0.6147770106879811,0.8824829661262232,0.8495621415969103,0.8022978286195456,0.7266678294128557,0.5877925149970352,0.36292315389451707,0.11358925181370712,0.003074394660561391,5297,1,,5297,,,0.25,1031950.0286443521,115325.05343276716
reports/planes/cascade/gate_planes_resnet50_context_adaptive.json,,context_adaptive,716592.671883264,80080.2013966022,0.26486690579573346,real,57170.52608512,6392.124106161646,0.997093023255814,gate_planes_resnet50,0.9151257181537812,0.9042543076046732,0.6147765970805634,0.8824829661262232,0.8495621415969103,0.8022977513101921,0.7266642488263374,0.5877920368187324,0.36292315389451707,0.11358925181370712,0.003074394660561391,3894,1,,5297,,,0.30000000000000004,773763.197968384,86472.32550276385
reports/planes/cascade/gate_planes_resnet50_context_adaptive.json,,context_adaptive,548578.005876736,61304.33496745536,0.43722861997357,real,57170.52608512,6392.124106161646,0.9883720930232558,gate_planes_resnet50,0.9151256780224312,0.9042689294602251,0.6147815941217933,0.8824954612899478,0.8495708159628294,0.8023044283764054,0.7266690411628054,0.5877947865745035,0.36292315389451707,0.11358925181370712,0.003074394660561391,2981,1,,5297,,,0.35000000000000003,605748.5319618561,67696.459073617
reports/planes/cascade/gate_planes_resnet50_context_adaptive.json,,context_adaptive,512509.14000896004,57273.590367112774,0.4742306966207287,real,57170.52608512,6392.124106161646,0.9781976744186046,gate_planes_resnet50,0.9051586641590225,0.8942979051995813,0.607770163852979,0.8638587979672857,0.8398789881712914,0.793263085366663,0.718911035398628,0.5815808800319064,0.36371970551753524,0.11395818205731496,0.003074394660561391,2785,1,,5297,,,0.4,569679.6660940801,63665.71447327442
reports/planes/cascade/gate_planes_resnet50_context_adaptive.json,,context_adaptive,469999.405236224,52523.06994528044,0.5178402869548802,real,57170.52608512,6392.124106161646,0.9651162790697675,gate_planes_resnet50,0.9050797418062896,0.8853380564216554,0.6068567843384663,0.8637919612610732,0.8397669355525916,0.7932880613290155,0.718949028803781,0.5815963927525428,0.36372235246922385,0.11396091832792807,0.003074394660561391,2554,1,,5297,,,0.45,527169.931321344,58915.194051442086
reports/planes/cascade/gate_planes_resnet50_context_adaptive.json,,context_adaptive,264811.724406784,29593.068774964195,0.7283367944119312,real,57170.52608512,6392.124106161646,0.9520348837209303,gate_planes_resnet50,0.8961289532388783,0.8853732605999283,0.6050746004100096,0.863762740771123,0.831228042329301,0.7929920463268822,0.7188447408922136,0.5815994587539326,0.36376285773626094,0.1139795087910145,0.003074394660561391,1439,1,,5297,,,0.5,321982.250491904,35985.19288112584
reports/planes/cascade/gate_planes_resnet50_context_adaptive.json,,context_adaptive,172983.33630464002,19331.122062867507,0.822541060977912,real,57170.52608512,6392.124106161646,0.9273255813953488,gate_planes_resnet50,0.8864503041276021,0.8757937004392901,0.6006783021427984,0.8542598573945215,0.8303212644040531,0.7850741188276456,0.7115223603468269,0.58204940446363,0.36417163811761205,0.11406597864624146,0.003074394660561391,940,1,,5297,,,0.55,230153.86238976003,25723.246169029153
reports/planes/cascade/gate_planes_resnet50_context_adaptive.json,,context_adaptive,146483.761381376,16369.758683023974,0.8497262601472532,real,57170.52608512,6392.124106161646,0.9200581395348837,gate_planes_resnet50,0.886209128534745,0.8755700969782719,0.5997173854697178,0.8540753391058054,0.8218868977828699,0.7849864825808056,0.7114781699276796,0.5818833485901851,0.3639411670382363,0.11406882949801768,0.003074394660561391,796,1,,5297,,,0.6000000000000001,203654.287466496,22761.88278918562
reports/planes/cascade/gate_planes_resnet50_context_adaptive.json,,context_adaptive,135810.321481728,15176.987321698107,0.8606758542571267,real,57170.52608512,6392.124106161646,0.9186046511627907,gate_planes_resnet50,0.8863021675324214,0.875661551616604,0.5997987373214212,0.8541795537366157,0.8220195557758431,0.7851101285956759,0.7116070012511696,0.5819749772624344,0.3639834394934965,0.11407460328938872,0.003074394660561391,738,1,,5297,,,0.65,192980.84756684798,21569.111427859752
reports/planes/cascade/gate_planes_resnet50_context_adaptive.json,,context_adaptive,128633.35327334401,14374.951406323817,0.8680385123654899,real,57170.52608512,6392.124106161646,0.9026162790697675,gate_planes_resnet50,0.8769896617811267,0.8664077301880424,0.5957217018592035,0.8450996674267577,0.821691058605341,0.7765262777167645,0.7117276347830361,0.5821990033927464,0.35935657160687434,0.11414501843078333,0.003074394660561391,699,1,,5297,,,0.7000000000000001,185803.879358464,20767.075512485462
reports/planes/cascade/gate_planes_resnet50_context_adaptive.json,,context_adaptive,123848.707801088,13840.26079607429,0.8729469511043987,real,57170.52608512,6392.124106161646,0.8953488372093024,gate_planes_resnet50,0.8769512696297135,0.8663768892814081,0.5956990574179064,0.8450717980157632,0.8216034319953455,0.7765134848278265,0.7117090058200978,0.5821887099106892,0.35935657160687434,0.11414501843078333,0.003074394660561391,673,1,,5297,,,0.75,181019.233886208,20232.384902235935
reports/planes/cascade/gate_planes_resnet50_context_adaptive.json,,context_adaptive,121824.43471667201,13614.045537891798,0.8750235982631678,real,57170.52608512,6392.124106161646,0.8924418604651163,gate_planes_resnet50,0.8769476747021187,0.8663768892814081,0.5956957252827266,0.8450717980157632,0.821572380434289,0.7765134848278265,0.7117090058200978,0.5821900350475432,0.35935657160687434,0.11414501843078333,0.003074394660561391,662,1,,5297,,,0.8,178994.960801792,20006.169644053443
reports/planes/cascade/gate_planes_resnet50_context_adaptive.json,,context_adaptive,118880.037502976,13285.005162353627,0.8780441759486501,real,57170.52608512,6392.124106161646,0.8851744186046512,gate_planes_resnet50,0.8764213749203223,0.8658667433399712,0.5938998948503049,0.8444994322053138,0.8124127512689523,0.7759313012209024,0.7114471017123698,0.575649191254206,0.3595094594619079,0.11418719845854189,0.003074394660561391,646,1,,5297,,,0.8500000000000001,176050.563588096,19677.129268515273
reports/planes/cascade/gate_planes_resnet50_context_adaptive.json,,context_adaptive,117223.814070272,13099.919951113407,0.879743250896734,real,57170.52608512,6392.124106161646,0.8837209302325582,gate_planes_resnet50,0.8764213749203223,0.8658667433399712,0.5938998948503049,0.8444994322053138,0.8124127512689523,0.7759313012209024,0.7114471017123698,0.575649191254206,0.3595094594619079,0.11418719845854189,0.003074394660561391,637,1,,5297,,,0.9,174394.340155392,19492.044057275052
reports/planes/cascade/gate_planes_resnet50_context_adaptive.json,,context_adaptive,115015.51616,12853.139669459779,0.8820086841608458,real,57170.52608512,6392.124106161646,0.873546511627907,gate_planes_resnet50,0.8671837433788881,0.856633318002228,0.5894379500716566,0.8353704180071062,0.8120848208528232,0.767349905415304,0.7034223689318294,0.5755755453384235,0.3594743159232409,0.11421067020616031,0.003074394660561391,625,1,,5297,,,0.9500000000000001,172186.04224511998,19245.263775621424
reports/planes/cascade/gate_planes_resnet50_context_adaptive.json,,context_adaptive,112623.193423872,12585.794364335015,0.8844629035303002,real,57170.52608512,6392.124106161646,0.8619186046511628,gate_planes_resnet50,0.8670468797156899,0.8566358128475275,0.5893694584310427,0.8353251031053259,0.8119276386150425,0.767315664399628,0.7034475266046816,0.5755119954702596,0.3593187619339667,0.1140891853912644,0.0030760162270417834,612,1,,5297,,,1.0,169793.71950899198,18977.91847049666
reports/planes/cascade/gate_planes_resnet50_identity.json,,identity,974779.5025592321,108932.92932660552,0.0,real,57170.52608512,6392.124106161646,1.0,gate_planes_resnet50,0.9151257181537812,0.9042543076046732,0.6147770106879811,0.8824829661262232,0.8495621415969103,0.8022978286195456,0.7266678294128557,0.5877925149970352,0.36292315389451707,0.11358925181370712,0.003074394660561391,5297,1,,5297,,,0.0,1031950.0286443521,115325.05343276716
reports/planes/cascade/gate_planes_resnet50_identity.json,,identity,300512.540622848,33582.68332836451,0.6917122899754578,real,57170.52608512,6392.124106161646,0.9840116279069767,gate_planes_resnet50,0.9152538079933457,0.9043473132056941,0.61478943190333,0.8825498290350894,0.8495992232898896,0.8022501771734795,0.7266187381494834,0.587676043001596,0.3629355407104545,0.11358925181370712,0.003074394660561391,1633,1,,5297,,,0.05,357683.066707968,39974.807434526156
reports/planes/cascade/gate_planes_resnet50_identity.json,,identity,210156.351127552,23485.256804036908,0.7844062676986974,real,57170.52608512,6392.124106161646,0.9622093023255814,gate_planes_resnet50,0.8960689950961184,0.8853523427205302,0.6050651237445939,0.8637518867821234,0.8313432829471882,0.7929515548874131,0.7188671628458332,0.5815388661422422,0.36374456930661286,0.11395818205731496,0.003074394660561391,1142,1,,5297,,,0.1,267326.877212672,29877.380910198553
reports/planes/cascade/gate_planes_resnet50_identity.json,,identity,168566.740484096,18837.561499560252,0.8270719275061356,real,57170.52608512,6392.124106161646,0.9418604651162791,gate_planes_resnet50,0.8959914154753635,0.885243482995917,0.6042881558447263,0.8636418776204002,0.8314465068445314,0.7850847677786804,0.7190213972400605,0.581602234992783,0.36380811723836354,0.11396736360060199,0.003074394660561391,916,1,,5297,,,0.15000000000000002,225737.26656921598,25229.685605721897
reports/planes/cascade/gate_planes_resnet50_identity.json,,identity,149980.23307264,16760.49412897555,0.8461393241457429,real,57170.52608512,6392.124106161646,0.934593023255814,gate_planes_resnet50,0.895824011287145,0.8850836150056824,0.6042399217272137,0.8635035141397605,0.8313573611707091,0.7850245168866378,0.7189683219409145,0.5817135488778086,0.36387506859451446,0.11397486470840303,0.003074394660561391,815,1,,5297,,,0.2,207150.75915776,23152.618235137197
reports/planes/cascade/gate_planes_resnet50_identity.json,,identity,138202.644217856,15444.33262682287,0.8582216348876723,real,57170.52608512,6392.124106161646,0.9200581395348837,gate_planes_resnet50,0.8862384289286949,0.8755922979162593,0.5998632013451559,0.8542131545658012,0.8220412697901133,0.7852236019735935,0.7115996716303266,0.5822347117349984,0.364336497864754,0.11407798438645665,0.003074394660561391,751,1,,5297,,,0.25,195373.17030297598,21836.456732984516
reports/planes/cascade/gate_planes_resnet50_identity.json,,identity,130105.55188019201,14539.471594092902,0.8665282235227487,real,57170.52608512,6392.124106161646,0.9098837209302325,gate_planes_resnet50,0.8769631480067781,0.8663939816237897,0.5956557803783504,0.8451043499567251,0.8217275001982095,0.7765906117255461,0.7113483676265149,0.5819375252006476,0.3593322600053739,0.11408566477935707,0.003074394660561391,707,1,,5297,,,0.30000000000000004,187276.077965312,20931.595700254547
reports/planes/cascade/gate_planes_resnet50_identity.json,,identity,125872.980885504,14066.476054256782,0.8708703039456296,real,57170.52608512,6392.124106161646,0.9098837209302325,gate_planes_resnet50,0.8769631480067781,0.8663939816237897,0.5956557803783504,0.8451043499567251,0.8217275001982095,0.7765906117255461,0.7113483676265149,0.5819375252006476,0.3593322600053739,0.11408566477935707,0.003074394660561391,684,1,,5297,,,0.35000000000000003,183043.506970624,20458.600160418428
reports/planes/cascade/gate_planes_resnet50_identity.json,,identity,122192.484368384,13655.175584834069,0.8746460260524825,real,57170.52608512,6392.124106161646,0.9011627906976745,gate_planes_resnet50,0.8769527858015951,0.866354928569391,0.5956773803125759,0.8450523453193934,0.8216382454143217,0.7764951723489368,0.7116099375560933,0.5821191207644378,0.3593346298329477,0.11414224285808067,0.003074394660561391,664,1,,5297,,,0.4,179363.010453504,20047.299690995715
reports/planes/cascade/gate_planes_resnet50_identity.json,,identity,120168.211283968,13428.960326651577,0.8767226732112516,real,57170.52608512,6392.124106161646,0.8953488372093024,gate_planes_resnet50,0.8769627450776605,0.8663979909432291,0.5957052872219994,0.845081553532868,0.8216144097504452,0.7765188411956566,0.711713961722024,0.5821873852998918,0.35935657160687434,0.11414501843078333,0.003074394660561391,653,1,,5297,,,0.45,177338.737369088,19821.084432813223
reports/planes/cascade/gate_planes_resnet50_identity.json,,identity,118696.01267712,13264.440138882492,0.8782329620539928,real,57170.52608512,6392.124106161646,0.8909883720930233,gate_planes_resnet50,0.8766965737410161,0.866141599282829,0.5939614562776463,0.8448329936946969,0.8126957962041331,0.776157503295511,0.711307412311959,0.5753234159132207,0.35923247405071296,0.11415239962182368,0.003074394660561391,645,1,,5297,,,0.5,175866.53876224,19656.564245044137
reports/planes/cascade/gate_planes_resnet50_identity.json,,identity,116487.714766848,13017.659857228864,0.8804983953181046,real,57170.52608512,6392.124106161646,0.8837209302325582,gate_planes_resnet50,0.8766611006289398,0.8661353148000435,0.5939466055172503,0.8448008525619756,0.8126970311512604,0.776122165656349,0.7112776086908229,0.5752990653030049,0.35924450456254525,0.11415401715700017,0.003074394660561391,633,1,,5297,,,0.55,173658.240851968,19409.78396339051
reports/planes/cascade/gate_planes_resnet50_identity.json,,identity,114831.491334144,12832.574645988643,0.8821974702661884,real,57170.52608512,6392.124106161646,0.8793604651162791,gate_planes_resnet50,0.8671596209506672,0.8566123852298435,0.5901910868980991,0.8353589458007344,0.8120859516852925,0.7752910861995714,0.7032511144736588,0.5754422386544654,0.35943885279019255,0.11419627853600324,0.003074394660561391,624,1,,5297,,,0.6000000000000001,172002.017419264,19224.69875215029
reports/planes/cascade/gate_planes_resnet50_identity.json,,identity,112623.193423872,12585.794364335015,0.8844629035303002,real,57170.52608512,6392.124106161646,0.872093023255814,gate_planes_resnet50,0.8670349921700018,0.8565274089146293,0.5893235719558632,0.835268564120006,0.8119241374352164,0.7671346966378715,0.7032196355067329,0.5754164101235887,0.3594361087074551,0.11419937128256835,0.003074394660561391,612,1,,5297,,,0.65,169793.71950899198,18977.91847049666
reports/planes/cascade/gate_planes_resnet50_identity.json,,identity,110782.945165312,12380.144129623659,0.8863507645837266,real,57170.52608512,6392.124106161646,0.8604651162790697,gate_planes_resnet50,0.8669681963155565,0.856543277948082,0.5893337395859841,0.8352946445406415,0.8118651083067961,0.7673539736931199,0.703372294673166,0.5754556543229021,0.35932038245215336,0.11408784738038039,0.0030760162270417834,602,1,,5297,,,0.7000000000000001,167953.47125043202,18772.268235785305
reports/planes/cascade/gate_planes_resnet50_identity.json,,identity,109862.82103603201,12277.31901226798,0.8872946951104399,real,57170.52608512,6392.124106161646,0.8546511627906976,gate_planes_resnet50,0.85748966690998,0.8470870458338506,0.5864578280856877,0.8347804097045041,0.8028677768864305,0.7668782966796395,0.7028930430208868,0.5754406920725283,0.35963897883267354,0.11441816210607822,0.0030842088103050927,597,1,,5297,,,0.75,167033.347121152,18669.443118429626
reports/planes/cascade/gate_planes_resnet50_identity.json,,identity,108390.622429184,12112.798824498896,0.8888049839531811,real,57170.52608512,6392.124106161646,0.8459302325581395,gate_planes_resnet50,0.8571324825511187,0.8467364839392978,0.5853985191757429,0.8255631804749047,0.8022857869146516,0.7663254880034149,0.7028800632009077,0.5757283910018238,0.3598059931074497,0.1144431137535549,0.0030842088103050927,589,1,,5297,,,0.8,165561.14851430402,18504.92293066054
reports/planes/cascade/gate_planes_resnet50_identity.json,,identity,106182.324518912,11866.018542845268,0.8910704172172929,real,57170.52608512,6392.124106161646,0.8343023255813954,gate_planes_resnet50,0.8569224646530664,0.8465265105005945,0.582829454221169,0.8253157487839422,0.7935063393033578,0.7580593560767219,0.6950098688042001,0.5755117849125408,0.3598914172925142,0.11446684307444732,0.0030842088103050927,577,1,,5297,,,0.8500000000000001,163352.850604032,18258.142649006913
reports/planes/cascade/gate_planes_resnet50_identity.json,,identity,104342.076260352,11660.368308133911,0.8929582782707193,real,57170.52608512,6392.124106161646,0.8212209302325582,gate_planes_resnet50,0.8477498620523728,0.8373756494330002,0.5809777710446535,0.8251020830071508,0.7933406696334376,0.7579055805784989,0.6950232260068353,0.5756632983601485,0.36002999845698674,0.11450313410779903,0.0030842088103050927,567,1,,5297,,,0.9,161512.602345472,18052.492414295557
reports/planes/cascade/gate_planes_resnet50_identity.json,,identity,99925.480439808,11166.807744826656,0.8974891447989428,real,57170.52608512,6392.124106161646,0.7877906976744186,gate_planes_resnet50,0.8278936584438523,0.8175488295313378,0.5696589548806804,0.7964959714743182,0.7740392229102447,0.7400469360635391,0.6883396374237986,0.5719887078968309,0.36222303216148655,0.11492768841719514,0.0030858644842001906,543,1,,5297,,,0.9500000000000001,157096.006524928,17558.9318509883
reports/planes/cascade/gate_planes_resnet50_identity.json,,identity,2576.347561984,287.91032859589905,0.997356994525203,real,57170.52608512,6392.124106161646,0.020348837209302327,gate_planes_resnet50,0.02961129446277961,0.02961129446277961,0.02068748255757474,0.029190850119494707,0.028524280999528525,0.028154745976528155,0.01964965727341965,0.018735719725818736,0.016973125884016973,0.005186232909005187,0.0012376237623762376,14,1,,5297,,,1.0,59746.873647104,6680.034434757545
reports/planes/cascade/gate_planes_resnet50_isotonic.json,,isotonic,974779.5025592321,108932.92932660552,0.0,real,57170.52608512,6392.124106161646,1.0,gate_planes_resnet50,0.9151257181537812,0.9042543076046732,0.6147770106879811,0.8824829661262232,0.8495621415969103,0.8022978286195456,0.7266678294128557,0.5877925149970352,0.36292315389451707,0.11358925181370712,0.003074394660561391,5297,1,,5297,,,0.0,1031950.0286443521,115325.05343276716
reports/planes/cascade/gate_planes_resnet50_isotonic.json,,isotonic,193226.0671488,21593.27464469243,0.8017745893902208,real,57170.52608512,6392.124106161646,0.9593023255813954,gate_planes_resnet50,0.8961970946191836,0.885479435286038,0.6043321650768659,0.8638598448606769,0.8314391498538537,0.7849940252165838,0.7189528007516183,0.5815981094659317,0.36376287521624373,0.11396392083796768,0.003074394660561391,1050,1,,5297,,,0.05,250396.59323392,27985.398750854074
reports/planes/cascade/gate_planes_resnet50_isotonic.json,,isotonic,150716.332376064,16842.754222860094,0.8453841797243723,real,57170.52608512,6392.124106161646,0.936046511627907,gate_planes_resnet50,0.8958438725189282,0.8850781727327788,0.6042418577421732,0.86353647274845,0.8313579227666029,0.7850443593410159,0.718999612443855,0.5816596162044477,0.36385203198196253,0.11397212202312862,0.003074394660561391,819,1,,5297,,,0.1,207886.85846118402,23234.87832902174
reports/planes/cascade/gate_planes_resnet50_isotonic.json,,isotonic,124032.73262694401,13860.825819545425,0.8727581649990561,real,57170.52608512,6392.124106161646,0.9098837209302325,gate_planes_resnet50,0.8769631480067781,0.8663939816237897,0.5956557803783504,0.8451043499567251,0.8217275001982095,0.7765906117255461,0.7113483676265149,0.5819375252006476,0.3593322600053739,0.11408566477935707,0.003074394660561391,674,1,,5297,,,0.15000000000000002,181203.258712064,20252.94992570707
reports/planes/cascade/gate_planes_resnet50_isotonic.json,,isotonic,124032.73262694401,13860.825819545425,0.8727581649990561,real,57170.52608512,6392.124106161646,0.9098837209302325,gate_planes_resnet50,0.8769631480067781,0.8663939816237897,0.5956557803783504,0.8451043499567251,0.8217275001982095,0.7765906117255461,0.7113483676265149,0.5819375252006476,0.3593322600053739,0.11408566477935707,0.003074394660561391,674,1,,5297,,,0.2,181203.258712064,20252.94992570707
reports/planes/cascade/gate_planes_resnet50_isotonic.json,,isotonic,124032.73262694401,13860.825819545425,0.8727581649990561,real,57170.52608512,6392.124106161646,0.9098837209302325,gate_planes_resnet50,0.8769631480067781,0.8663939816237897,0.5956557803783504,0.8451043499567251,0.8217275001982095,0.7765906117255461,0.7113483676265149,0.5819375252006476,0.3593322600053739,0.11408566477935707,0.003074394660561391,674,1,,5297,,,0.25,181203.258712064,20252.94992570707
reports/planes/cascade/gate_planes_resnet50_isotonic.json,,isotonic,124032.73262694401,13860.825819545425,0.8727581649990561,real,57170.52608512,6392.124106161646,0.9098837209302325,gate_planes_resnet50,0.8769631480067781,0.8663939816237897,0.5956557803783504,0.8451043499567251,0.8217275001982095,0.7765906117255461,0.7113483676265149,0.5819375252006476,0.3593322600053739,0.11408566477935707,0.003074394660561391,674,1,,5297,,,0.30000000000000004,181203.258712064,20252.94992570707
reports/planes/cascade/gate_planes_resnet50_isotonic.json,,isotonic,124032.73262694401,13860.825819545425,0.8727581649990561,real,57170.52608512,6392.124106161646,0.9098837209302325,gate_planes_resnet50,0.8769631480067781,0.8663939816237897,0.5956557803783504,0.8451043499567251,0.8217275001982095,0.7765906117255461,0.7113483676265149,0.5819375252006476,0.3593322600053739,0.11408566477935707,0.003074394660561391,674,1,,5297,,,0.35000000000000003,181203.258712064,20252.94992570707
reports/planes/cascade/gate_planes_resnet50_isotonic.json,,isotonic,114095.39203072,12750.3145521041,0.882952614687559,real,57170.52608512,6392.124106161646,0.8793604651162791,gate_planes_resnet50,0.8671596209506672,0.8566123852298435,0.5901912468405218,0.8353589458007344,0.8120859516852925,0.7752926856237989,0.7032511144736588,0.5754422386544654,0.35943885279019255,0.11419627853600324,0.003074394660561391,620,1,,5297,,,0.4,171265.91811584,19142.438658265746
reports/planes/cascade/gate_planes_resnet50_isotonic.json,,isotonic,114095.39203072,12750.3145521041,0.882952614687559,real,57170.52608512,6392.124106161646,0.8793604651162791,gate_planes_resnet50,0.8671596209506672,0.8566123852298435,0.5901912468405218,0.8353589458007344,0.8120859516852925,0.7752926856237989,0.7032511144736588,0.5754422386544654,0.35943885279019255,0.11419627853600324,0.003074394660561391,620,1,,5297,,,0.45,171265.91811584,19142.438658265746
reports/planes/cascade/gate_planes_resnet50_isotonic.json,,isotonic,114095.39203072,12750.3145521041,0.882952614687559,real,57170.52608512,6392.124106161646,0.8793604651162791,gate_planes_resnet50,0.8671596209506672,0.8566123852298435,0.5901912468405218,0.8353589458007344,0.8120859516852925,0.7752926856237989,0.7032511144736588,0.5754422386544654,0.35943885279019255,0.11419627853600324,0.003074394660561391,620,1,,5297,,,0.5,171265.91811584,19142.438658265746
reports/planes/cascade/gate_planes_resnet50_isotonic.json,,isotonic,112991.243075584,12626.924411277287,0.8840853313196149,real,57170.52608512,6392.124106161646,0.875,gate_planes_resnet50,0.8670441181676611,0.8565399186467669,0.5893495315528308,0.8353124909771193,0.8119812782309536,0.7671639717637876,0.7032728675156944,0.5754528133081112,0.35945572353084554,0.1141977387268049,0.003074394660561391,614,1,,5297,,,0.55,170161.769160704,19019.048517438932
reports/planes/cascade/gate_planes_resnet50_isotonic.json,,isotonic,112991.243075584,12626.924411277287,0.8840853313196149,real,57170.52608512,6392.124106161646,0.875,gate_planes_resnet50,0.8670441181676611,0.8565399186467669,0.5893495315528308,0.8353124909771193,0.8119812782309536,0.7671639717637876,0.7032728675156944,0.5754528133081112,0.35945572353084554,0.1141977387268049,0.003074394660561391,614,1,,5297,,,0.6000000000000001,170161.769160704,19019.048517438932
reports/planes/cascade/gate_planes_resnet50_isotonic.json,,isotonic,112991.243075584,12626.924411277287,0.8840853313196149,real,57170.52608512,6392.124106161646,0.875,gate_planes_resnet50,0.8670441181676611,0.8565399186467669,0.5893495315528308,0.8353124909771193,0.8119812782309536,0.7671639717637876,0.7032728675156944,0.5754528133081112,0.35945572353084554,0.1141977387268049,0.003074394660561391,614,1,,5297,,,0.65,170161.769160704,19019.048517438932
reports/planes/cascade/gate_planes_resnet50_isotonic.json,,isotonic,111887.094120448,12503.534270450473,0.8852180479516708,real,57170.52608512,6392.124106161646,0.8691860465116279,gate_planes_resnet50,0.867047748953827,0.8565175592392195,0.5893799036822809,0.8352699689133031,0.8118890418834768,0.7673394310275377,0.7033927845056313,0.5755496960758123,0.35950464691382755,0.11421376464961118,0.003074394660561391,608,1,,5297,,,0.7000000000000001,169057.620205568,18895.65837661212
reports/planes/cascade/gate_planes_resnet50_isotonic.json,,isotonic,111887.094120448,12503.534270450473,0.8852180479516708,real,57170.52608512,6392.124106161646,0.8691860465116279,gate_planes_resnet50,0.867047748953827,0.8565175592392195,0.5893799036822809,0.8352699689133031,0.8118890418834768,0.7673394310275377,0.7033927845056313,0.5755496960758123,0.35950464691382755,0.11421376464961118,0.003074394660561391,608,1,,5297,,,0.75,169057.620205568,18895.65837661212
reports/planes/cascade/gate_planes_resnet50_isotonic.json,,isotonic,105446.225215488,11783.758448960725,0.8918255616386634,real,57170.52608512,6392.124106161646,0.8299418604651163,gate_planes_resnet50,0.8477988312643472,0.8464276814584896,0.5819386812908335,0.8252341019605847,0.793475677029269,0.7579924220559621,0.6949910980037268,0.5758261459672434,0.3600580143142079,0.11449863204419906,0.0030842088103050927,573,1,,5297,,,0.8,162616.75130060798,18175.88255512237
reports/planes/cascade/gate_planes_resnet50_isotonic.json,,isotonic,105446.225215488,11783.758448960725,0.8918255616386634,real,57170.52608512,6392.124106161646,0.8299418604651163,gate_planes_resnet50,0.8477988312643472,0.8464276814584896,0.5819386812908335,0.8252341019605847,0.793475677029269,0.7579924220559621,0.6949910980037268,0.5758261459672434,0.3600580143142079,0.11449863204419906,0.0030842088103050927,573,1,,5297,,,0.8500000000000001,162616.75130060798,18175.88255512237
reports/planes/cascade/gate_planes_resnet50_isotonic.json,,isotonic,105446.225215488,11783.758448960725,0.8918255616386634,real,57170.52608512,6392.124106161646,0.8299418604651163,gate_planes_resnet50,0.8477988312643472,0.8464276814584896,0.5819386812908335,0.8252341019605847,0.793475677029269,0.7579924220559621,0.6949910980037268,0.5758261459672434,0.3600580143142079,0.11449863204419906,0.0030842088103050927,573,1,,5297,,,0.9,162616.75130060798,18175.88255512237
reports/planes/cascade/gate_planes_resnet50_isotonic.json,,isotonic,105446.225215488,11783.758448960725,0.8918255616386634,real,57170.52608512,6392.124106161646,0.8299418604651163,gate_planes_resnet50,0.8477988312643472,0.8464276814584896,0.5819386812908335,0.8252341019605847,0.793475677029269,0.7579924220559621,0.6949910980037268,0.5758261459672434,0.3600580143142079,0.11449863204419906,0.0030842088103050927,573,1,,5297,,,0.9500000000000001,162616.75130060798,18175.88255512237
reports/planes/cascade/gate_planes_resnet50_isotonic.json,,isotonic,73057.855864832,8164.3143180408515,0.9250519161789692,real,57170.52608512,6392.124106161646,0.5770348837209303,gate_planes_resnet50,0.6210433577307103,0.6200452461909806,0.4313208087652539,0.5998863507670301,0.5874029639813387,0.5560100457671753,0.5180705924899827,0.43676609632197805,0.27908599716691607,0.09195808080078367,0.0029393564356435644,397,1,,5297,,,1.0,130228.381949952,14556.438424202497
reports/planes/cascade/gate_planes_resnet50_platt.json,,platt,974779.5025592321,108932.92932660552,0.0,real,57170.52608512,6392.124106161646,1.0,gate_planes_resnet50,0.9151257181537812,0.9042543076046732,0.6147770106879811,0.8824829661262232,0.8495621415969103,0.8022978286195456,0.7266678294128557,0.5877925149970352,0.36292315389451707,0.11358925181370712,0.003074394660561391,5297,1,,5297,,,0.0,1031950.0286443521,115325.05343276716
reports/planes/cascade/gate_planes_resnet50_platt.json,,platt,190281.669935104,21264.234269154258,0.8047951670757032,real,57170.52608512,6392.124106161646,0.9563953488372093,gate_planes_resnet50,0.8961950397026062,0.8854774664594427,0.6043304878952862,0.8638532168607679,0.831428656744785,0.7849957770996576,0.7189543796688862,0.5815981094659317,0.3637639174522558,0.11396392083796768,0.003074394660561391,1034,1,,5297,,,0.05,247452.19602022402,27656.358375315904
reports/planes/cascade/gate_planes_resnet50_platt.json,,platt,149244.13376921602,16678.23403509101,0.8468944685671135,real,57170.52608512,6392.124106161646,0.934593023255814,gate_planes_resnet50,0.895824011287145,0.8850836150056824,0.6042399217272137,0.8635035141397605,0.8313573611707091,0.7850245168866378,0.7189683219409145,0.5817135488778086,0.36387506859451446,0.11397486470840303,0.003074394660561391,811,1,,5297,,,0.1,206414.659854336,23070.358141252655
reports/planes/cascade/gate_planes_resnet50_platt.json,,platt,134522.147700736,15033.032157400157,0.8619973569945252,real,57170.52608512,6392.124106161646,0.9113372093023255,gate_planes_resnet50,0.8860755679105976,0.8754357955708592,0.599741758675246,0.8540040463121813,0.8218898329861066,0.7848725324912809,0.7115173708204843,0.5821907081583153,0.36427382181724305,0.1140835160248311,0.003074394660561391,731,1,,5297,,,0.15000000000000002,191692.673785856,21425.156263561803
reports/planes/cascade/gate_planes_resnet50_platt.json,,platt,127345.179492352,14230.996242025867,0.8693600151028884,real,57170.52608512,6392.124106161646,0.9098837209302325,gate_planes_resnet50,0.8769631480067781,0.8663939816237897,0.5956557803783504,0.8451043499567251,0.8217275001982095,0.7765906117255461,0.7113483676265149,0.5819375252006476,0.3593322600053739,0.11408566477935707,0.003074394660561391,692,1,,5297,,,0.2,184515.705577472,20623.120348187513
reports/planes/cascade/gate_planes_resnet50_platt.json,,platt,123480.658149376,13799.130749132019,0.873324523315084,real,57170.52608512,6392.124106161646,0.9069767441860465,gate_planes_resnet50,0.8769741380358608,0.8663944931497053,0.5956853615124833,0.8451011238783839,0.8216943388188797,0.7765456741183578,0.7115052356129977,0.5820784280245139,0.35939021384442227,0.11409557498115096,0.003074394660561391,671,1,,5297,,,0.25,180651.184234496,20191.254855293664
reports/planes/cascade/gate_planes_resnet50_platt.json,,platt,121088.335413248,13531.785444007255,0.8757787426845385,real,57170.52608512,6392.124106161646,0.8968023255813954,gate_planes_resnet50,0.8769703084798341,0.8664014455651469,0.5957051676155398,0.8450777261611697,0.8216108031304848,0.7765170554807773,0.7117122914249272,0.582186061214838,0.35935657160687434,0.11414501843078333,0.003074394660561391,658,1,,5297,,,0.30000000000000004,178258.861498368,19923.9095501689
reports/planes/cascade/gate_planes_resnet50_platt.json,,platt,119432.11198054401,13346.700232767034,0.8774778176326222,real,57170.52608512,6392.124106161646,0.8938953488372093,gate_planes_resnet50,0.8769512696297135,0.8663768892814081,0.5956990574179064,0.8450717980157632,0.8216034319953455,0.7765134848278265,0.7117090058200978,0.5821887099106892,0.35935657160687434,0.11414501843078333,0.003074394660561391,649,1,,5297,,,0.35000000000000003,176602.638065664,19738.82433892868
reports/planes/cascade/gate_planes_resnet50_platt.json,,platt,117591.863721984,13141.049998055678,0.8793656786860486,real,57170.52608512,6392.124106161646,0.8880813953488372,gate_planes_resnet50,0.8766985118688528,0.86613987813523,0.5939621844381319,0.8448348331188794,0.8126976512879995,0.7761592604628356,0.7113090252612023,0.5753234159132207,0.35923247405071296,0.11415239962182368,0.003074394660561391,639,1,,5297,,,0.4,174762.38980710402,19533.174104217323
reports/planes/cascade/gate_planes_resnet50_platt.json,,platt,115567.590637568,12914.834739873186,0.8814423258448179,real,57170.52608512,6392.124106161646,0.8822674418604651,gate_planes_resnet50,0.8672059769925105,0.8566845794210894,0.5911005413683293,0.8442385996273495,0.8122309860531521,0.7755127714743536,0.7031437938095982,0.5754075969261754,0.3593265128161638,0.11418020190233942,0.003074394660561391,628,1,,5297,,,0.45,172738.11672268802,19306.95884603483
reports/planes/cascade/gate_planes_resnet50_platt.json,,platt,114831.491334144,12832.574645988643,0.8821974702661884,real,57170.52608512,6392.124106161646,0.8793604651162791,gate_planes_resnet50,0.8671596209506672,0.8566123852298435,0.5901910868980991,0.8353589458007344,0.8120859516852925,0.7752910861995714,0.7032511144736588,0.5754422386544654,0.35943885279019255,0.11419627853600324,0.003074394660561391,624,1,,5297,,,0.5,172002.017419264,19224.69875215029
reports/planes/cascade/gate_planes_resnet50_platt.json,,platt,113543.31755315201,12688.619481690694,0.883518973003587,real,57170.52608512,6392.124106161646,0.875,gate_planes_resnet50,0.8670441181676611,0.8565399186467669,0.5893495315528308,0.8353124909771193,0.8119812782309536,0.7671639717637876,0.7032728675156944,0.5754528133081112,0.35945572353084554,0.1141977387268049,0.003074394660561391,617,1,,5297,,,0.55,170713.84363827202,19080.74358785234
reports/planes/cascade/gate_planes_resnet50_platt.json,,platt,111887.094120448,12503.534270450473,0.8852180479516708,real,57170.52608512,6392.124106161646,0.8691860465116279,gate_planes_resnet50,0.867047748953827,0.8565175592392195,0.5893799036822809,0.8352699689133031,0.8118890418834768,0.7673394310275377,0.7033927845056313,0.5755496960758123,0.35950464691382755,0.11421376464961118,0.003074394660561391,608,1,,5297,,,0.6000000000000001,169057.620205568,18895.65837661212
reports/planes/cascade/gate_planes_resnet50_platt.json,,platt,110598.920339456,12359.579106152523,0.8865395506890693,real,57170.52608512,6392.124106161646,0.8590116279069767,gate_planes_resnet50,0.8669521938994368,0.8565265398612449,0.5893358431659735,0.8352777120852107,0.8118447362810294,0.7673255688039594,0.703432051833295,0.5754959966150877,0.3593369687662016,0.11409064728722852,0.0030760162270417834,601,1,,5297,,,0.65,167769.446424576,18751.70321231417
reports/planes/cascade/gate_planes_resnet50_platt.json,,platt,110046.84586188801,12297.884035739116,0.8871059090050972,real,57170.52608512,6392.124106161646,0.8561046511627907,gate_planes_resnet50,0.8666197040596686,0.8562149336438982,0.588294208398848,0.8349163043865263,0.802931255916135,0.7668318638468038,0.7028867158784108,0.5754080245368326,0.35963091080382165,0.11441816210607822,0.0030842088103050927,598,1,,5297,,,0.7000000000000001,167217.371947008,18690.008141900762
reports/planes/cascade/gate_planes_resnet50_platt.json,,platt,109126.721732608,12195.058918383438,0.8880498395318105,real,57170.52608512,6392.124106161646,0.8502906976744186,gate_planes_resnet50,0.8572456114385291,0.8468275829945588,0.5854587100812544,0.8256256441417197,0.8024159852385042,0.7664527102568969,0.7029621614599132,0.5757269395517762,0.35980314316678547,0.1144431137535549,0.0030842088103050927,593,1,,5297,,,0.75,166297.247817728,18587.183024545084
reports/planes/cascade/gate_planes_resnet50_platt.json,,platt,107838.547951616,12051.103754085489,0.889371342269209,real,57170.52608512,6392.124106161646,0.8415697674418605,gate_planes_resnet50,0.8570021280003687,0.8466333364209994,0.584491316729945,0.8254426494941041,0.8020318541524663,0.7581015731137227,0.702746683581155,0.5755867819226698,0.35982565603067473,0.11445829577298383,0.0030842088103050927,586,1,,5297,,,0.8,165009.07403673598,18443.227860247134
reports/planes/cascade/gate_planes_resnet50_platt.json,,platt,105998.299693056,11845.453519374132,0.8912592033226354,real,57170.52608512,6392.124106161646,0.8328488372093024,gate_planes_resnet50,0.8478415554302066,0.8465068493565671,0.5819241732157165,0.8253007618995059,0.7935287732050758,0.7580769706297131,0.6950225917975541,0.5755189048771443,0.35989427307664584,0.11446684307444732,0.0030842088103050927,576,1,,5297,,,0.8500000000000001,163168.82577817602,18237.577625535778
reports/planes/cascade/gate_planes_resnet50_platt.json,,platt,104526.101086208,11680.933331605047,0.8927694921653766,real,57170.52608512,6392.124106161646,0.8226744186046512,gate_planes_resnet50,0.8477604688989568,0.8373977127715134,0.5809931634881496,0.8251366250448052,0.7933615342547706,0.7579105406485186,0.6950446333264484,0.5757040885402183,0.3600286884781601,0.11450313410779903,0.0030842088103050927,568,1,,5297,,,0.9,161696.627171328,18073.057437766693
reports/planes/cascade/gate_planes_resnet50_platt.json,,platt,100477.55491737601,11228.502815240063,0.8969227864829149,real,57170.52608512,6392.124106161646,0.7921511627906976,gate_planes_resnet50,0.8279490626328355,0.8175961198291269,0.5696845488361086,0.7965357397470391,0.774112555827625,0.7400403998970616,0.6884177973828589,0.5720077748632958,0.36217989346120233,0.11492028023584132,0.0030858644842001906,546,1,,5297,,,0.9500000000000001,157648.081002496,17620.62692140171
reports/planes/cascade/gate_planes_resnet50_platt.json,,platt,0.0,0.0,1.0,real,57170.52608512,6392.124106161646,0.0,gate_planes_resnet50,0.0,0.0,0.0,0.0,0.0,0.0,0.0,0.0,0.0,0.0,0.0,0,1,,5297,,,1.0,57170.52608512,6392.124106161646
reports/planes/cascade/gate_planes_resnet50_temperature.json,,temperature,974779.5025592321,108932.92932660552,0.0,real,57170.52608512,6392.124106161646,1.0,gate_planes_resnet50,0.9151257181537812,0.9042543076046732,0.6147770106879811,0.8824829661262232,0.8495621415969103,0.8022978286195456,0.7266678294128557,0.5877925149970352,0.36292315389451707,0.11358925181370712,0.003074394660561391,5297,1,,5297,,,0.0,1031950.0286443521,115325.05343276716
reports/planes/cascade/gate_planes_resnet50_temperature.json,,temperature,202795.358093312,22662.655865191482,0.7919577119124033,real,57170.52608512,6392.124106161646,0.9607558139534884,gate_planes_resnet50,0.8960422532801307,0.8853259274309525,0.6042375070900056,0.8637120507905693,0.8313008094295988,0.7848718397529619,0.7188424621098898,0.5815214009815184,0.36372575040655775,0.11395818205731496,0.003074394660561391,1102,1,,5297,,,0.05,259965.884178432,29054.779971353128
reports/planes/cascade/gate_planes_resnet50_temperature.json,,temperature,159365.499191296,17809.31032600347,0.8365112327732679,real,57170.52608512,6392.124106161646,0.940406976744186,gate_planes_resnet50,0.8959914154753635,0.885243482995917,0.6042881558447263,0.8636418776204002,0.8314465068445314,0.7850847677786804,0.7190213972400605,0.581602234992783,0.36380811723836354,0.11396736360060199,0.003074394660561391,866,1,,5297,,,0.1,216536.02527641598,24201.434432165115
reports/planes/cascade/gate_planes_resnet50_temperature.json,,temperature,142619.2400384,15937.893190130126,0.8536907683594488,real,57170.52608512,6392.124106161646,0.9229651162790697,gate_planes_resnet50,0.8864513040608654,0.8758724052885759,0.5999859934037566,0.8545127007719981,0.8222825865109737,0.7854410281465964,0.7117541599543312,0.5821647516041784,0.3642380514382726,0.11406855160121265,0.003074394660561391,775,1,,5297,,,0.15000000000000002,199789.76612351998,22330.01729629177
reports/planes/cascade/gate_planes_resnet50_temperature.json,,temperature,134338.12287488,15012.467133929022,0.8621861430998679,real,57170.52608512,6392.124106161646,0.9113372093023255,gate_planes_resnet50,0.8860755679105976,0.8754357955708592,0.599741758675246,0.8540040463121813,0.8218898329861066,0.7848725324912809,0.7115173708204843,0.5821907081583153,0.36427382181724305,0.1140835160248311,0.003074394660561391,730,1,,5297,,,0.2,191508.64896000002,21404.591240090667
reports/planes/cascade/gate_planes_resnet50_temperature.json,,temperature,128633.35327334401,14374.951406323817,0.8680385123654899,real,57170.52608512,6392.124106161646,0.9098837209302325,gate_planes_resnet50,0.8769631480067781,0.8663939816237897,0.5956557803783504,0.8451043499567251,0.8217275001982095,0.7765906117255461,0.7113483676265149,0.5819375252006476,0.3593322600053739,0.11408566477935707,0.003074394660561391,699,1,,5297,,,0.25,185803.879358464,20767.075512485462
reports/planes/cascade/gate_planes_resnet50_temperature.json,,temperature,125504.931233792,14025.34600731451,0.8712478761563149,real,57170.52608512,6392.124106161646,0.9098837209302325,gate_planes_resnet50,0.8769631480067781,0.8663939816237897,0.5956557803783504,0.8451043499567251,0.8217275001982095,0.7765906117255461,0.7113483676265149,0.5819375252006476,0.3593322600053739,0.11408566477935707,0.003074394660561391,682,1,,5297,,,0.30000000000000004,182675.457318912,20417.470113476156
reports/planes/cascade/gate_planes_resnet50_temperature.json,,temperature,122376.50919424,13675.740608305205,0.8744572399471399,real,57170.52608512,6392.124106161646,0.9026162790697675,gate_planes_resnet50,0.8769527858015951,0.866354928569391,0.5956773803125759,0.8450523453193934,0.8216382454143217,0.7764951723489368,0.7116099375560933,0.5821191207644378,0.3593346298329477,0.11414224285808067,0.003074394660561391,665,1,,5297,,,0.35000000000000003,179547.03527936002,20067.86471446685
reports/planes/cascade/gate_planes_resnet50_temperature.json,,temperature,121088.335413248,13531.785444007255,0.8757787426845385,real,57170.52608512,6392.124106161646,0.8968023255813954,gate_planes_resnet50,0.8769703084798341,0.8664014455651469,0.5957051676155398,0.8450777261611697,0.8216108031304848,0.7765170554807773,0.7117122914249272,0.582186061214838,0.35935657160687434,0.11414501843078333,0.003074394660561391,658,1,,5297,,,0.4,178258.861498368,19923.9095501689
reports/planes/cascade/gate_planes_resnet50_temperature.json,,temperature,119616.1368064,13367.26525623817,0.8772890315272796,real,57170.52608512,6392.124106161646,0.8938953488372093,gate_planes_resnet50,0.8769512696297135,0.8663768892814081,0.5956990574179064,0.8450717980157632,0.8216034319953455,0.7765134848278265,0.7117090058200978,0.5821887099106892,0.35935657160687434,0.11414501843078333,0.003074394660561391,650,1,,5297,,,0.45,176786.66289152,19759.389362399816
reports/planes/cascade/gate_planes_resnet50_temperature.json,,temperature,118696.01267712,13264.440138882492,0.8782329620539928,real,57170.52608512,6392.124106161646,0.8909883720930233,gate_planes_resnet50,0.8766965737410161,0.866141599282829,0.5939614562776463,0.8448329936946969,0.8126957962041331,0.776157503295511,0.711307412311959,0.5753234159132207,0.35923247405071296,0.11415239962182368,0.003074394660561391,645,1,,5297,,,0.5,175866.53876224,19656.564245044137
reports/planes/cascade/gate_planes_resnet50_temperature.json,,temperature,117223.814070272,13099.919951113407,0.879743250896734,real,57170.52608512,6392.124106161646,0.8880813953488372,gate_planes_resnet50,0.8766985118688528,0.86613987813523,0.5939621844381319,0.8448348331188794,0.8126976512879995,0.7761592604628356,0.7113090252612023,0.5753234159132207,0.35923247405071296,0.11415239962182368,0.003074394660561391,637,1,,5297,,,0.55,174394.340155392,19492.044057275052
reports/planes/cascade/gate_planes_resnet50_temperature.json,,temperature,115015.51616,12853.139669459779,0.8820086841608458,real,57170.52608512,6392.124106161646,0.8808139534883721,gate_planes_resnet50,0.8671596209506672,0.8566123852298435,0.5901910868980991,0.8353589458007344,0.8120859516852925,0.7752910861995714,0.7032511144736588,0.5754422386544654,0.35943885279019255,0.11419627853600324,0.003074394660561391,625,1,,5297,,,0.6000000000000001,172186.04224511998,19245.263775621424
reports/planes/cascade/gate_planes_resnet50_temperature.json,,temperature,114463.441682432,12791.444599046372,0.8825750424768737,real,57170.52608512,6392.124106161646,0.8793604651162791,gate_planes_resnet50,0.8671596209506672,0.8566123852298435,0.5901910868980991,0.8353589458007344,0.8120859516852925,0.7752910861995714,0.7032511144736588,0.5754422386544654,0.35943885279019255,0.11419627853600324,0.003074394660561391,622,1,,5297,,,0.65,171633.967767552,19183.568705208017
reports/planes/cascade/gate_planes_resnet50_temperature.json,,temperature,112807.218249728,12606.359387806151,0.8842741174249575,real,57170.52608512,6392.124106161646,0.873546511627907,gate_planes_resnet50,0.8670349921700018,0.8565274089146293,0.5893235719558632,0.835268564120006,0.8119241374352164,0.7671346966378715,0.7032196355067329,0.5754164101235887,0.3594361087074551,0.11419937128256835,0.003074394660561391,613,1,,5297,,,0.7000000000000001,169977.74433484802,18998.483493967797
reports/planes/cascade/gate_planes_resnet50_temperature.json,,temperature,111335.01964288,12441.839200037066,0.8857844062676987,real,57170.52608512,6392.124106161646,0.8648255813953488,gate_planes_resnet50,0.8670161376747162,0.8565823847378661,0.5894015224950444,0.8353280710041968,0.8119392460243696,0.7673729894432801,0.7034168700524404,0.5755639392159625,0.3595074274874389,0.11421376464961118,0.003074394660561391,605,1,,5297,,,0.75,168505.545728,18833.96330619871
reports/planes/cascade/gate_planes_resnet50_temperature.json,,temperature,110414.8955136,12339.014082681388,0.8867283367944119,real,57170.52608512,6392.124106161646,0.8575581395348837,gate_planes_resnet50,0.8667837275024748,0.8563801574806809,0.5884776893461164,0.8351077837293318,0.8030894644535032,0.7670772606387357,0.7030853363039599,0.5756811984608309,0.3600580541292824,0.11442970195205905,0.0030842088103050927,600,1,,5297,,,0.8,167585.42159872002,18731.138188843033
reports/planes/cascade/gate_planes_resnet50_temperature.json,,temperature,109310.746558464,12215.623941854574,0.8878610534264678,real,57170.52608512,6392.124106161646,0.8517441860465116,gate_planes_resnet50,0.8574782819850809,0.8470736285319979,0.5864738652137221,0.8347460372431215,0.8028445965297184,0.7668316134237823,0.7030239143845991,0.5755386902678709,0.3596898749780189,0.1144278059827263,0.0030842088103050927,594,1,,5297,,,0.8500000000000001,166481.272643584,18607.74804801622
reports/planes/cascade/gate_planes_resnet50_temperature.json,,temperature,106918.423822336,11948.27863672981,0.8903152727959223,real,57170.52608512,6392.124106161646,0.8386627906976745,gate_planes_resnet50,0.8569439454434851,0.8465563978296017,0.5828465564561666,0.8253527571188056,0.7935188886640516,0.7580820901439297,0.6950495467755581,0.5755331652001235,0.3598793818781471,0.11446518269765792,0.0030842088103050927,581,1,,5297,,,0.9,164088.949907456,18340.402742891456
reports/planes/cascade/gate_planes_resnet50_temperature.json,,temperature,104710.125912064,11701.498355076183,0.8925807060600339,real,57170.52608512,6392.124106161646,0.8241279069767442,gate_planes_resnet50,0.8477652856446102,0.837415376234244,0.5810199983859038,0.8251572488335948,0.7933821949527009,0.7579383329025403,0.6950576777768223,0.5758236516083949,0.360074538132064,0.1145014689637609,0.0030842088103050927,569,1,,5297,,,0.9500000000000001,161880.651997184,18093.62246123783
reports/planes/cascade/gate_planes_resnet50_temperature.json,,temperature,0.0,0.0,1.0,real,57170.52608512,6392.124106161646,0.0,gate_planes_resnet50,0.0,0.0,0.0,0.0,0.0,0.0,0.0,0.0,0.0,0.0,0.0,0,1,,5297,,,1.0,57170.52608512,6392.124106161646
reports/planes/cascade/gate_planes_tiny_context_adaptive.json,,context_adaptive,974779.5025592321,108932.92932660552,0.0,real,26506.544636416,2931.176081983722,1.0,gate_planes_tiny,0.9151257181537812,0.9042543076046732,0.6147770516815452,0.8824829661262232,0.8495620928477391,0.8022976611576149,0.7266678294128557,0.5877931411437782,0.36292315389451707,0.11358925181370712,0.003074394660561391,5297,1,,5297,,,0.0,1001286.0471956481,111864.10540858924
reports/planes/cascade/gate_planes_tiny_context_adaptive.json,,context_adaptive,974779.5025592321,108932.92932660552,0.0,real,26506.544636416,2931.176081983722,1.0,gate_planes_tiny,0.9151257181537812,0.9042543076046732,0.6147770516815452,0.8824829661262232,0.8495620928477391,0.8022976611576149,0.7266678294128557,0.5877931411437782,0.36292315389451707,0.11358925181370712,0.003074394660561391,5297,1,,5297,,,0.05,1001286.0471956481,111864.10540858924
reports/planes/cascade/gate_planes_tiny_context_adaptive.json,,context_adaptive,974779.5025592321,108932.92932660552,0.0,real,26506.544636416,2931.176081983722,1.0,gate_planes_tiny,0.9151257181537812,0.9042543076046732,0.6147770516815452,0.8824829661262232,0.8495620928477391,0.8022976611576149,0.7266678294128557,0.5877931411437782,0.36292315389451707,0.11358925181370712,0.003074394660561391,5297,1,,5297,,,0.1,1001286.0471956481,111864.10540858924
reports/planes/cascade/gate_planes_tiny_context_adaptive.json,,context_adaptive,974779.5025592321,108932.92932660552,0.0,real,26506.544636416,2931.176081983722,1.0,gate_planes_tiny,0.9151257181537812,0.9042543076046732,0.6147770516815452,0.8824829661262232,0.8495620928477391,0.8022976611576149,0.7266678294128557,0.5877931411437782,0.36292315389451707,0.11358925181370712,0.003074394660561391,5297,1,,5297,,,0.15000000000000002,1001286.0471956481,111864.10540858924
reports/planes/cascade/gate_planes_tiny_context_adaptive.json,,context_adaptive,974779.5025592321,108932.92932660552,0.0,real,26506.544636416,2931.176081983722,1.0,gate_planes_tiny,0.9151257181537812,0.9042543076046732,0.6147770516815452,0.8824829661262232,0.8495620928477391,0.8022976611576149,0.7266678294128557,0.5877931411437782,0.36292315389451707,0.11358925181370712,0.003074394660561391,5297,1,,5297,,,0.2,1001286.0471956481,111864.10540858924
reports/planes/cascade/gate_planes_tiny_context_adaptive.json,,context_adaptive,974779.5025592321,108932.92932660552,0.0,real,26506.544636416,2931.176081983722,1.0,gate_planes_tiny,0.9151257181537812,0.9042543076046732,0.6147770516815452,0.8824829661262232,0.8495620928477391,0.8022976611576149,0.7266678294128557,0.5877931411437782,0.36292315389451707,0.11358925181370712,0.003074394660561391,5297,1,,5297,,,0.25,1001286.0471956481,111864.10540858924
reports/planes/cascade/gate_planes_tiny_context_adaptive.json,,context_adaptive,974779.5025592321,108932.92932660552,0.0,real,26506.544636416,2931.176081983722,1.0,gate_planes_tiny,0.9151257181537812,0.9042543076046732,0.6147770516815452,0.8824829661262232,0.8495620928477391,0.8022976611576149,0.7266678294128557,0.5877931411437782,0.36292315389451707,0.11358925181370712,0.003074394660561391,5297,1,,5297,,,0.30000000000000004,1001286.0471956481,111864.10540858924
reports/planes/cascade/gate_planes_tiny_context_adaptive.json,,context_adaptive,974779.5025592321,108932.92932660552,0.0,real,26506.544636416,2931.176081983722,1.0,gate_planes_tiny,0.9151257181537812,0.9042543076046732,0.6147770516815452,0.8824829661262232,0.8495620928477391,0.8022976611576149,0.7266678294128557,0.5877931411437782,0.36292315389451707,0.11358925181370712,0.003074394660561391,5297,1,,5297,,,0.35000000000000003,1001286.0471956481,111864.10540858924
reports/planes/cascade/gate_planes_tiny_context_adaptive.json,,context_adaptive,674635.011588096,75391.37604518328,0.3079101378138569,real,26506.544636416,2931.176081983722,0.9767441860465116,gate_planes_tiny,0.9149832167747186,0.9040314467635203,0.6137650172840108,0.87360943841244,0.8493152299969092,0.8022382581237386,0.726553472327615,0.5875393582131512,0.3627143354923318,0.11359102207512302,0.003074394660561391,3666,1,,5297,,,0.4,701141.556224512,78322.552127167
reports/planes/cascade/gate_planes_tiny_context_adaptive.json,,context_adaptive,612618.645274624,68460.96313541057,0.37153105531432884,real,26506.544636416,2931.176081983722,0.9709302325581395,gate_planes_tiny,0.9149307820687871,0.9039735140010695,0.6137436572397671,0.8735629895211396,0.8492334385256118,0.8020421737758892,0.7266903564289816,0.5876030792648576,0.3626862534362816,0.11363959071449106,0.003074394660561391,3329,1,,5297,,,0.45,639125.18991104,71392.13921739429
reports/planes/cascade/gate_planes_tiny_context_adaptive.json,,context_adaptive,511036.941402112,57109.07017934369,0.4757409854634699,real,26506.544636416,2931.176081983722,0.9520348837209303,gate_planes_tiny,0.9053888254869955,0.8945602618882557,0.608474322593609,0.8728812594407847,0.8400068633919062,0.7932215738789061,0.7182950063945319,0.5807328034988356,0.3628465261670266,0.11373571112828659,0.003074394660561391,2777,1,,5297,,,0.5,537543.486038528,60040.24626132741
reports/planes/cascade/gate_planes_tiny_context_adaptive.json,,context_adaptive,316890.750124032,35412.97041729558,0.6749103265999623,real,26506.544636416,2931.176081983722,0.9084302325581395,gate_planes_tiny,0.8764095219812332,0.8657686027202783,0.5933278404785127,0.844475897326897,0.8204535719147569,0.7749315021033505,0.701794087029623,0.5735519496416256,0.35838801712549084,0.11442434023275262,0.0030809147091179706,1722,1,,5297,,,0.55,343397.29476044804,38344.146499279304
reports/planes/cascade/gate_planes_tiny_context_adaptive.json,,context_adaptive,227638.709583872,25438.934033794794,0.7664715876911459,real,26506.544636416,2931.176081983722,0.873546511627907,gate_planes_tiny,0.85643339174686,0.8458171764628128,0.5812474275955872,0.824704146241126,0.7927987176106602,0.7570177376482238,0.6930659289954307,0.5662847194712285,0.3587074101842992,0.11456413288611318,0.0030809147091179706,1237,1,,5297,,,0.6000000000000001,254145.254220288,28370.110115778516
reports/planes/cascade/gate_planes_tiny_context_adaptive.json,,context_adaptive,190281.669935104,21264.234269154258,0.8047951670757032,real,26506.544636416,2931.176081983722,0.8517441860465116,gate_planes_tiny,0.8471039138395577,0.836480359027944,0.5785385779451844,0.8158001609165654,0.7927108570159023,0.7568282149799742,0.6930361297955576,0.5665197263759302,0.3591005118918939,0.11472169679821295,0.0030842088103050927,1034,1,,5297,,,0.65,216788.21457152,24195.41035113798
reports/planes/cascade/gate_planes_tiny_context_adaptive.json,,context_adaptive,164886.243966976,18426.26103013754,0.8308476496129885,real,26506.544636416,2931.176081983722,0.8183139534883721,gate_planes_tiny,0.8367391683946803,0.8261135882181285,0.5687363583528493,0.8054329395015429,0.7738235226335641,0.7385705653629469,0.6762065592564019,0.5586547777072959,0.35376026441627845,0.11496965266195404,0.003092545375699567,896,1,,5297,,,0.7000000000000001,191392.78860339202,21357.43711212126
reports/planes/cascade/gate_planes_tiny_context_adaptive.json,,context_adaptive,148876.084117504,16637.103988148738,0.8472720407777987,real,26506.544636416,2931.176081983722,0.8008720930232558,gate_planes_tiny,0.8274141235503281,0.8169579959761736,0.5659879633547338,0.7964055805425507,0.7735578342026042,0.7382035232124001,0.6762290146305279,0.5590279028086311,0.3539736691500501,0.11501744409837267,0.003092545375699567,809,1,,5297,,,0.75,175382.62875392003,19568.28007013246
reports/planes/cascade/gate_planes_tiny_context_adaptive.json,,context_adaptive,137650.56974028802,15382.637556409463,0.8587879932037001,real,26506.544636416,2931.176081983722,0.7805232558139535,gate_planes_tiny,0.8173657187382706,0.8069689079454967,0.5595609922689877,0.7865343621699827,0.763920144902543,0.7290019197539522,0.6677905430665495,0.5517982763282685,0.35415752631078307,0.11497829317279071,0.003094230301240563,748,1,,5297,,,0.8,164157.11437670403,18313.813638393185
reports/planes/cascade/gate_planes_tiny_context_adaptive.json,,context_adaptive,128265.303621632,14333.821359381545,0.8684160845761753,real,26506.544636416,2931.176081983722,0.7543604651162791,gate_planes_tiny,0.7981978922119108,0.7879118774102919,0.5495014407633336,0.7763767540519378,0.7452864518351278,0.7190612275054302,0.6582853870940203,0.543473348035428,0.34844165052616605,0.11488558866178296,0.003094230301240563,697,1,,5297,,,0.8500000000000001,154771.848258048,17264.997441365267
reports/planes/cascade/gate_planes_tiny_context_adaptive.json,,context_adaptive,118143.93819955201,13202.745068469085,0.8787993203700207,real,26506.544636416,2931.176081983722,0.7296511627906976,gate_planes_tiny,0.7882872463963452,0.7780536003709692,0.5433010847734285,0.766618531216044,0.7355192467803792,0.7098798640605793,0.6493363913415966,0.5424231802311213,0.34756435288131216,0.1122239686817505,0.0031044657741888908,642,1,,5297,,,0.9,144650.48283596803,16133.921150452807
reports/planes/cascade/gate_planes_tiny_context_adaptive.json,,context_adaptive,108390.622429184,12112.798824498896,0.8888049839531811,real,26506.544636416,2931.176081983722,0.6976744186046512,gate_planes_tiny,0.7687818504032106,0.7585912817693565,0.5313712895157054,0.7473973069175338,0.7250043116654745,0.6914128361182669,0.6393560429169634,0.5264710830555502,0.34128981930592983,0.11230043666591506,0.0031079263388523724,589,1,,5297,,,0.9500000000000001,134897.1670656,15043.974906482617
reports/planes/cascade/gate_planes_tiny_context_adaptive.json,,context_adaptive,99741.455613952,11146.24272135552,0.8976779309042855,real,26506.544636416,2931.176081983722,0.6424418604651163,gate_planes_tiny,0.7388832273097831,0.7288544085365857,0.5119758858552638,0.7088799975057369,0.6873452945272651,0.6637456423610986,0.6154683644524417,0.5223050278754001,0.33861694522491065,0.11264595072927606,0.00301400003014,542,1,,5297,,,1.0,126248.000250368,14077.418803339242
reports/planes/cascade/gate_planes_tiny_identity.json,,identity,974779.5025592321,108932.92932660552,0.0,real,26506.544636416,2931.176081983722,1.0,gate_planes_tiny,0.9151257181537812,0.9042543076046732,0.6147770516815452,0.8824829661262232,0.8495620928477391,0.8022976611576149,0.7266678294128557,0.5877931411437782,0.36292315389451707,0.11358925181370712,0.003074394660561391,5297,1,,5297,,,0.0,1001286.0471956481,111864.10540858924
reports/planes/cascade/gate_planes_tiny_identity.json,,identity,457485.717078016,51124.648349243216,0.5306777421181801,real,26506.544636416,2931.176081983722,0.9549418604651163,gate_planes_tiny,0.9056715181123106,0.8948921729804434,0.6087847731257858,0.8734522715019033,0.8405927791755159,0.79400071507551,0.7186443881607064,0.5809291621370978,0.3629463679636855,0.11364396149012275,0.003074394660561391,2486,1,,5297,,,0.05,483992.26171443204,54055.82443122694
reports/planes/cascade/gate_planes_tiny_identity.json,,identity,313946.352910336,35083.93004175741,0.6779309042854447,real,26506.544636416,2931.176081983722,0.9331395348837209,gate_planes_tiny,0.8959054709344734,0.8851586947268592,0.6038652401551734,0.8637998673761772,0.831124869620746,0.784797976652482,0.7179300624300519,0.580650224534453,0.36251562701832035,0.11369521359760895,0.003074394660561391,1706,1,,5297,,,0.1,340452.897546752,38015.106123741134
reports/planes/cascade/gate_planes_tiny_identity.json,,identity,248801.564557312,27803.911732975394,0.7447611855767415,real,26506.544636416,2931.176081983722,0.8982558139534884,gate_planes_tiny,0.8857601865504219,0.8750633060609446,0.5968919045431546,0.8539020451965416,0.8216132839364643,0.7755202691059299,0.7093926927301613,0.5732295682595856,0.35753811180139894,0.11382518712953506,0.003074394660561391,1352,1,,5297,,,0.15000000000000002,275308.109193728,30735.087814959115
reports/planes/cascade/gate_planes_tiny_identity.json,,identity,207211.953913856,23156.216428498738,0.7874268453841797,real,26506.544636416,2931.176081983722,0.873546511627907,gate_planes_tiny,0.8571798816915498,0.8465535452323735,0.5840839233983444,0.8342850317064517,0.8024149109378113,0.7652597289180963,0.693179583892741,0.566369694625939,0.3581274273655678,0.11438851490379393,0.0030809147091179706,1126,1,,5297,,,0.2,233718.49855027202,26087.39251048246
reports/planes/cascade/gate_planes_tiny_identity.json,,identity,184208.850681856,20585.58849460678,0.8110251085520106,real,26506.544636416,2931.176081983722,0.8517441860465116,gate_planes_tiny,0.8469212279754982,0.8363517453520142,0.5767023799481793,0.8153539017366067,0.7920791690238317,0.7481568845692687,0.6850793607486271,0.5665104237997076,0.3589280305365444,0.11456214103057649,0.0030809147091179706,1001,1,,5297,,,0.25,210715.395318272,23516.764576590504
reports/planes/cascade/gate_planes_tiny_identity.json,,identity,167462.59152896,18714.171358733438,0.8282046441381914,real,26506.544636416,2931.176081983722,0.8357558139534884,gate_planes_tiny,0.8466496800214255,0.8361152864748388,0.5759242297256401,0.8154292847168126,0.7837333922597369,0.7484051477300285,0.6853302691980337,0.566629279304336,0.3591705618328496,0.11469518690803196,0.0030842088103050927,910,1,,5297,,,0.30000000000000004,193969.136165376,21645.34744071716
reports/planes/cascade/gate_planes_tiny_identity.json,,identity,151820.48133120002,16966.144363686908,0.8442514630923164,real,26506.544636416,2931.176081983722,0.8052325581395349,gate_planes_tiny,0.817798406116137,0.807348760972693,0.5611677944074158,0.795569016212687,0.764303836943203,0.7291997676122928,0.6750376203970991,0.5509577027001794,0.3534219981764467,0.11494828956772013,0.003092545375699567,825,1,,5297,,,0.35000000000000003,178327.025967616,19897.32044567063
reports/planes/cascade/gate_planes_tiny_identity.json,,identity,140963.016605696,15752.807978889905,0.8553898433075325,real,26506.544636416,2931.176081983722,0.7906976744186046,gate_planes_tiny,0.8175910393152065,0.8072169257472188,0.5594911905020765,0.7867280237061058,0.7640597646692325,0.7289496341582459,0.6674187153204683,0.5511738671801089,0.3536705093895041,0.11501088015897475,0.003092545375699567,766,1,,5297,,,0.4,167469.56124211202,18683.984060873627
reports/planes/cascade/gate_planes_tiny_identity.json,,identity,132681.899442176,14827.3819226888,0.8638852180479517,real,26506.544636416,2931.176081983722,0.7703488372093024,gate_planes_tiny,0.8077322086369848,0.797347028897474,0.5540258386241642,0.7769069314756796,0.7544566227662013,0.7196883960211966,0.6666668567723879,0.5509888283534846,0.348432226419405,0.1149450565975889,0.003094230301240563,721,1,,5297,,,0.45,159188.444078592,17758.558004672523
reports/planes/cascade/gate_planes_tiny_identity.json,,identity,125136.88158208001,13984.21596037224,0.8716254483670002,real,26506.544636416,2931.176081983722,0.748546511627907,gate_planes_tiny,0.797901609168236,0.7876720900679322,0.5475495544676148,0.7673401831062057,0.7449333294606099,0.7104102139730476,0.6578525857216323,0.5432316512142883,0.3482806225830789,0.11477902907987632,0.003094230301240563,680,1,,5297,,,0.5,151643.426218496,16915.39204235596
reports/planes/cascade/gate_planes_tiny_identity.json,,identity,114831.491334144,12832.574645988643,0.8821974702661884,real,26506.544636416,2931.176081983722,0.7180232558139535,gate_planes_tiny,0.778731824913318,0.7775119272288542,0.5395783082612776,0.7573948757540625,0.7349542341930952,0.7009624178841443,0.6486192683622198,0.5350928275358007,0.34719515228901277,0.11221608867808047,0.0031044657741888908,624,1,,5297,,,0.55,141338.03597055998,15763.750727972365
reports/planes/cascade/gate_planes_tiny_identity.json,,identity,105630.250041344,11804.32347243186,0.8916367755333208,real,26506.544636416,2931.176081983722,0.690406976744186,gate_planes_tiny,0.7685283066614087,0.7583600792016576,0.5303029040934926,0.7470343402121682,0.7161406506358509,0.6911139646439194,0.6389401029549423,0.5263167023303306,0.3411592815724395,0.1123276863833548,0.0031079263388523724,574,1,,5297,,,0.6000000000000001,132136.79467776,14735.499554415583
reports/planes/cascade/gate_planes_tiny_identity.json,,identity,96244.983922688,10755.507275403943,0.9012648669057958,real,26506.544636416,2931.176081983722,0.6308139534883721,gate_planes_tiny,0.7294450104751257,0.719459634070788,0.5099703194897948,0.7085651963380929,0.6870406486931036,0.6635245770059647,0.6152931696555173,0.5221882425160552,0.3385381059950661,0.11263461011809403,0.00301400003014,523,1,,5297,,,0.65,122751.528559104,13686.683357387665
reports/planes/cascade/gate_planes_tiny_identity.json,,identity,86307.643326464,9644.996007962618,0.9114593165942987,real,26506.544636416,2931.176081983722,0.5799418604651163,gate_planes_tiny,0.7001660862058094,0.6990909956408903,0.49197569860295187,0.6795635153337797,0.6582900410609372,0.6351453797420767,0.5961466989427059,0.5048642018015171,0.33142492392812084,0.11204237955883951,0.0030227638148430224,469,1,,5297,,,0.7000000000000001,112814.18796288001,12576.17208994634
reports/planes/cascade/gate_planes_tiny_identity.json,,identity,76554.327556096,8555.049763992429,0.9214649801774589,real,26506.544636416,2931.176081983722,0.5174418604651163,gate_planes_tiny,0.6707794790845785,0.6700040695404039,0.47580060917697536,0.6592938280388058,0.6384211780186813,0.6155686020030448,0.5772303525463159,0.48822239644564536,0.3255798950488331,0.10988225982676458,0.0030240312166809904,416,1,,5297,,,0.75,103060.872192512,11486.22584597615
reports/planes/cascade/gate_planes_tiny_identity.json,,identity,65512.838004736004,7321.14835572429,0.9327921464980178,real,26506.544636416,2931.176081983722,0.4476744186046512,gate_planes_tiny,0.6409677948466435,0.6311914996949332,0.45412284513347095,0.6208779200204908,0.6089812140237004,0.5866954660751887,0.5504297508355469,0.47076742314501635,0.3182744187799931,0.11001253664686769,0.003030427266329117,356,1,,5297,,,0.8,92019.38264115201,10252.324437708012
reports/planes/cascade/gate_planes_tiny_identity.json,,identity,51342.926413824,5737.641548446845,0.9473286766094016,real,26506.544636416,2931.176081983722,0.36773255813953487,gate_planes_tiny,0.5920235833945693,0.5912339070903544,0.42433802505935914,0.5812246507665163,0.5606745036237373,0.5475856634424474,0.5125037899122631,0.4440432405459532,0.3045527293805335,0.10662529474741977,0.002912887689797257,279,1,,5297,,,0.8500000000000001,77849.47105024001,8668.817630430567
reports/planes/cascade/gate_planes_tiny_identity.json,,identity,35516.791390208,3969.0495299291797,0.9635642816688692,real,26506.544636416,2931.176081983722,0.26308139534883723,gate_planes_tiny,0.5234405853690532,0.5231147802878442,0.37946133780164426,0.5131297103800216,0.5022530124622082,0.4899029568987908,0.46483718853798056,0.40001747981025026,0.2753038709841985,0.09951309297216147,0.0031007003139338326,193,1,,5297,,,0.9,62023.336026624005,6900.2256119129015
reports/planes/cascade/gate_planes_tiny_identity.json,,identity,23187.128057856,2591.1929573630914,0.9762129507268265,real,26506.544636416,2931.176081983722,0.17296511627906977,gate_planes_tiny,0.424583669312806,0.42442220180840984,0.3108673633556195,0.4147027136778074,0.4133038334699584,0.40220886255959254,0.3794711689087694,0.3286624937221495,0.2352592345842006,0.08325129798441971,0.0028081575280815754,126,1,,5297,,,0.9500000000000001,49693.672694272,5522.369039346813
reports/planes/cascade/gate_planes_tiny_identity.json,,identity,0.0,0.0,1.0,real,26506.544636416,2931.176081983722,0.0,gate_planes_tiny,0.0,0.0,0.0,0.0,0.0,0.0,0.0,0.0,0.0,0.0,0.0,0,1,,5297,,,1.0,26506.544636416,2931.176081983722
reports/planes/cascade/gate_planes_tiny_isotonic.json,,isotonic,974779.5025592321,108932.92932660552,0.0,real,26506.544636416,2931.176081983722,1.0,gate_planes_tiny,0.9151257181537812,0.9042543076046732,0.6147770516815452,0.8824829661262232,0.8495620928477391,0.8022976611576149,0.7266678294128557,0.5877931411437782,0.36292315389451707,0.11358925181370712,0.003074394660561391,5297,1,,5297,,,0.0,1001286.0471956481,111864.10540858924
reports/planes/cascade/gate_planes_tiny_isotonic.json,,isotonic,311738.055000064,34837.149760103785,0.6801963375495563,real,26506.544636416,2931.176081983722,0.9331395348837209,gate_planes_tiny,0.8959054709344734,0.8851586947268592,0.6038652401551734,0.8637998673761772,0.831124869620746,0.784797976652482,0.7179300624300519,0.580650224534453,0.36251562701832035,0.11369521359760895,0.003074394660561391,1694,1,,5297,,,0.05,338244.59963648004,37768.325842087506
reports/planes/cascade/gate_planes_tiny_isotonic.json,,isotonic,203531.45739673602,22744.915959076025,0.7912025674910327,real,26506.544636416,2931.176081983722,0.873546511627907,gate_planes_tiny,0.8571798816915498,0.8465535452323735,0.5840839233983444,0.8342850317064517,0.8024149109378113,0.7652597289180963,0.693179583892741,0.566369694625939,0.3581274273655678,0.11438851490379393,0.0030809147091179706,1106,1,,5297,,,0.1,230038.00203315204,25676.092041059746
reports/planes/cascade/gate_planes_tiny_isotonic.json,,isotonic,176847.857647616,19762.987555761356,0.8185765527657165,real,26506.544636416,2931.176081983722,0.8488372093023255,gate_planes_tiny,0.8468784253381626,0.8362805148489181,0.5766665608703103,0.8152886015058324,0.7919317049466924,0.7480855828156505,0.6850098706423565,0.5665611875444765,0.3589805929528857,0.11456821339901005,0.0030809147091179706,961,1,,5297,,,0.15000000000000002,203354.40228403202,22694.163637745078
reports/planes/cascade/gate_planes_tiny_isotonic.json,,isotonic,168014.66600652802,18775.866429146845,0.8276382858221635,real,26506.544636416,2931.176081983722,0.8372093023255814,gate_planes_tiny,0.8466496800214255,0.8361152864748388,0.5759242297256401,0.8154292847168126,0.7837333922597369,0.7484051477300285,0.6853302691980337,0.566629279304336,0.3591705618328496,0.11469518690803196,0.0030842088103050927,913,1,,5297,,,0.2,194521.21064294403,21707.042511130567
reports/planes/cascade/gate_planes_tiny_isotonic.json,,isotonic,138018.619392,15423.767603351735,0.8584104209930149,real,26506.544636416,2931.176081983722,0.7863372093023255,gate_planes_tiny,0.8175207189001359,0.8071214340227603,0.5594446408565846,0.7866198760578638,0.7640158436641651,0.728896903641241,0.6673941304632858,0.5511201030437132,0.3536582700661021,0.11500658333087982,0.003092545375699567,750,1,,5297,,,0.25,164525.16402841598,18354.943685335456
reports/planes/cascade/gate_planes_tiny_isotonic.json,,isotonic,135258.24700416002,15115.2922512847,0.8612422125731546,real,26506.544636416,2931.176081983722,0.7805232558139535,gate_planes_tiny,0.8080711572348158,0.7976484710247893,0.5557321626745184,0.7860454140513109,0.7547999885900252,0.7200227102424723,0.6672036213312625,0.551485852531594,0.35391765556012234,0.11503252587755157,0.003094230301240563,735,1,,5297,,,0.30000000000000004,161764.79164057603,18046.46833326842
reports/planes/cascade/gate_planes_tiny_isotonic.json,,isotonic,135258.24700416002,15115.2922512847,0.8612422125731546,real,26506.544636416,2931.176081983722,0.7805232558139535,gate_planes_tiny,0.8080711572348158,0.7976484710247893,0.5557321626745184,0.7860454140513109,0.7547999885900252,0.7200227102424723,0.6672036213312625,0.551485852531594,0.35391765556012234,0.11503252587755157,0.003094230301240563,735,1,,5297,,,0.35000000000000003,161764.79164057603,18046.46833326842
reports/planes/cascade/gate_planes_tiny_isotonic.json,,isotonic,118143.93819955201,13202.745068469085,0.8787993203700207,real,26506.544636416,2931.176081983722,0.7325581395348837,gate_planes_tiny,0.7883168547541115,0.7780687797991004,0.5432293306048666,0.7666771857890423,0.7355803485504471,0.7093992207160278,0.6490860055581689,0.5422725692810372,0.34789439190065646,0.1118969199475377,0.003101029752537206,642,1,,5297,,,0.4,144650.48283596803,16133.921150452807
reports/planes/cascade/gate_planes_tiny_isotonic.json,,isotonic,105078.175563776,11742.628402018454,0.8922031338493487,real,26506.544636416,2931.176081983722,0.688953488372093,gate_planes_tiny,0.7684795321958108,0.7582985739348667,0.5285844266561879,0.738202352363226,0.7161042182112077,0.691043891590377,0.6311549500898296,0.5261931289876435,0.3410023862243984,0.11225730662566537,0.0031079263388523724,571,1,,5297,,,0.45,131584.720200192,14673.804484002176
reports/planes/cascade/gate_planes_tiny_isotonic.json,,isotonic,105078.175563776,11742.628402018454,0.8922031338493487,real,26506.544636416,2931.176081983722,0.688953488372093,gate_planes_tiny,0.7684795321958108,0.7582985739348667,0.5285844266561879,0.738202352363226,0.7161042182112077,0.691043891590377,0.6311549500898296,0.5261931289876435,0.3410023862243984,0.11225730662566537,0.0031079263388523724,571,1,,5297,,,0.5,131584.720200192,14673.804484002176
reports/planes/cascade/gate_planes_tiny_isotonic.json,,isotonic,105078.175563776,11742.628402018454,0.8922031338493487,real,26506.544636416,2931.176081983722,0.688953488372093,gate_planes_tiny,0.7684795321958108,0.7582985739348667,0.5285844266561879,0.738202352363226,0.7161042182112077,0.691043891590377,0.6311549500898296,0.5261931289876435,0.3410023862243984,0.11225730662566537,0.0031079263388523724,571,1,,5297,,,0.55,131584.720200192,14673.804484002176
reports/planes/cascade/gate_planes_tiny_isotonic.json,,isotonic,105078.175563776,11742.628402018454,0.8922031338493487,real,26506.544636416,2931.176081983722,0.688953488372093,gate_planes_tiny,0.7684795321958108,0.7582985739348667,0.5285844266561879,0.738202352363226,0.7161042182112077,0.691043891590377,0.6311549500898296,0.5261931289876435,0.3410023862243984,0.11225730662566537,0.0031079263388523724,571,1,,5297,,,0.6000000000000001,131584.720200192,14673.804484002176
reports/planes/cascade/gate_planes_tiny_isotonic.json,,isotonic,105078.175563776,11742.628402018454,0.8922031338493487,real,26506.544636416,2931.176081983722,0.688953488372093,gate_planes_tiny,0.7684795321958108,0.7582985739348667,0.5285844266561879,0.738202352363226,0.7161042182112077,0.691043891590377,0.6311549500898296,0.5261931289876435,0.3410023862243984,0.11225730662566537,0.0031079263388523724,571,1,,5297,,,0.65,131584.720200192,14673.804484002176
reports/planes/cascade/gate_planes_tiny_isotonic.json,,isotonic,105078.175563776,11742.628402018454,0.8922031338493487,real,26506.544636416,2931.176081983722,0.688953488372093,gate_planes_tiny,0.7684795321958108,0.7582985739348667,0.5285844266561879,0.738202352363226,0.7161042182112077,0.691043891590377,0.6311549500898296,0.5261931289876435,0.3410023862243984,0.11225730662566537,0.0031079263388523724,571,1,,5297,,,0.7000000000000001,131584.720200192,14673.804484002176
reports/planes/cascade/gate_planes_tiny_isotonic.json,,isotonic,87043.742629888,9727.25610184716,0.9107041721729281,real,26506.544636416,2931.176081983722,0.5857558139534884,gate_planes_tiny,0.7002498292620378,0.6992458735548791,0.4927931140099398,0.6795836544073235,0.6667287041001287,0.6350331751657269,0.5960020378302286,0.5047360996910308,0.3312563139730914,0.11207268830010762,0.0030227638148430224,473,1,,5297,,,0.75,113550.287266304,12658.432183830882
reports/planes/cascade/gate_planes_tiny_isotonic.json,,isotonic,46926.33059328,5244.08098513959,0.9518595431376251,real,26506.544636416,2931.176081983722,0.3430232558139535,gate_planes_tiny,0.5720289249360998,0.5624717707402954,0.4075949498089827,0.5523070585478703,0.5409867473836389,0.5279458708540866,0.4936653605374425,0.42626759141487597,0.290947209456555,0.1064096061352939,0.0029193580836682892,255,1,,5297,,,0.8,73432.875229696,8175.257067123312
reports/planes/cascade/gate_planes_tiny_isotonic.json,,isotonic,43061.809250304,4812.215492245741,0.9558240513498206,real,26506.544636416,2931.176081983722,0.3183139534883721,gate_planes_tiny,0.5622384398967588,0.5526464663497088,0.40271479891303397,0.5426031431356848,0.5314300076019312,0.518584033210346,0.49287928911993495,0.4262668846401657,0.2913990420182673,0.10617757467981075,0.0029231084777317363,234,1,,5297,,,0.8500000000000001,69568.35388672,7743.391574229463
reports/planes/cascade/gate_planes_tiny_isotonic.json,,isotonic,28523.84800768,3187.578638026025,0.9707381536718898,real,26506.544636416,2931.176081983722,0.21511627906976744,gate_planes_tiny,0.4739987467710859,0.47386013388556336,0.34409689634688706,0.46404676381094556,0.45337171245316876,0.441369883990537,0.4171981220999718,0.36365161931985973,0.2578358589882549,0.09296185696260682,0.00267426518687703,155,1,,5297,,,0.9,55030.392644096006,6118.754720009747
reports/planes/cascade/gate_planes_tiny_isotonic.json,,isotonic,10857.464725504,1213.3363847970031,0.9888616197847838,real,26506.544636416,2931.176081983722,0.08430232558139535,gate_planes_tiny,0.2864485456539987,0.28640480174475347,0.2158293566597827,0.2861895828660322,0.27626394729064635,0.2749887424169186,0.26321641078452856,0.2358002570824631,0.1751655360181112,0.07134049521562265,0.0024752475247524753,59,1,,5297,,,0.9500000000000001,37364.009361920005,4144.512466780725
reports/planes/cascade/gate_planes_tiny_isotonic.json,,isotonic,3496.471691264,390.7354459515773,0.9964130639984897,real,26506.544636416,2931.176081983722,0.027616279069767442,gate_planes_tiny,0.1187782615273412,0.1187782615273412,0.09375945530231791,0.1187782615273412,0.11865849512746528,0.11832694874387183,0.11791111035228212,0.1051028416631635,0.0820143527521206,0.03716160083403959,0.0020844189682126106,19,1,,5297,,,1.0,30003.01632768,3321.911527935299
reports/planes/cascade/gate_planes_tiny_platt.json,,platt,974779.5025592321,108932.92932660552,0.0,real,26506.544636416,2931.176081983722,1.0,gate_planes_tiny,0.9151257181537812,0.9042543076046732,0.6147770516815452,0.8824829661262232,0.8495620928477391,0.8022976611576149,0.7266678294128557,0.5877931411437782,0.36292315389451707,0.11358925181370712,0.003074394660561391,5297,1,,5297,,,0.0,1001286.0471956481,111864.10540858924
reports/planes/cascade/gate_planes_tiny_platt.json,,platt,327564.19002368,36605.74177862145,0.6639607324900887,real,26506.544636416,2931.176081983722,0.936046511627907,gate_planes_tiny,0.8959326363702864,0.8851702291607415,0.6038650151534144,0.863819848287369,0.8311686837872052,0.7848139720034699,0.7178705834471905,0.5806088000805969,0.3624984904592076,0.11369251327751533,0.003074394660561391,1780,1,,5297,,,0.05,354070.734660096,39536.91786060517
reports/planes/cascade/gate_planes_tiny_platt.json,,platt,231503.23092684802,25870.799526688643,0.7625070794789504,real,26506.544636416,2931.176081983722,0.8866279069767442,gate_planes_tiny,0.8664933489646871,0.8558430277090635,0.5876391495758918,0.8348335051195634,0.8027972974942376,0.7658256255760978,0.7010247149671113,0.5734611799794322,0.3587602537624272,0.11427652595925565,0.0030760162270417834,1258,1,,5297,,,0.1,258009.77556326403,28801.975608672365
reports/planes/cascade/gate_planes_tiny_platt.json,,platt,190281.669935104,21264.234269154258,0.8047951670757032,real,26506.544636416,2931.176081983722,0.8590116279069767,gate_planes_tiny,0.8565847749570505,0.8459386284757098,0.5813940565130381,0.8248974212329759,0.7930289494799869,0.7572120549451852,0.6935562073793484,0.5667194811127085,0.3584713769118599,0.1144507559264387,0.0030809147091179706,1034,1,,5297,,,0.15000000000000002,216788.21457152,24195.41035113798
reports/planes/cascade/gate_planes_tiny_platt.json,,platt,166910.517051392,18652.47628832003,0.8287710024542194,real,26506.544636416,2931.176081983722,0.8343023255813954,gate_planes_tiny,0.8466496800214255,0.8361152864748388,0.5759242297256401,0.8154292847168126,0.7837333922597369,0.7484051477300285,0.6853302691980337,0.566629279304336,0.3591705618328496,0.11469518690803196,0.0030842088103050927,907,1,,5297,,,0.2,193417.06168780802,21583.652370303753
reports/planes/cascade/gate_planes_tiny_platt.json,,platt,149244.13376921602,16678.23403509101,0.8468944685671135,real,26506.544636416,2931.176081983722,0.8037790697674418,gate_planes_tiny,0.8177841478194412,0.8074168794139784,0.5611994020139959,0.7956338865424603,0.7643655458714025,0.729249969958094,0.675080544964225,0.550986078139337,0.3534345074109513,0.11494991464436917,0.003092545375699567,811,1,,5297,,,0.25,175750.67840563203,19609.41011707473
reports/planes/cascade/gate_planes_tiny_platt.json,,platt,138386.669043712,15464.897650294006,0.8580328487823297,real,26506.544636416,2931.176081983722,0.7863372093023255,gate_planes_tiny,0.8175207189001359,0.8071214340227603,0.5594446408565846,0.7866198760578638,0.7640158436641651,0.728896903641241,0.6673941304632858,0.5511201030437132,0.3536582700661021,0.11500658333087982,0.003092545375699567,752,1,,5297,,,0.30000000000000004,164893.21368012798,18396.073732277728
reports/planes/cascade/gate_planes_tiny_platt.json,,platt,130289.576706048,14560.036617564037,0.866339437417406,real,26506.544636416,2931.176081983722,0.7616279069767442,gate_planes_tiny,0.7981687139596173,0.7878908881288591,0.5494465125940822,0.7763112493662507,0.7451792588209358,0.718931890699491,0.6582376146206408,0.5435156549957169,0.3483504618723198,0.11478516317574998,0.003094230301240563,708,1,,5297,,,0.35000000000000003,156796.121342464,17491.21269954776
reports/planes/cascade/gate_planes_tiny_platt.json,,platt,120168.211283968,13428.960326651577,0.8767226732112516,real,26506.544636416,2931.176081983722,0.7340116279069767,gate_planes_tiny,0.7883834871827663,0.7781422717063339,0.5432853528064177,0.7666942175595118,0.7355561118161306,0.709686223728347,0.6492284674749671,0.5424021558037772,0.3477772227709878,0.11188234026881755,0.003101029752537206,653,1,,5297,,,0.4,146674.75592038402,16360.136408635299
reports/planes/cascade/gate_planes_tiny_platt.json,,platt,112991.243075584,12626.924411277287,0.8840853313196149,real,26506.544636416,2931.176081983722,0.7122093023255814,gate_planes_tiny,0.7785347554260669,0.7683066436314855,0.5385888820892528,0.7570209249067289,0.7344709966733193,0.7009226662203103,0.6485850072833144,0.5352938947338458,0.3473940056953464,0.11225546054792217,0.0031044657741888908,614,1,,5297,,,0.45,139497.78771200002,15558.100493261009
reports/planes/cascade/gate_planes_tiny_platt.json,,platt,104894.15073792,11722.063378547318,0.8923919199546914,real,26506.544636416,2931.176081983722,0.6875,gate_planes_tiny,0.7683842991039195,0.7582417046183904,0.5285498472521261,0.7381585780544654,0.7160590644694633,0.6909952864029252,0.6311015713763137,0.5261678884698525,0.34102214944083475,0.11226000424624359,0.0031079263388523724,570,1,,5297,,,0.5,131400.695374336,14653.23946053104
reports/planes/cascade/gate_planes_tiny_platt.json,,platt,96060.959096832,10734.942251932807,0.9014536530111383,real,26506.544636416,2931.176081983722,0.6308139534883721,gate_planes_tiny,0.7294450104751257,0.719459634070788,0.5099703194897948,0.7085651963380929,0.6870406486931036,0.6635245770059647,0.6152931696555173,0.5221882425160552,0.3385381059950661,0.11263461011809403,0.00301400003014,522,1,,5297,,,0.55,122567.503733248,13666.118333916529
reports/planes/cascade/gate_planes_tiny_platt.json,,platt,86859.717804032,9706.691078376025,0.9108929582782708,real,26506.544636416,2931.176081983722,0.5843023255813954,gate_planes_tiny,0.7002519425729876,0.6992577445583459,0.4927963599395501,0.6795909577475351,0.6667352871871709,0.6350355408180494,0.5960042607323397,0.5047360996910308,0.3312563139730914,0.11207268830010762,0.0030227638148430224,472,1,,5297,,,0.6000000000000001,113366.262440448,12637.867160359747
reports/planes/cascade/gate_planes_tiny_platt.json,,platt,80050.79924736,8945.785209944006,0.9178780441759486,real,26506.544636416,2931.176081983722,0.5392441860465116,gate_planes_tiny,0.6804246433525154,0.670446998474534,0.47860570680787784,0.6599708719278563,0.6476295091437314,0.6159603256050026,0.5777954899590034,0.49568428211867693,0.32529635246142075,0.10982456381935675,0.0030240312166809904,435,1,,5297,,,0.65,106557.343883776,11876.961291927728
reports/planes/cascade/gate_planes_tiny_platt.json,,platt,71769.68208384,8020.359153742902,0.9263734189163677,real,26506.544636416,2931.176081983722,0.48401162790697677,gate_planes_tiny,0.6607721122600458,0.6508657708004174,0.4680755156289094,0.6404395369902363,0.6282337254023826,0.6057298535180492,0.5687586817346606,0.48733641180544734,0.3254151404745618,0.11017862077303966,0.003025302530253025,390,1,,5297,,,0.7000000000000001,98276.226720256,10951.535235726624
reports/planes/cascade/gate_planes_tiny_platt.json,,platt,62568.440791040004,6992.10798018612,0.9358127241835001,real,26506.544636416,2931.176081983722,0.4273255813953488,gate_planes_tiny,0.6310656754736248,0.6213558203076985,0.44755852431340637,0.6110801339674319,0.599194317709904,0.576995073333093,0.5411893081298013,0.4696155173684397,0.312086930813374,0.10997203876436723,0.003030427266329117,340,1,,5297,,,0.75,89074.985427456,9923.284062169841
reports/planes/cascade/gate_planes_tiny_platt.json,,platt,51710.976065536,5778.771595389117,0.9469511043987162,real,26506.544636416,2931.176081983722,0.3691860465116279,gate_planes_tiny,0.5920654529258835,0.5912536417211174,0.4243482764876002,0.5812679398193042,0.5607353116792146,0.547630376153088,0.512460480360838,0.44400152687826294,0.3045326741366423,0.10662247351185376,0.002912887689797257,281,1,,5297,,,0.8,78217.520701952,8709.947677372838
reports/planes/cascade/gate_planes_tiny_platt.json,,platt,39933.387210752,4462.610093236435,0.9590334151406457,real,26506.544636416,2931.176081983722,0.29505813953488375,gate_planes_tiny,0.5527543358765755,0.5521613053412329,0.3988638074544465,0.5423431554856528,0.5311695716752635,0.5095561808158118,0.4842661349673295,0.41868876894138546,0.29163890395864495,0.10313566528622617,0.00292405219634235,217,1,,5297,,,0.8500000000000001,66439.931847168,7393.786175220157
reports/planes/cascade/gate_planes_tiny_platt.json,,platt,29443.97213696,3290.4037553817034,0.9697942231451765,real,26506.544636416,2931.176081983722,0.22093023255813954,gate_planes_tiny,0.474184416771709,0.4740601162845658,0.3478659711963022,0.47351269524037476,0.4627871393679059,0.45058908781606166,0.42597652839793954,0.3637061512076327,0.2579662059102021,0.09320435810718118,0.0026730128594488678,160,1,,5297,,,0.9,55950.516773376,6221.579837365425
reports/planes/cascade/gate_planes_tiny_platt.json,,platt,20058.706018304,2241.5875583537854,0.9794223145176515,real,26506.544636416,2931.176081983722,0.14825581395348839,gate_planes_tiny,0.3852875296208084,0.3851728462887754,0.2846153183231559,0.38483759797004585,0.37446320489299406,0.36343216272249723,0.3502145655140241,0.30078743590516416,0.22024375583706624,0.07923883695543148,0.0024752475247524753,109,1,,5297,,,0.9500000000000001,46565.25065472,5172.763640337507
reports/planes/cascade/gate_planes_tiny_platt.json,,platt,0.0,0.0,1.0,real,26506.544636416,2931.176081983722,0.0,gate_planes_tiny,0.0,0.0,0.0,0.0,0.0,0.0,0.0,0.0,0.0,0.0,0.0,0,1,,5297,,,1.0,26506.544636416,2931.176081983722
reports/planes/cascade/gate_planes_tiny_temperature.json,,temperature,974779.5025592321,108932.92932660552,0.0,real,26506.544636416,2931.176081983722,1.0,gate_planes_tiny,0.9151257181537812,0.9042543076046732,0.6147770516815452,0.8824829661262232,0.8495620928477391,0.8022976611576149,0.7266678294128557,0.5877931411437782,0.36292315389451707,0.11358925181370712,0.003074394660561391,5297,1,,5297,,,0.0,1001286.0471956481,111864.10540858924
reports/planes/cascade/gate_planes_tiny_temperature.json,,temperature,361056.708329472,40348.57605036814,0.629601661317727,real,26506.544636416,2931.176081983722,0.940406976744186,gate_planes_tiny,0.8960290813331824,0.8852884142943581,0.6039951968736338,0.864010851734941,0.831344400982463,0.7849758679391858,0.7181189721179998,0.5807247773263705,0.362692383742564,0.1136928246047119,0.003074394660561391,1962,1,,5297,,,0.05,387563.252965888,43279.75213235186
reports/planes/cascade/gate_planes_tiny_temperature.json,,temperature,262971.476148224,29387.41854025284,0.7302246554653578,real,26506.544636416,2931.176081983722,0.9084302325581395,gate_planes_tiny,0.8859164283631289,0.8751977766225979,0.5969533367640064,0.8540744195264489,0.8217336737411854,0.7756410517195109,0.7093292183951535,0.5731812460593284,0.35759062866133595,0.11379452989081253,0.003074394660561391,1429,1,,5297,,,0.1,289478.02078464004,32318.59462223656
reports/planes/cascade/gate_planes_tiny_temperature.json,,temperature,214756.971773952,23999.3823908153,0.7796866150651312,real,26506.544636416,2931.176081983722,0.875,gate_planes_tiny,0.8661896389207623,0.8465726573700441,0.5849872875687011,0.8343043715067183,0.8024091404047224,0.7652526916733613,0.693177824206984,0.566369694625939,0.3581274273655678,0.11438851490379393,0.0030809147091179706,1167,1,,5297,,,0.15000000000000002,241263.51641036803,26930.55847279902
reports/planes/cascade/gate_planes_tiny_temperature.json,,temperature,190281.669935104,21264.234269154258,0.8047951670757032,real,26506.544636416,2931.176081983722,0.8590116279069767,gate_planes_tiny,0.8565847749570505,0.8459386284757098,0.5813940565130381,0.8248974212329759,0.7930289494799869,0.7572120549451852,0.6935562073793484,0.5667194811127085,0.3584713769118599,0.1144507559264387,0.0030809147091179706,1034,1,,5297,,,0.2,216788.21457152,24195.41035113798
reports/planes/cascade/gate_planes_tiny_temperature.json,,temperature,171695.162523648,19187.166898569558,0.8238625637153105,real,26506.544636416,2931.176081983722,0.8401162790697675,gate_planes_tiny,0.8467995188587781,0.8362232818625435,0.5759576767146616,0.8155128108516788,0.7837759361665945,0.748376360915574,0.6853047567962907,0.5666474197128625,0.35915728626395566,0.11469518690803196,0.0030842088103050927,933,1,,5297,,,0.25,198201.70716006402,22118.34298055328
reports/planes/cascade/gate_planes_tiny_temperature.json,,temperature,157157.201281024,17562.53004434984,0.8387766660373797,real,26506.544636416,2931.176081983722,0.8125,gate_planes_tiny,0.8275344472102303,0.8170807868557752,0.5659191282448063,0.7965332251223906,0.773804934945312,0.7385768385283564,0.6760032550137491,0.5582526353245012,0.35337216757279427,0.11494044649925374,0.003092545375699567,854,1,,5297,,,0.30000000000000004,183663.74591743998,20493.706126333564
reports/planes/cascade/gate_planes_tiny_temperature.json,,temperature,147219.86068480002,16452.018776908517,0.8489711157258826,real,26506.544636416,2931.176081983722,0.7994186046511628,gate_planes_tiny,0.8177444367432674,0.8073648592271889,0.5595380319633919,0.7868201998431897,0.7642357379371487,0.7291530305794754,0.6674118953000252,0.5511006732941793,0.35349202006545316,0.1149649212682903,0.003092545375699567,800,1,,5297,,,0.35000000000000003,173726.40532121604,19383.19485889224
reports/planes/cascade/gate_planes_tiny_temperature.json,,temperature,138202.644217856,15444.33262682287,0.8582216348876723,real,26506.544636416,2931.176081983722,0.7863372093023255,gate_planes_tiny,0.8175207189001359,0.8071214340227603,0.5594446408565846,0.7866198760578638,0.7640158436641651,0.728896903641241,0.6673941304632858,0.5511201030437132,0.3536582700661021,0.11500658333087982,0.003092545375699567,751,1,,5297,,,0.4,164709.188854272,18375.508708806592
reports/planes/cascade/gate_planes_tiny_temperature.json,,temperature,131393.725661184,14683.426758390851,0.8652067207853502,real,26506.544636416,2931.176081983722,0.7659883720930233,gate_planes_tiny,0.7982051407863304,0.7879148460827735,0.5494846766927383,0.7763511309151254,0.7452156008717783,0.7190609476013001,0.6582993339818801,0.5435662578756684,0.3483332234592677,0.11480605505201899,0.003094230301240563,714,1,,5297,,,0.45,157900.27029760001,17614.602840374573
reports/planes/cascade/gate_planes_tiny_temperature.json,,temperature,125136.88158208001,13984.21596037224,0.8716254483670002,real,26506.544636416,2931.176081983722,0.748546511627907,gate_planes_tiny,0.797901609168236,0.7876720900679322,0.5475495544676148,0.7673401831062057,0.7449333294606099,0.7104102139730476,0.6578525857216323,0.5432316512142883,0.3482806225830789,0.11477902907987632,0.003094230301240563,680,1,,5297,,,0.5,151643.426218496,16915.39204235596
reports/planes/cascade/gate_planes_tiny_temperature.json,,temperature,115751.61546342401,12935.399763344321,0.8812535397394752,real,26506.544636416,2931.176081983722,0.7238372093023255,gate_planes_tiny,0.7787323322736711,0.7775798172744587,0.5395884475008841,0.7574511842094458,0.7349845135543893,0.7009795444743229,0.6485678322944354,0.5350665894485948,0.34721076844801424,0.1122074272573202,0.0031044657741888908,629,1,,5297,,,0.55,142258.16009984002,15866.575845328043
reports/planes/cascade/gate_planes_tiny_temperature.json,,temperature,108942.69690675201,12174.493894912302,0.8882386256371531,real,26506.544636416,2931.176081983722,0.6991279069767442,gate_planes_tiny,0.7689107484477635,0.7677404461585391,0.5333616411022744,0.7477220359747538,0.7254884908636169,0.6917743174896338,0.6401265561594864,0.534271601089253,0.3419990175998213,0.11247527090102408,0.0031079263388523724,592,1,,5297,,,0.6000000000000001,135449.24154316803,15105.669976896024
reports/planes/cascade/gate_planes_tiny_temperature.json,,temperature,100845.604569088,11269.632862182334,0.8965452142722296,real,26506.544636416,2931.176081983722,0.6584302325581395,gate_planes_tiny,0.7586312388068638,0.7486077259599484,0.5238275564257339,0.7285485256770025,0.7066386496797435,0.682025798033415,0.6308353795163378,0.5263109877560467,0.34127900776425246,0.1122903247248748,0.0031079263388523724,548,1,,5297,,,0.65,127352.149205504,14200.808944166056
reports/planes/cascade/gate_planes_tiny_temperature.json,,temperature,92196.43775385601,10303.076759038959,0.905418161223334,real,26506.544636416,2931.176081983722,0.6119186046511628,gate_planes_tiny,0.7101211183106053,0.7092223914444193,0.5000084712780499,0.6893158558654217,0.6764972970187763,0.6447236002161721,0.6051718114987042,0.512996517590436,0.33695057673928996,0.11206781113071795,0.0030177329659571463,501,1,,5297,,,0.7000000000000001,118702.98239027201,13234.25284102268
reports/planes/cascade/gate_planes_tiny_temperature.json,,temperature,83179.221286912,9295.390608953312,0.9146686803851236,real,26506.544636416,2931.176081983722,0.5566860465116279,gate_planes_tiny,0.6902409252565032,0.6802522551972999,0.4842304291493881,0.6697386930296712,0.6485920088623136,0.625528579551311,0.5870687350709679,0.4966669891043765,0.3312826050237154,0.10991073658287889,0.0030227638148430224,452,1,,5297,,,0.75,109685.765923328,12226.566690937034
reports/planes/cascade/gate_planes_tiny_temperature.json,,temperature,73425.90551654401,8205.444364983123,0.924674343968284,real,26506.544636416,2931.176081983722,0.4956395348837209,gate_planes_tiny,0.6703310273233243,0.6605213539176442,0.47135864550405193,0.6500622805297636,0.6290366968363467,0.6064880622405816,0.5695934680099359,0.4886619583483351,0.32569542007851876,0.1101708852258155,0.003025302530253025,399,1,,5297,,,0.8,99932.45015296001,11136.620446966845
reports/planes/cascade/gate_planes_tiny_temperature.json,,temperature,62568.440791040004,6992.10798018612,0.9358127241835001,real,26506.544636416,2931.176081983722,0.4273255813953488,gate_planes_tiny,0.6310656754736248,0.6213558203076985,0.44755852431340637,0.6110801339674319,0.599194317709904,0.576995073333093,0.5411893081298013,0.4696155173684397,0.312086930813374,0.10997203876436723,0.003030427266329117,340,1,,5297,,,0.8500000000000001,89074.985427456,9923.284062169841
reports/planes/cascade/gate_planes_tiny_temperature.json,,temperature,47110.355419136,5264.646008610725,0.9516707570322824,real,26506.544636416,2931.176081983722,0.3430232558139535,gate_planes_tiny,0.5720289249360998,0.5624717707402954,0.4075949498089827,0.5523070585478703,0.5409867473836389,0.5279458708540866,0.4936653605374425,0.42626759141487597,0.290947209456555,0.1064096061352939,0.0029193580836682892,256,1,,5297,,,0.9,73616.900055552,8195.822090594447
reports/planes/cascade/gate_planes_tiny_temperature.json,,temperature,29443.97213696,3290.4037553817034,0.9697942231451765,real,26506.544636416,2931.176081983722,0.22093023255813954,gate_planes_tiny,0.474184416771709,0.4740601162845658,0.3478659711963022,0.47351269524037476,0.4627871393679059,0.45058908781606166,0.42597652839793954,0.3637061512076327,0.2579662059102021,0.09320435810718118,0.0026730128594488678,160,1,,5297,,,0.9500000000000001,55950.516773376,6221.579837365425
reports/planes/cascade/gate_planes_tiny_temperature.json,,temperature,0.0,0.0,1.0,real,26506.544636416,2931.176081983722,0.0,gate_planes_tiny,0.0,0.0,0.0,0.0,0.0,0.0,0.0,0.0,0.0,0.0,0.0,0,1,,5297,,,1.0,26506.544636416,2931.176081983722
reports/planes/cascade/oracle.json,,identity,974779.5025592321,108932.92932660552,0.0,oracle,0.0,0.0,1.0,oracle_planes,0.9151257181537812,0.9042543353094928,0.6147770149624675,0.8824830057045369,0.8495621943679953,0.8022977513101921,0.7266678294128557,0.5877925149970352,0.36292315389451707,0.11358925181370712,0.003074394660561391,5297,1,,5297,,,0.0,974779.5025592321,108932.92932660552
reports/planes/cascade/oracle.json,,identity,126609.080188928,14148.736148141325,0.870115159524259,oracle,0.0,0.0,1.0,oracle_planes,0.9156147185398577,0.9047221321810617,0.6150275023640812,0.8829139573724525,0.849927755759827,0.8026000298825303,0.7269011842509822,0.5879427785718351,0.36298163324061344,0.1135964391810896,0.003074394660561391,688,1,,5297,,,0.05,126609.080188928,14148.736148141325
reports/planes/cascade/oracle.json,,identity,126609.080188928,14148.736148141325,0.870115159524259,oracle,0.0,0.0,1.0,oracle_planes,0.9156147185398577,0.9047221321810617,0.6150275023640812,0.8829139573724525,0.849927755759827,0.8026000298825303,0.7269011842509822,0.5879427785718351,0.36298163324061344,0.1135964391810896,0.003074394660561391,688,1,,5297,,,0.1,126609.080188928,14148.736148141325
reports/planes/cascade/oracle.json,,identity,126609.080188928,14148.736148141325,0.870115159524259,oracle,0.0,0.0,1.0,oracle_planes,0.9156147185398577,0.9047221321810617,0.6150275023640812,0.8829139573724525,0.849927755759827,0.8026000298825303,0.7269011842509822,0.5879427785718351,0.36298163324061344,0.1135964391810896,0.003074394660561391,688,1,,5297,,,0.15000000000000002,126609.080188928,14148.736148141325
reports/planes/cascade/oracle.json,,identity,126609.080188928,14148.736148141325,0.870115159524259,oracle,0.0,0.0,1.0,oracle_planes,0.9156147185398577,0.9047221321810617,0.6150275023640812,0.8829139573724525,0.849927755759827,0.8026000298825303,0.7269011842509822,0.5879427785718351,0.36298163324061344,0.1135964391810896,0.003074394660561391,688,1,,5297,,,0.2,126609.080188928,14148.736148141325
reports/planes/cascade/oracle.json,,identity,126609.080188928,14148.736148141325,0.870115159524259,oracle,0.0,0.0,1.0,oracle_planes,0.9156147185398577,0.9047221321810617,0.6150275023640812,0.8829139573724525,0.849927755759827,0.8026000298825303,0.7269011842509822,0.5879427785718351,0.36298163324061344,0.1135964391810896,0.003074394660561391,688,1,,5297,,,0.25,126609.080188928,14148.736148141325
reports/planes/cascade/oracle.json,,identity,126609.080188928,14148.736148141325,0.870115159524259,oracle,0.0,0.0,1.0,oracle_planes,0.9156147185398577,0.9047221321810617,0.6150275023640812,0.8829139573724525,0.849927755759827,0.8026000298825303,0.7269011842509822,0.5879427785718351,0.36298163324061344,0.1135964391810896,0.003074394660561391,688,1,,5297,,,0.30000000000000004,126609.080188928,14148.736148141325
reports/planes/cascade/oracle.json,,identity,126609.080188928,14148.736148141325,0.870115159524259,oracle,0.0,0.0,1.0,oracle_planes,0.9156147185398577,0.9047221321810617,0.6150275023640812,0.8829139573724525,0.849927755759827,0.8026000298825303,0.7269011842509822,0.5879427785718351,0.36298163324061344,0.1135964391810896,0.003074394660561391,688,1,,5297,,,0.35000000000000003,126609.080188928,14148.736148141325
reports/planes/cascade/oracle.json,,identity,126609.080188928,14148.736148141325,0.870115159524259,oracle,0.0,0.0,1.0,oracle_planes,0.9156147185398577,0.9047221321810617,0.6150275023640812,0.8829139573724525,0.849927755759827,0.8026000298825303,0.7269011842509822,0.5879427785718351,0.36298163324061344,0.1135964391810896,0.003074394660561391,688,1,,5297,,,0.4,126609.080188928,14148.736148141325
reports/planes/cascade/oracle.json,,identity,126609.080188928,14148.736148141325,0.870115159524259,oracle,0.0,0.0,1.0,oracle_planes,0.9156147185398577,0.9047221321810617,0.6150275023640812,0.8829139573724525,0.849927755759827,0.8026000298825303,0.7269011842509822,0.5879427785718351,0.36298163324061344,0.1135964391810896,0.003074394660561391,688,1,,5297,,,0.45,126609.080188928,14148.736148141325
reports/planes/cascade/oracle.json,,identity,126609.080188928,14148.736148141325,0.870115159524259,oracle,0.0,0.0,1.0,oracle_planes,0.9156147185398577,0.9047221321810617,0.6150275023640812,0.8829139573724525,0.849927755759827,0.8026000298825303,0.7269011842509822,0.5879427785718351,0.36298163324061344,0.1135964391810896,0.003074394660561391,688,1,,5297,,,0.5,126609.080188928,14148.736148141325
reports/planes/cascade/oracle.json,,identity,126609.080188928,14148.736148141325,0.870115159524259,oracle,0.0,0.0,1.0,oracle_planes,0.9156147185398577,0.9047221321810617,0.6150275023640812,0.8829139573724525,0.849927755759827,0.8026000298825303,0.7269011842509822,0.5879427785718351,0.36298163324061344,0.1135964391810896,0.003074394660561391,688,1,,5297,,,0.55,126609.080188928,14148.736148141325
reports/planes/cascade/oracle.json,,identity,126609.080188928,14148.736148141325,0.870115159524259,oracle,0.0,0.0,1.0,oracle_planes,0.9156147185398577,0.9047221321810617,0.6150275023640812,0.8829139573724525,0.849927755759827,0.8026000298825303,0.7269011842509822,0.5879427785718351,0.36298163324061344,0.1135964391810896,0.003074394660561391,688,1,,5297,,,0.6000000000000001,126609.080188928,14148.736148141325
reports/planes/cascade/oracle.json,,identity,126609.080188928,14148.736148141325,0.870115159524259,oracle,0.0,0.0,1.0,oracle_planes,0.9156147185398577,0.9047221321810617,0.6150275023640812,0.8829139573724525,0.849927755759827,0.8026000298825303,0.7269011842509822,0.5879427785718351,0.36298163324061344,0.1135964391810896,0.003074394660561391,688,1,,5297,,,0.65,126609.080188928,14148.736148141325
reports/planes/cascade/oracle.json,,identity,126609.080188928,14148.736148141325,0.870115159524259,oracle,0.0,0.0,1.0,oracle_planes,0.9156147185398577,0.9047221321810617,0.6150275023640812,0.8829139573724525,0.849927755759827,0.8026000298825303,0.7269011842509822,0.5879427785718351,0.36298163324061344,0.1135964391810896,0.003074394660561391,688,1,,5297,,,0.7000000000000001,126609.080188928,14148.736148141325
reports/planes/cascade/oracle.json,,identity,126609.080188928,14148.736148141325,0.870115159524259,oracle,0.0,0.0,1.0,oracle_planes,0.9156147185398577,0.9047221321810617,0.6150275023640812,0.8829139573724525,0.849927755759827,0.8026000298825303,0.7269011842509822,0.5879427785718351,0.36298163324061344,0.1135964391810896,0.003074394660561391,688,1,,5297,,,0.75,126609.080188928,14148.736148141325
reports/planes/cascade/oracle.json,,identity,126609.080188928,14148.736148141325,0.870115159524259,oracle,0.0,0.0,1.0,oracle_planes,0.9156147185398577,0.9047221321810617,0.6150275023640812,0.8829139573724525,0.849927755759827,0.8026000298825303,0.7269011842509822,0.5879427785718351,0.36298163324061344,0.1135964391810896,0.003074394660561391,688,1,,5297,,,0.8,126609.080188928,14148.736148141325
reports/planes/cascade/oracle.json,,identity,126609.080188928,14148.736148141325,0.870115159524259,oracle,0.0,0.0,1.0,oracle_planes,0.9156147185398577,0.9047221321810617,0.6150275023640812,0.8829139573724525,0.849927755759827,0.8026000298825303,0.7269011842509822,0.5879427785718351,0.36298163324061344,0.1135964391810896,0.003074394660561391,688,1,,5297,,,0.8500000000000001,126609.080188928,14148.736148141325
reports/planes/cascade/oracle.json,,identity,126609.080188928,14148.736148141325,0.870115159524259,oracle,0.0,0.0,1.0,oracle_planes,0.9156147185398577,0.9047221321810617,0.6150275023640812,0.8829139573724525,0.849927755759827,0.8026000298825303,0.7269011842509822,0.5879427785718351,0.36298163324061344,0.1135964391810896,0.003074394660561391,688,1,,5297,,,0.9,126609.080188928,14148.736148141325
reports/planes/cascade/oracle.json,,identity,126609.080188928,14148.736148141325,0.870115159524259,oracle,0.0,0.0,1.0,oracle_planes,0.9156147185398577,0.9047221321810617,0.6150275023640812,0.8829139573724525,0.849927755759827,0.8026000298825303,0.7269011842509822,0.5879427785718351,0.36298163324061344,0.1135964391810896,0.003074394660561391,688,1,,5297,,,0.9500000000000001,126609.080188928,14148.736148141325
reports/planes/cascade/oracle.json,,identity,126609.080188928,14148.736148141325,0.870115159524259,oracle,0.0,0.0,1.0,oracle_planes,0.9156147185398577,0.9047221321810617,0.6150275023640812,0.8829139573724525,0.849927755759827,0.8026000298825303,0.7269011842509822,0.5879427785718351,0.36298163324061344,0.1135964391810896,0.003074394660561391,688,1,,5297,,,1.0,126609.080188928,14148.736148141325
