__source__,bucket,calibration,detector_gflops,detector_latency_ms,filter_rate,gate,gate_gflops,gate_latency_ms,gate_recall_on_positive_tiles,label,mAP@0.50,mAP@0.55,mAP@0.5:0.95,mAP@0.60,mAP@0.65,mAP@0.70,mAP@0.75,mAP@0.80,mAP@0.85,mAP@0.90,mAP@0.95,n_accepted,n_classes,n_gt_tiles,n_tiles,skipped,stratum,threshold,total_gflops,total_latency_ms
reports/small_vehicle/cascade/codesign_small_vehicle_early_exit_context_adaptive.json,,context_adaptive,974779.5025592321,108932.92932660552,0.0,real,25232.186443776005,1802.2176906088134,1.0,codesign_small_vehicle_early_exit,0.46409689230717693,0.43910578836698266,0.20722058527514714,0.39496202097822886,0.3307466175802878,0.24060823344665644,0.13539707857177424,0.053239510453280826,0.012709737370357202,0.0013201320132013201,1.984166352506994e-05,5297,1,,5297,,,0.0,1000011.6890030081,110735.14701721433
reports/small_vehicle/cascade/codesign_small_vehicle_early_exit_context_adaptive.json,,context_adaptive,973675.353604096,108809.5391857787,0.0011327166320558302,real,25232.186443776005,1802.2176906088134,1.0,codesign_small_vehicle_early_exit,0.46409689230717693,0.43910578836698266,0.20722058527514714,0.39496202097822886,0.3307466175802878,0.24060823344665644,0.13539707857177424,0.053239510453280826,0.012709737370357202,0.0013201320132013201,1.984166352506994e-05,5291,1,,5297,,,0.05,998907.540047872,110611.75687638752
reports/small_vehicle/cascade/codesign_small_vehicle_early_exit_context_adaptive.json,,context_adaptive,971283.030867968,108542.19388065394,0.003586936001510277,real,25232.186443776005,1802.2176906088134,1.0,codesign_small_vehicle_early_exit,0.46409689230717693,0.43910578836698266,0.20722058527514714,0.39496202097822886,0.3307466175802878,0.24060823344665644,0.13539707857177424,0.053239510453280826,0.012709737370357202,0.0013201320132013201,1.984166352506994e-05,5278,1,,5297,,,0.1,996515.217311744,110344.41157126275
reports/small_vehicle/cascade/codesign_small_vehicle_early_exit_context_adaptive.json,,context_adaptive,947727.8531584,105909.87087634858,0.02775155748536906,real,25232.186443776005,1802.2176906088134,1.0,codesign_small_vehicle_early_exit,0.46409689230717693,0.43910578836698266,0.20722058527514714,0.39496202097822886,0.3307466175802878,0.24060823344665644,0.13539707857177424,0.053239510453280826,0.012709737370357202,0.0013201320132013201,1.984166352506994e-05,5150,1,,5297,,,0.15000000000000002,972960.039602176,107712.08856695739
reports/small_vehicle/cascade/codesign_small_vehicle_early_exit_context_adaptive.json,,context_adaptive,858475.81261824,95935.83449284779,0.11931281857655274,real,25232.186443776005,1802.2176906088134,1.0,codesign_small_vehicle_early_exit,0.46409685134831713,0.43910600983777187,0.20722060438581077,0.3949619914041886,0.3307469918855232,0.24060786373513912,0.13539707857177424,0.053239546028309596,0.012709737370357202,0.0013201320132013201,1.984166352506994e-05,4665,1,,5297,,,0.2,883707.999062016,97738.0521834566
reports/small_vehicle/cascade/codesign_small_vehicle_early_exit_context_adaptive.json,,context_adaptive,631757.227163648,70599.72557640867,0.3518973003586936,real,25232.186443776005,1802.2176906088134,0.999353169469599,codesign_small_vehicle_early_exit,0.46409725608965435,0.4391063758915303,0.2072207255591561,0.39496218101798425,0.33074706523600045,0.2406079687622485,0.13539713478909932,0.053239546028309596,0.012709754100007457,0.0013201320132013201,1.984166352506994e-05,3433,1,,5297,,,0.25,656989.413607424,72401.94326701749
reports/small_vehicle/cascade/codesign_small_vehicle_early_exit_context_adaptive.json,,context_adaptive,606545.8260213761,67782.31736086309,0.37776099679063624,real,25232.186443776005,1802.2176906088134,0.9980595084087969,codesign_small_vehicle_early_exit,0.4640843597167153,0.4390960525894657,0.20721170485809104,0.39494642830595034,0.3307294355845036,0.24058706950071215,0.13538542826142144,0.053239479233255727,0.012708821712159493,0.0013201320132013201,1.984166352506994e-05,3296,1,,5297,,,0.30000000000000004,631778.0124651521,69584.5350514719
reports/small_vehicle/cascade/codesign_small_vehicle_early_exit_context_adaptive.json,,context_adaptive,594400.18751488,66425.02581176814,0.3902208797432509,real,25232.186443776005,1802.2176906088134,0.9954721862871928,codesign_small_vehicle_early_exit,0.4636098576795716,0.43855197064031126,0.20684459211202758,0.39434428042114517,0.33011812140963054,0.23992949671156277,0.1349296271241958,0.0529636419477723,0.012658951509359837,0.0013201320132013201,1.984166352506994e-05,3230,1,,5297,,,0.35000000000000003,619632.373958656,68227.24350237695
reports/small_vehicle/cascade/codesign_small_vehicle_early_exit_context_adaptive.json,,context_adaptive,584278.8220928,65293.94952085568,0.4006041155370965,real,25232.186443776005,1802.2176906088134,0.9915912031047865,codesign_small_vehicle_early_exit,0.46336389699267444,0.4382797612913659,0.20672927404554514,0.3941430689653165,0.3299272854590004,0.23977674147872963,0.13487757690430296,0.052939116768939136,0.012645318918395581,0.0013201320132013201,1.984166352506994e-05,3175,1,,5297,,,0.4,609511.0085365761,67096.16721146449
reports/small_vehicle/cascade/codesign_small_vehicle_early_exit_context_adaptive.json,,context_adaptive,558883.396124672,62455.97628183896,0.4266565980743817,real,25232.186443776005,1802.2176906088134,0.9767141009055628,codesign_small_vehicle_early_exit,0.462634583960139,0.43248216149822083,0.20542989189384717,0.3934958159276458,0.3292385063307529,0.23582387312019337,0.13447844106760237,0.05269215588984836,0.012113407467342468,0.0013201320132013201,1.984166352506994e-05,3037,1,,5297,,,0.45,584115.582568448,64258.19397244777
reports/small_vehicle/cascade/codesign_small_vehicle_early_exit_context_adaptive.json,,context_adaptive,527783.200555008,58980.48731521703,0.4585614498772891,real,25232.186443776005,1802.2176906088134,0.9501940491591203,codesign_small_vehicle_early_exit,0.4540182474799585,0.4292626447850812,0.20239068083798,0.38565543724752144,0.32229791322177703,0.2338179619571167,0.13325041491598605,0.052166801367006875,0.012097413728625892,0.0013201320132013201,1.984166352506994e-05,2868,1,,5297,,,0.5,553015.386998784,60782.70500582585
reports/small_vehicle/cascade/codesign_small_vehicle_early_exit_context_adaptive.json,,context_adaptive,481961.018916864,53859.79647090426,0.505569190107608,real,25232.186443776005,1802.2176906088134,0.871280724450194,codesign_small_vehicle_early_exit,0.4072015203048756,0.3831408252700482,0.18028979951571303,0.3457945730919732,0.28601957660477273,0.20434688423127267,0.11679708269947675,0.04651758715756232,0.011739892274693678,0.0013201320132013201,1.992150925354105e-05,2619,1,,5297,,,0.55,507193.20536064,55662.01416151307
reports/small_vehicle/cascade/codesign_small_vehicle_early_exit_context_adaptive.json,,context_adaptive,388476.407382016,43412.76454756735,0.6014725316216727,real,25232.186443776005,1802.2176906088134,0.704398447606727,codesign_small_vehicle_early_exit,0.32475333241540694,0.3034041131584721,0.1433221581981791,0.2714465397110413,0.224619286571714,0.1638727503012896,0.09345709879606866,0.03964636322614426,0.010681963788253028,0.0013201320132013201,2.0002000200020003e-05,2111,1,,5297,,,0.6000000000000001,413708.593825792,45214.98223817616
reports/small_vehicle/cascade/codesign_small_vehicle_early_exit_context_adaptive.json,,context_adaptive,216229.1703808,24163.902578584384,0.77817632622239,real,25232.186443776005,1802.2176906088134,0.4003880983182406,codesign_small_vehicle_early_exit,0.16492393668849495,0.14789146335586,0.06914254248336385,0.12780445828095088,0.10354806382645552,0.0719399298804521,0.043039086309720136,0.021351642355726095,0.0088851492832636,0.0019801980198019802,6.149683291310496e-05,1175,1,,5297,,,0.65,241461.356824576,25966.120269193198
reports/small_vehicle/cascade/codesign_small_vehicle_early_exit_context_adaptive.json,,context_adaptive,59992.093229056,6704.197651590221,0.9384557296582972,real,25232.186443776005,1802.2176906088134,0.10608020698576973,codesign_small_vehicle_early_exit,0.06208422172517627,0.05635313541862472,0.026351151813074708,0.04768979730902512,0.03692987288276091,0.025601356819359093,0.016620036150362505,0.011601593553515937,0.0049504950495049506,0.00165016501650165,3.0844205915918693e-05,326,1,,5297,,,0.7000000000000001,85224.27967283201,8506.415342199034
reports/small_vehicle/cascade/codesign_small_vehicle_early_exit_context_adaptive.json,,context_adaptive,2208.297910272,246.78028165362775,0.9977345667358882,real,25232.186443776005,1802.2176906088134,0.00129366106080207,codesign_small_vehicle_early_exit,0.009900990099009901,0.0088008800880088,0.005549757164656557,0.0088008800880088,0.006068348770360907,0.005748961992973491,0.005657708628005657,0.0049504950495049506,0.0049504950495049506,0.0006188118811881188,0.0,12,1,,5297,,,0.75,27440.484354048007,2048.997972262441
reports/small_vehicle/cascade/codesign_small_vehicle_early_exit_context_adaptive.json,,context_adaptive,0.0,0.0,1.0,real,25232.186443776005,1802.2176906088134,0.0,codesign_small_vehicle_early_exit,0.0,0.0,0.0,0.0,0.0,0.0,0.0,0.0,0.0,0.0,0.0,0,1,,5297,,,0.8,25232.186443776005,1802.2176906088134
reports/small_vehicle/cascade/codesign_small_vehicle_early_exit_context_adaptive.json,,context_adaptive,0.0,0.0,1.0,real,25232.186443776005,1802.2176906088134,0.0,codesign_small_vehicle_early_exit,0.0,0.0,0.0,0.0,0.0,0.0,0.0,0.0,0.0,0.0,0.0,0,1,,5297,,,0.8500000000000001,25232.186443776005,1802.2176906088134
reports/small_vehicle/cascade/codesign_small_vehicle_early_exit_context_adaptive.json,,context_adaptive,0.0,0.0,1.0,real,25232.186443776005,1802.2176906088134,0.0,codesign_small_vehicle_early_exit,0.0,0.0,0.0,0.0,0.0,0.0,0.0,0.0,0.0,0.0,0.0,0,1,,5297,,,0.9,25232.186443776005,1802.2176906088134
reports/small_vehicle/cascade/codesign_small_vehicle_early_exit_context_adaptive.json,,context_adaptive,0.0,0.0,1.0,real,25232.186443776005,1802.2176906088134,0.0,codesign_small_vehicle_early_exit,0.0,0.0,0.0,0.0,0.0,0.0,0.0,0.0,0.0,0.0,0.0,0,1,,5297,,,0.9500000000000001,25232.186443776005,1802.2176906088134
reports/small_vehicle/cascade/codesign_small_vehicle_early_exit_context_adaptive.json,,context_adaptive,0.0,0.0,1.0,real,25232.186443776005,1802.2176906088134,0.0,codesign_small_vehicle_early_exit,0.0,0.0,0.0,0.0,0.0,0.0,0.0,0.0,0.0,0.0,0.0,0,1,,5297,,,1.0,25232.186443776005,1802.2176906088134
reports/small_vehicle/cascade/codesign_small_vehicle_early_exit_identity.json,,identity,974779.5025592321,108932.92932660552,0.0,real,25232.186443776005,1802.2176906088134,1.0,codesign_small_vehicle_early_exit,0.46409689230717693,0.43910578836698266,0.20722058527514714,0.39496202097822886,0.3307466175802878,0.24060823344665644,0.13539707857177424,0.053239510453280826,0.012709737370357202,0.0013201320132013201,1.984166352506994e-05,5297,1,,5297,,,0.0,1000011.6890030081,110735.14701721433
reports/small_vehicle/cascade/codesign_small_vehicle_early_exit_identity.json,,identity,974779.5025592321,108932.92932660552,0.0,real,25232.186443776005,1802.2176906088134,1.0,codesign_small_vehicle_early_exit,0.46409689230717693,0.43910578836698266,0.20722058527514714,0.39496202097822886,0.3307466175802878,0.24060823344665644,0.13539707857177424,0.053239510453280826,0.012709737370357202,0.0013201320132013201,1.984166352506994e-05,5297,1,,5297,,,0.05,1000011.6890030081,110735.14701721433
reports/small_vehicle/cascade/codesign_small_vehicle_early_exit_identity.json,,identity,974779.5025592321,108932.92932660552,0.0,real,25232.186443776005,1802.2176906088134,1.0,codesign_small_vehicle_early_exit,0.46409689230717693,0.43910578836698266,0.20722058527514714,0.39496202097822886,0.3307466175802878,0.24060823344665644,0.13539707857177424,0.053239510453280826,0.012709737370357202,0.0013201320132013201,1.984166352506994e-05,5297,1,,5297,,,0.1,1000011.6890030081,110735.14701721433
reports/small_vehicle/cascade/codesign_small_vehicle_early_exit_identity.json,,identity,974779.5025592321,108932.92932660552,0.0,real,25232.186443776005,1802.2176906088134,1.0,codesign_small_vehicle_early_exit,0.46409689230717693,0.43910578836698266,0.20722058527514714,0.39496202097822886,0.3307466175802878,0.24060823344665644,0.13539707857177424,0.053239510453280826,0.012709737370357202,0.0013201320132013201,1.984166352506994e-05,5297,1,,5297,,,0.15000000000000002,1000011.6890030081,110735.14701721433
reports/small_vehicle/cascade/codesign_small_vehicle_early_exit_identity.json,,identity,974779.5025592321,108932.92932660552,0.0,real,25232.186443776005,1802.2176906088134,1.0,codesign_small_vehicle_early_exit,0.46409689230717693,0.43910578836698266,0.20722058527514714,0.39496202097822886,0.3307466175802878,0.24060823344665644,0.13539707857177424,0.053239510453280826,0.012709737370357202,0.0013201320132013201,1.984166352506994e-05,5297,1,,5297,,,0.2,1000011.6890030081,110735.14701721433
reports/small_vehicle/cascade/codesign_small_vehicle_early_exit_identity.json,,identity,974779.5025592321,108932.92932660552,0.0,real,25232.186443776005,1802.2176906088134,1.0,codesign_small_vehicle_early_exit,0.46409689230717693,0.43910578836698266,0.20722058527514714,0.39496202097822886,0.3307466175802878,0.24060823344665644,0.13539707857177424,0.053239510453280826,0.012709737370357202,0.0013201320132013201,1.984166352506994e-05,5297,1,,5297,,,0.25,1000011.6890030081,110735.14701721433
reports/small_vehicle/cascade/codesign_small_vehicle_early_exit_identity.json,,identity,974779.5025592321,108932.92932660552,0.0,real,25232.186443776005,1802.2176906088134,1.0,codesign_small_vehicle_early_exit,0.46409689230717693,0.43910578836698266,0.20722058527514714,0.39496202097822886,0.3307466175802878,0.24060823344665644,0.13539707857177424,0.053239510453280826,0.012709737370357202,0.0013201320132013201,1.984166352506994e-05,5297,1,,5297,,,0.30000000000000004,1000011.6890030081,110735.14701721433
reports/small_vehicle/cascade/codesign_small_vehicle_early_exit_identity.json,,identity,974779.5025592321,108932.92932660552,0.0,real,25232.186443776005,1802.2176906088134,1.0,codesign_small_vehicle_early_exit,0.46409689230717693,0.43910578836698266,0.20722058527514714,0.39496202097822886,0.3307466175802878,0.24060823344665644,0.13539707857177424,0.053239510453280826,0.012709737370357202,0.0013201320132013201,1.984166352506994e-05,5297,1,,5297,,,0.35000000000000003,1000011.6890030081,110735.14701721433
reports/small_vehicle/cascade/codesign_small_vehicle_early_exit_identity.json,,identity,974779.5025592321,108932.92932660552,0.0,real,25232.186443776005,1802.2176906088134,1.0,codesign_small_vehicle_early_exit,0.46409689230717693,0.43910578836698266,0.20722058527514714,0.39496202097822886,0.3307466175802878,0.24060823344665644,0.13539707857177424,0.053239510453280826,0.012709737370357202,0.0013201320132013201,1.984166352506994e-05,5297,1,,5297,,,0.4,1000011.6890030081,110735.14701721433
reports/small_vehicle/cascade/codesign_small_vehicle_early_exit_identity.json,,identity,972387.1798231041,108665.58402148075,0.0024542193694544467,real,25232.186443776005,1802.2176906088134,0.9980595084087969,codesign_small_vehicle_early_exit,0.4640842757085879,0.4390958326712379,0.20721171620050516,0.39494644229168285,0.3307293366039131,0.24058762667877992,0.13538531939071302,0.05323954159796858,0.01270881338544158,0.0013201320132013201,1.984166352506994e-05,5284,1,,5297,,,0.45,997619.3662668801,110467.80171208957
reports/small_vehicle/cascade/codesign_small_vehicle_early_exit_identity.json,,identity,961713.739923456,107472.81266015489,0.013403813479327953,real,25232.186443776005,1802.2176906088134,0.9954721862871928,codesign_small_vehicle_early_exit,0.46360966654118385,0.4385513019966407,0.20684455175127026,0.39434451846530955,0.3301179085331826,0.23992954174091718,0.1349298444658956,0.05296384032534516,0.01265892176750105,0.0013201320132013201,1.984166352506994e-05,5226,1,,5297,,,0.5,986945.926367232,109275.0303507637
reports/small_vehicle/cascade/codesign_small_vehicle_early_exit_identity.json,,identity,949568.10141696,106115.52111105993,0.02586369643194264,real,25232.186443776005,1802.2176906088134,0.9928848641655886,codesign_small_vehicle_early_exit,0.4633652996010445,0.4382805079434123,0.2067303523632587,0.3941455721187076,0.32992880620903176,0.23977901613117966,0.13488004080870436,0.052939158425791326,0.01264514871798902,0.0013201320132013201,1.984166352506994e-05,5160,1,,5297,,,0.55,974800.287860736,107917.73880166875
reports/small_vehicle/cascade/codesign_small_vehicle_early_exit_identity.json,,identity,924724.7499264,103339.24294245662,0.05134982065319993,real,25232.186443776005,1802.2176906088134,0.9786545924967659,codesign_small_vehicle_early_exit,0.46303224814899363,0.43798587071496514,0.20621963918460845,0.39393629869843655,0.32975746665709876,0.23626802743805275,0.1348339601277231,0.05291207042471215,0.012130475959376108,0.0013201320132013201,1.984166352506994e-05,5025,1,,5297,,,0.6000000000000001,949956.936370176,105141.46063306544
reports/small_vehicle/cascade/codesign_small_vehicle_early_exit_identity.json,,identity,871725.6000798721,97416.51618276956,0.10572021899188222,real,25232.186443776005,1802.2176906088134,0.9611901681759379,codesign_small_vehicle_early_exit,0.4614306667313209,0.431436714460405,0.20485500795771902,0.39242669325354845,0.32821457000373483,0.23512833563609772,0.13402313349850567,0.052442443720362907,0.012107548596488361,0.0013201320132013201,1.984166352506994e-05,4737,1,,5297,,,0.65,896957.7865236481,99218.73387337837
reports/small_vehicle/cascade/codesign_small_vehicle_early_exit_identity.json,,identity,740147.849592832,82712.52440090757,0.24070228431187468,real,25232.186443776005,1802.2176906088134,0.890038809831824,codesign_small_vehicle_early_exit,0.41552354430933885,0.3913149986960402,0.18372703628201642,0.3491160918670278,0.2930550752738773,0.21001751544767563,0.11819491075272044,0.04689188446375178,0.011816288487277492,0.0013201320132013201,1.992150925354105e-05,4022,1,,5297,,,0.7000000000000001,765380.036036608,84514.74209151638
reports/small_vehicle/cascade/codesign_small_vehicle_early_exit_identity.json,,identity,434850.663497728,48595.15046229353,0.5538984330753256,real,25232.186443776005,1802.2176906088134,0.7445019404915912,codesign_small_vehicle_early_exit,0.35014570991399097,0.32322760991984273,0.15355608592356945,0.290243666158154,0.2412304971899497,0.17640671764289767,0.1013320138387964,0.04086227856541512,0.010772231993246652,0.0013201320132013201,2.0002000200020003e-05,2363,1,,5297,,,0.75,460082.849941504,50397.368152902345
reports/small_vehicle/cascade/codesign_small_vehicle_early_exit_identity.json,,identity,250825.83764172802,28030.126991157886,0.7426845384179724,real,25232.186443776005,1802.2176906088134,0.4702457956015524,codesign_small_vehicle_early_exit,0.21752379360803906,0.20372751898985023,0.09677943036192299,0.182144768117779,0.15068433911500625,0.10870050545429882,0.0651996169080744,0.02914408468862977,0.009061428321469913,0.0015841584158415843,2.4090000240900004e-05,1363,1,,5297,,,0.8,276058.024085504,29832.3446817667
reports/small_vehicle/cascade/codesign_small_vehicle_early_exit_identity.json,,identity,85571.54402304,9562.735914078075,0.9122144610156693,real,25232.186443776005,1802.2176906088134,0.15459249676584735,codesign_small_vehicle_early_exit,0.07599367391669458,0.06712855171821898,0.032378817041180716,0.057177219813727205,0.045873178819778655,0.0333143734264282,0.021917994907479765,0.012303343010357373,0.007425742574257425,0.0026402640264026403,1.3828198462304332e-05,465,1,,5297,,,0.8500000000000001,110803.730466816,11364.953604686889
reports/small_vehicle/cascade/codesign_small_vehicle_early_exit_identity.json,,identity,4968.670298112,555.2556337206624,0.9949027751557485,real,25232.186443776005,1802.2176906088134,0.004527813712807244,codesign_small_vehicle_early_exit,0.009900990099009901,0.009900990099009901,0.007133070146887435,0.009900990099009901,0.009900990099009901,0.009900990099009901,0.009900990099009901,0.009900990099009901,0.0017219113215669393,0.00030185945423810673,0.0,27,1,,5297,,,0.9,30200.856741888005,2357.473324329476
reports/small_vehicle/cascade/codesign_small_vehicle_early_exit_identity.json,,identity,0.0,0.0,1.0,real,25232.186443776005,1802.2176906088134,0.0,codesign_small_vehicle_early_exit,0.0,0.0,0.0,0.0,0.0,0.0,0.0,0.0,0.0,0.0,0.0,0,1,,5297,,,0.9500000000000001,25232.186443776005,1802.2176906088134
reports/small_vehicle/cascade/codesign_small_vehicle_early_exit_identity.json,,identity,0.0,0.0,1.0,real,25232.186443776005,1802.2176906088134,0.0,codesign_small_vehicle_early_exit,0.0,0.0,0.0,0.0,0.0,0.0,0.0,0.0,0.0,0.0,0.0,0,1,,5297,,,1.0,25232.186443776005,1802.2176906088134
reports/small_vehicle/cascade/codesign_small_vehicle_early_exit_isotonic.json,,isotonic,974779.5025592321,108932.92932660552,0.0,real,25232.186443776005,1802.2176906088134,1.0,codesign_small_vehicle_early_exit,0.46409689230717693,0.43910578836698266,0.20722058527514714,0.39496202097822886,0.3307466175802878,0.24060823344665644,0.13539707857177424,0.053239510453280826,0.012709737370357202,0.0013201320132013201,1.984166352506994e-05,5297,1,,5297,,,0.0,1000011.6890030081,110735.14701721433
reports/small_vehicle/cascade/codesign_small_vehicle_early_exit_isotonic.json,,isotonic,974779.5025592321,108932.92932660552,0.0,real,25232.186443776005,1802.2176906088134,1.0,codesign_small_vehicle_early_exit,0.46409689230717693,0.43910578836698266,0.20722058527514714,0.39496202097822886,0.3307466175802878,0.24060823344665644,0.13539707857177424,0.053239510453280826,0.012709737370357202,0.0013201320132013201,1.984166352506994e-05,5297,1,,5297,,,0.05,1000011.6890030081,110735.14701721433
reports/small_vehicle/cascade/codesign_small_vehicle_early_exit_isotonic.json,,isotonic,951040.300023808,106280.04129882902,0.02435340758920146,real,25232.186443776005,1802.2176906088134,0.9941785252263907,codesign_small_vehicle_early_exit,0.46339167735544773,0.43830937939974834,0.20674830461977275,0.39416986424576383,0.32995637167256014,0.2398139524448799,0.13489997708967613,0.05295253374294025,0.012649316569984748,0.0013201320132013201,1.984166352506994e-05,5168,1,,5297,,,0.1,976272.486467584,108082.25898943783
reports/small_vehicle/cascade/codesign_small_vehicle_early_exit_isotonic.json,,isotonic,525574.902644736,58733.707033563405,0.46082688314140074,real,25232.186443776005,1802.2176906088134,0.8117723156532989,codesign_small_vehicle_early_exit,0.3797802076740318,0.35639488045377504,0.1674464796580441,0.32070165845603776,0.26369681331644607,0.19027484718768456,0.10784741167976802,0.04360348904049711,0.010825395085412895,0.0013201320132013201,1.996167358671351e-05,2856,1,,5297,,,0.15000000000000002,550807.089088512,60535.92472417222
reports/small_vehicle/cascade/codesign_small_vehicle_early_exit_isotonic.json,,isotonic,491714.33468723204,54949.74271487445,0.4955635265244478,real,25232.186443776005,1802.2176906088134,0.7930142302716688,codesign_small_vehicle_early_exit,0.36993140430864724,0.34700524138681244,0.1631531120393472,0.31199674808111405,0.2561487433195359,0.1845880873196665,0.10647650160338082,0.043245551356918065,0.010798749330609094,0.0013201320132013201,1.996167358671351e-05,2672,1,,5297,,,0.2,516946.52113100805,56751.96040548326
reports/small_vehicle/cascade/codesign_small_vehicle_early_exit_isotonic.json,,isotonic,428777.84424448,47916.504687746055,0.560128374551633,real,25232.186443776005,1802.2176906088134,0.740620957309185,codesign_small_vehicle_early_exit,0.3450753209389484,0.32312056977391646,0.15300278573251186,0.29014867400562044,0.24112173007199206,0.17631651649141988,0.10127538316792134,0.04085555420166794,0.010773974660230518,0.0013201320132013201,2.0002000200020003e-05,2330,1,,5297,,,0.25,454010.030688256,49718.72237835487
reports/small_vehicle/cascade/codesign_small_vehicle_early_exit_isotonic.json,,isotonic,428041.744941056,47834.24459386151,0.5608835189730036,real,25232.186443776005,1802.2176906088134,0.7399741267787839,codesign_small_vehicle_early_exit,0.34499268830824675,0.32304627451949913,0.15296439519787558,0.29008009714958916,0.24105613202856022,0.1762797706819716,0.10122038656092637,0.04085335301003644,0.010775115706525017,0.0013201320132013201,2.0002000200020003e-05,2326,1,,5297,,,0.30000000000000004,453273.931384832,49636.462284470326
reports/small_vehicle/cascade/codesign_small_vehicle_early_exit_isotonic.json,,isotonic,399149.847281664,44605.53590889322,0.5905229375117991,real,25232.186443776005,1802.2176906088134,0.7082794307891332,codesign_small_vehicle_early_exit,0.32635507762557764,0.30498353080345947,0.14509334028602042,0.27713526256557935,0.22950332279458402,0.16479425924259103,0.09617315855236618,0.03996742626849894,0.010681230994146352,0.0013201320132013201,2.0002000200020003e-05,2169,1,,5297,,,0.35000000000000003,424382.03372544004,46407.75359950203
reports/small_vehicle/cascade/codesign_small_vehicle_early_exit_isotonic.json,,isotonic,399149.847281664,44605.53590889322,0.5905229375117991,real,25232.186443776005,1802.2176906088134,0.7082794307891332,codesign_small_vehicle_early_exit,0.32635507762557764,0.30498353080345947,0.14509334028602042,0.27713526256557935,0.22950332279458402,0.16479425924259103,0.09617315855236618,0.03996742626849894,0.010681230994146352,0.0013201320132013201,2.0002000200020003e-05,2169,1,,5297,,,0.4,424382.03372544004,46407.75359950203
reports/small_vehicle/cascade/codesign_small_vehicle_early_exit_isotonic.json,,isotonic,309713.781915648,34610.93450192129,0.6822729847083255,real,25232.186443776005,1802.2176906088134,0.5730918499353169,codesign_small_vehicle_early_exit,0.2634268709225457,0.24845267628690387,0.11765610578209129,0.220384148571545,0.18435798503904846,0.13525347164912313,0.07996802133593708,0.03383178096020205,0.009450919105945966,0.0014144271570014143,2.0756792660398117e-05,1683,1,,5297,,,0.45,334945.96835942403,36413.152192530106
reports/small_vehicle/cascade/codesign_small_vehicle_early_exit_isotonic.json,,isotonic,258922.929979392,28934.988023887854,0.734377949782896,real,25232.186443776005,1802.2176906088134,0.48771021992238034,codesign_small_vehicle_early_exit,0.232644850456446,0.2144343408360729,0.10272755838577544,0.1923577092118315,0.15980746928690576,0.11621911400531018,0.07033490022757281,0.030622296173563716,0.00924717145825988,0.0015841584158415843,2.3573785950023575e-05,1407,1,,5297,,,0.5,284155.116423168,30737.205714496667
reports/small_vehicle/cascade/codesign_small_vehicle_early_exit_isotonic.json,,isotonic,0.0,0.0,1.0,real,25232.186443776005,1802.2176906088134,0.0,codesign_small_vehicle_early_exit,0.0,0.0,0.0,0.0,0.0,0.0,0.0,0.0,0.0,0.0,0.0,0,1,,5297,,,0.55,25232.186443776005,1802.2176906088134
reports/small_vehicle/cascade/codesign_small_vehicle_early_exit_isotonic.json,,isotonic,0.0,0.0,1.0,real,25232.186443776005,1802.2176906088134,0.0,codesign_small_vehicle_early_exit,0.0,0.0,0.0,0.0,0.0,0.0,0.0,0.0,0.0,0.0,0.0,0,1,,5297,,,0.6000000000000001,25232.186443776005,1802.2176906088134
reports/small_vehicle/cascade/codesign_small_vehicle_early_exit_isotonic.json,,isotonic,0.0,0.0,1.0,real,25232.186443776005,1802.2176906088134,0.0,codesign_small_vehicle_early_exit,0.0,0.0,0.0,0.0,0.0,0.0,0.0,0.0,0.0,0.0,0.0,0,1,,5297,,,0.65,25232.186443776005,1802.2176906088134
reports/small_vehicle/cascade/codesign_small_vehicle_early_exit_isotonic.json,,isotonic,0.0,0.0,1.0,real,25232.186443776005,1802.2176906088134,0.0,codesign_small_vehicle_early_exit,0.0,0.0,0.0,0.0,0.0,0.0,0.0,0.0,0.0,0.0,0.0,0,1,,5297,,,0.7000000000000001,25232.186443776005,1802.2176906088134
reports/small_vehicle/cascade/codesign_small_vehicle_early_exit_isotonic.json,,isotonic,0.0,0.0,1.0,real,25232.186443776005,1802.2176906088134,0.0,codesign_small_vehicle_early_exit,0.0,0.0,0.0,0.0,0.0,0.0,0.0,0.0,0.0,0.0,0.0,0,1,,5297,,,0.75,25232.186443776005,1802.2176906088134
reports/small_vehicle/cascade/codesign_small_vehicle_early_exit_isotonic.json,,isotonic,0.0,0.0,1.0,real,25232.186443776005,1802.2176906088134,0.0,codesign_small_vehicle_early_exit,0.0,0.0,0.0,0.0,0.0,0.0,0.0,0.0,0.0,0.0,0.0,0,1,,5297,,,0.8,25232.186443776005,1802.2176906088134
reports/small_vehicle/cascade/codesign_small_vehicle_early_exit_isotonic.json,,isotonic,0.0,0.0,1.0,real,25232.186443776005,1802.2176906088134,0.0,codesign_small_vehicle_early_exit,0.0,0.0,0.0,0.0,0.0,0.0,0.0,0.0,0.0,0.0,0.0,0,1,,5297,,,0.8500000000000001,25232.186443776005,1802.2176906088134
reports/small_vehicle/cascade/codesign_small_vehicle_early_exit_isotonic.json,,isotonic,0.0,0.0,1.0,real,25232.186443776005,1802.2176906088134,0.0,codesign_small_vehicle_early_exit,0.0,0.0,0.0,0.0,0.0,0.0,0.0,0.0,0.0,0.0,0.0,0,1,,5297,,,0.9,25232.186443776005,1802.2176906088134
reports/small_vehicle/cascade/codesign_small_vehicle_early_exit_isotonic.json,,isotonic,0.0,0.0,1.0,real,25232.186443776005,1802.2176906088134,0.0,codesign_small_vehicle_early_exit,0.0,0.0,0.0,0.0,0.0,0.0,0.0,0.0,0.0,0.0,0.0,0,1,,5297,,,0.9500000000000001,25232.186443776005,1802.2176906088134
reports/small_vehicle/cascade/codesign_small_vehicle_early_exit_isotonic.json,,isotonic,0.0,0.0,1.0,real,25232.186443776005,1802.2176906088134,0.0,codesign_small_vehicle_early_exit,0.0,0.0,0.0,0.0,0.0,0.0,0.0,0.0,0.0,0.0,0.0,0,1,,5297,,,1.0,25232.186443776005,1802.2176906088134
reports/small_vehicle/cascade/codesign_small_vehicle_early_exit_platt.json,,platt,974779.5025592321,108932.92932660552,0.0,real,25232.186443776005,1802.2176906088134,1.0,codesign_small_vehicle_early_exit,0.46409689230717693,0.43910578836698266,0.20722058527514714,0.39496202097822886,0.3307466175802878,0.24060823344665644,0.13539707857177424,0.053239510453280826,0.012709737370357202,0.0013201320132013201,1.984166352506994e-05,5297,1,,5297,,,0.0,1000011.6890030081,110735.14701721433
reports/small_vehicle/cascade/codesign_small_vehicle_early_exit_platt.json,,platt,955824.945496064,106814.73190907855,0.019444968850292565,real,25232.186443776005,1802.2176906088134,0.9948253557567918,codesign_small_vehicle_early_exit,0.4633989011139409,0.43831421866156134,0.206749814377091,0.3941703681097056,0.32995814537666257,0.23981502129665278,0.13489981891594113,0.052952437333660354,0.012649259286058508,0.0013201320132013201,1.984166352506994e-05,5194,1,,5297,,,0.05,981057.13193984,108616.94959968736
reports/small_vehicle/cascade/codesign_small_vehicle_early_exit_platt.json,,platt,910922.8879872,101796.86618212145,0.06550877855389847,real,25232.186443776005,1802.2176906088134,0.9734799482535575,codesign_small_vehicle_early_exit,0.4625587338405698,0.43242396897371305,0.20539979978377798,0.3934276888407122,0.32918447086832264,0.23580435753915838,0.13446465145313233,0.05268184693123123,0.012112305714213852,0.0013201320132013201,1.984166352506994e-05,4950,1,,5297,,,0.1,936155.0744309761,103599.08387273026
reports/small_vehicle/cascade/codesign_small_vehicle_early_exit_platt.json,,platt,824431.21983488,92131.3051506877,0.15423824806494246,real,25232.186443776005,1802.2176906088134,0.9385510996119016,codesign_small_vehicle_early_exit,0.45205665654139965,0.42231902570150487,0.2002047638683941,0.3837902506899583,0.32053043763483463,0.22907563064291064,0.1302096045211516,0.05061000417043794,0.01211605510501683,0.0013201320132013201,1.984166352506994e-05,4480,1,,5297,,,0.15000000000000002,849663.406278656,93933.52284129651
reports/small_vehicle/cascade/codesign_small_vehicle_early_exit_platt.json,,platt,667089.993728,74548.21008286672,0.31565036813290537,real,25232.186443776005,1802.2176906088134,0.8602846054333765,codesign_small_vehicle_early_exit,0.40557385631997295,0.3765474419948434,0.17804625445485905,0.3396908357147547,0.28049049658424274,0.20317067774828929,0.1158601343980471,0.046125938617617816,0.011663069484034663,0.0013201320132013201,1.996167358671351e-05,3625,1,,5297,,,0.2,692322.180171776,76350.42777347553
reports/small_vehicle/cascade/codesign_small_vehicle_early_exit_platt.json,,platt,471287.579017216,52667.02510957839,0.5165187842174817,real,25232.186443776005,1802.2176906088134,0.7761966364812419,codesign_small_vehicle_early_exit,0.36262888335067417,0.34010943499398455,0.16046998833198367,0.3055792845730846,0.25442856585388673,0.18343359461532055,0.10348318750053,0.04289372901419094,0.010803109731377368,0.0013201320132013201,1.996167358671351e-05,2561,1,,5297,,,0.25,496519.765460992,54469.2428001872
reports/small_vehicle/cascade/codesign_small_vehicle_early_exit_platt.json,,platt,378171.01713408,42261.12323318375,0.6120445535208608,real,25232.186443776005,1802.2176906088134,0.6739974126778784,codesign_small_vehicle_early_exit,0.3160594699052699,0.29491889492296136,0.13935782516738976,0.2636654657938677,0.21803677232531096,0.15863244618042774,0.09239735417008649,0.03793474095588136,0.010592769304648083,0.0013201320132013201,2.020610224287735e-05,2055,1,,5297,,,0.30000000000000004,403403.203577856,44063.340923792566
reports/small_vehicle/cascade/codesign_small_vehicle_early_exit_platt.json,,platt,300328.515796992,33562.118304893374,0.6919010760808004,real,25232.186443776005,1802.2176906088134,0.5530401034928849,codesign_small_vehicle_early_exit,0.2534127474806613,0.2345698341370705,0.11263648882253319,0.21154576402501002,0.17683612178582134,0.12954205114953887,0.07647517224785516,0.03310109021522949,0.009394001384317894,0.0014668133480014668,2.1292451825827744e-05,1632,1,,5297,,,0.35000000000000003,325560.702240768,35364.33599550219
reports/small_vehicle/cascade/codesign_small_vehicle_early_exit_platt.json,,platt,227822.734409728,25459.49905726593,0.7662828015858033,real,25232.186443776005,1802.2176906088134,0.4217335058214748,codesign_small_vehicle_early_exit,0.17537452231661554,0.15812241386973885,0.07454976673326676,0.1379199892411588,0.11275821667140906,0.0799709143481456,0.047788803446164735,0.022554921219201166,0.008991553200070437,0.0019801980198019802,3.613500036135e-05,1238,1,,5297,,,0.4,253054.920853504,27261.716747874743
reports/small_vehicle/cascade/codesign_small_vehicle_early_exit_platt.json,,platt,173535.410782208,19392.817133280914,0.8219747026618841,real,25232.186443776005,1802.2176906088134,0.3208279430789133,codesign_small_vehicle_early_exit,0.14006219554509566,0.12770616999371256,0.05917830175098678,0.10918260375150138,0.08699471033705378,0.061232777310327446,0.03713005503196785,0.01871672387969016,0.008712871287128714,0.0019801980198019802,6.471235358830001e-05,943,1,,5297,,,0.45,198767.597225984,21195.034823889728
reports/small_vehicle/cascade/codesign_small_vehicle_early_exit_platt.json,,platt,123848.707801088,13840.26079607429,0.8729469511043987,real,25232.186443776005,1802.2176906088134,0.22315653298835705,codesign_small_vehicle_early_exit,0.10427070540017927,0.09050662910582953,0.043311551402125455,0.07834789915424556,0.06311653277008487,0.04427874652197779,0.02770054753449701,0.015197769580330771,0.007425742574257425,0.0022002200220022,7.072135785007072e-05,673,1,,5297,,,0.5,149080.894244864,15642.478486683103
reports/small_vehicle/cascade/codesign_small_vehicle_early_exit_platt.json,,platt,84283.370242048,9418.780749780126,0.9135359637530678,real,25232.186443776005,1802.2176906088134,0.15135834411384216,codesign_small_vehicle_early_exit,0.07612954934047958,0.06718241779776268,0.03238311339784617,0.057216432556237845,0.045858144561495166,0.03331903445355284,0.02172147524697162,0.0123239493270094,0.007425742574257425,0.0026402640264026403,1.4124094292453496e-05,458,1,,5297,,,0.55,109515.556685824,11220.99844038894
reports/small_vehicle/cascade/codesign_small_vehicle_early_exit_platt.json,,platt,50790.851936256004,5675.946478033438,0.9478950349254295,real,25232.186443776005,1802.2176906088134,0.08796895213454076,codesign_small_vehicle_early_exit,0.0534727546613449,0.04796994102854269,0.02250347976600845,0.04085525597920652,0.030565065988526298,0.020663296700068008,0.013604077799084255,0.010478662929054411,0.0049504950495049506,0.0024752475247524753,0.0,276,1,,5297,,,0.6000000000000001,76023.03838003201,7478.164168642252
reports/small_vehicle/cascade/codesign_small_vehicle_early_exit_platt.json,,platt,23555.177709568,2632.3230043053627,0.9758353785161412,real,25232.186443776005,1802.2176906088134,0.03816300129366106,codesign_small_vehicle_early_exit,0.018829667397877514,0.018377941984458922,0.01106286082719132,0.017530280946876413,0.01612943249212139,0.012533562678301727,0.009900990099009901,0.009900990099009901,0.0049504950495049506,0.0024752475247524753,0.0,128,1,,5297,,,0.65,48787.36415334401,4434.540694914176
reports/small_vehicle/cascade/codesign_small_vehicle_early_exit_platt.json,,platt,11041.48955136,1233.9014082681388,0.9886728336794411,real,25232.186443776005,1802.2176906088134,0.014230271668822769,codesign_small_vehicle_early_exit,0.009900990099009901,0.009900990099009901,0.007673267326732675,0.009900990099009901,0.009900990099009901,0.009900990099009901,0.009900990099009901,0.009900990099009901,0.0049504950495049506,0.0024752475247524753,0.0,60,1,,5297,,,0.7000000000000001,36273.67599513601,3036.119098876952
reports/small_vehicle/cascade/codesign_small_vehicle_early_exit_platt.json,,platt,4600.620646400001,514.1255867783912,0.9952803473664338,real,25232.186443776005,1802.2176906088134,0.004527813712807244,codesign_small_vehicle_early_exit,0.009900990099009901,0.009900990099009901,0.007133070146887435,0.009900990099009901,0.009900990099009901,0.009900990099009901,0.009900990099009901,0.009900990099009901,0.0017219113215669393,0.00030185945423810673,0.0,25,1,,5297,,,0.75,29832.807090176007,2316.3432773872046
reports/small_vehicle/cascade/codesign_small_vehicle_early_exit_platt.json,,platt,1288.173780992,143.95516429794952,0.9986784972626015,real,25232.186443776005,1802.2176906088134,0.00129366106080207,codesign_small_vehicle_early_exit,0.009900990099009901,0.0088008800880088,0.005561969012027252,0.0088008800880088,0.006115317414094351,0.005824111822947,0.005657708628005657,0.0049504950495049506,0.0049504950495049506,0.0006188118811881188,0.0,7,1,,5297,,,0.8,26520.360224768006,1946.172854906763
reports/small_vehicle/cascade/codesign_small_vehicle_early_exit_platt.json,,platt,0.0,0.0,1.0,real,25232.186443776005,1802.2176906088134,0.0,codesign_small_vehicle_early_exit,0.0,0.0,0.0,0.0,0.0,0.0,0.0,0.0,0.0,0.0,0.0,0,1,,5297,,,0.8500000000000001,25232.186443776005,1802.2176906088134
reports/small_vehicle/cascade/codesign_small_vehicle_early_exit_platt.json,,platt,0.0,0.0,1.0,real,25232.186443776005,1802.2176906088134,0.0,codesign_small_vehicle_early_exit,0.0,0.0,0.0,0.0,0.0,0.0,0.0,0.0,0.0,0.0,0.0,0,1,,5297,,,0.9,25232.186443776005,1802.2176906088134
reports/small_vehicle/cascade/codesign_small_vehicle_early_exit_platt.json,,platt,0.0,0.0,1.0,real,25232.186443776005,1802.2176906088134,0.0,codesign_small_vehicle_early_exit,0.0,0.0,0.0,0.0,0.0,0.0,0.0,0.0,0.0,0.0,0.0,0,1,,5297,,,0.9500000000000001,25232.186443776005,1802.2176906088134
reports/small_vehicle/cascade/codesign_small_vehicle_early_exit_platt.json,,platt,0.0,0.0,1.0,real,25232.186443776005,1802.2176906088134,0.0,codesign_small_vehicle_early_exit,0.0,0.0,0.0,0.0,0.0,0.0,0.0,0.0,0.0,0.0,0.0,0,1,,5297,,,1.0,25232.186443776005,1802.2176906088134
reports/small_vehicle/cascade/codesign_small_vehicle_early_exit_temperature.json,,temperature,974779.5025592321,108932.92932660552,0.0,real,25232.186443776005,1802.2176906088134,1.0,codesign_small_vehicle_early_exit,0.46409689230717693,0.43910578836698266,0.20722058527514714,0.39496202097822886,0.3307466175802878,0.24060823344665644,0.13539707857177424,0.053239510453280826,0.012709737370357202,0.0013201320132013201,1.984166352506994e-05,5297,1,,5297,,,0.0,1000011.6890030081,110735.14701721433
reports/small_vehicle/cascade/codesign_small_vehicle_early_exit_temperature.json,,temperature,974779.5025592321,108932.92932660552,0.0,real,25232.186443776005,1802.2176906088134,1.0,codesign_small_vehicle_early_exit,0.46409689230717693,0.43910578836698266,0.20722058527514714,0.39496202097822886,0.3307466175802878,0.24060823344665644,0.13539707857177424,0.053239510453280826,0.012709737370357202,0.0013201320132013201,1.984166352506994e-05,5297,1,,5297,,,0.05,1000011.6890030081,110735.14701721433
reports/small_vehicle/cascade/codesign_small_vehicle_early_exit_temperature.json,,temperature,974779.5025592321,108932.92932660552,0.0,real,25232.186443776005,1802.2176906088134,1.0,codesign_small_vehicle_early_exit,0.46409689230717693,0.43910578836698266,0.20722058527514714,0.39496202097822886,0.3307466175802878,0.24060823344665644,0.13539707857177424,0.053239510453280826,0.012709737370357202,0.0013201320132013201,1.984166352506994e-05,5297,1,,5297,,,0.1,1000011.6890030081,110735.14701721433
reports/small_vehicle/cascade/codesign_small_vehicle_early_exit_temperature.json,,temperature,974779.5025592321,108932.92932660552,0.0,real,25232.186443776005,1802.2176906088134,1.0,codesign_small_vehicle_early_exit,0.46409689230717693,0.43910578836698266,0.20722058527514714,0.39496202097822886,0.3307466175802878,0.24060823344665644,0.13539707857177424,0.053239510453280826,0.012709737370357202,0.0013201320132013201,1.984166352506994e-05,5297,1,,5297,,,0.15000000000000002,1000011.6890030081,110735.14701721433
reports/small_vehicle/cascade/codesign_small_vehicle_early_exit_temperature.json,,temperature,974779.5025592321,108932.92932660552,0.0,real,25232.186443776005,1802.2176906088134,1.0,codesign_small_vehicle_early_exit,0.46409689230717693,0.43910578836698266,0.20722058527514714,0.39496202097822886,0.3307466175802878,0.24060823344665644,0.13539707857177424,0.053239510453280826,0.012709737370357202,0.0013201320132013201,1.984166352506994e-05,5297,1,,5297,,,0.2,1000011.6890030081,110735.14701721433
reports/small_vehicle/cascade/codesign_small_vehicle_early_exit_temperature.json,,temperature,974779.5025592321,108932.92932660552,0.0,real,25232.186443776005,1802.2176906088134,1.0,codesign_small_vehicle_early_exit,0.46409689230717693,0.43910578836698266,0.20722058527514714,0.39496202097822886,0.3307466175802878,0.24060823344665644,0.13539707857177424,0.053239510453280826,0.012709737370357202,0.0013201320132013201,1.984166352506994e-05,5297,1,,5297,,,0.25,1000011.6890030081,110735.14701721433
reports/small_vehicle/cascade/codesign_small_vehicle_early_exit_temperature.json,,temperature,974779.5025592321,108932.92932660552,0.0,real,25232.186443776005,1802.2176906088134,1.0,codesign_small_vehicle_early_exit,0.46409689230717693,0.43910578836698266,0.20722058527514714,0.39496202097822886,0.3307466175802878,0.24060823344665644,0.13539707857177424,0.053239510453280826,0.012709737370357202,0.0013201320132013201,1.984166352506994e-05,5297,1,,5297,,,0.30000000000000004,1000011.6890030081,110735.14701721433
reports/small_vehicle/cascade/codesign_small_vehicle_early_exit_temperature.json,,temperature,974779.5025592321,108932.92932660552,0.0,real,25232.186443776005,1802.2176906088134,1.0,codesign_small_vehicle_early_exit,0.46409689230717693,0.43910578836698266,0.20722058527514714,0.39496202097822886,0.3307466175802878,0.24060823344665644,0.13539707857177424,0.053239510453280826,0.012709737370357202,0.0013201320132013201,1.984166352506994e-05,5297,1,,5297,,,0.35000000000000003,1000011.6890030081,110735.14701721433
reports/small_vehicle/cascade/codesign_small_vehicle_early_exit_temperature.json,,temperature,974779.5025592321,108932.92932660552,0.0,real,25232.186443776005,1802.2176906088134,1.0,codesign_small_vehicle_early_exit,0.46409689230717693,0.43910578836698266,0.20722058527514714,0.39496202097822886,0.3307466175802878,0.24060823344665644,0.13539707857177424,0.053239510453280826,0.012709737370357202,0.0013201320132013201,1.984166352506994e-05,5297,1,,5297,,,0.4,1000011.6890030081,110735.14701721433
reports/small_vehicle/cascade/codesign_small_vehicle_early_exit_temperature.json,,temperature,974779.5025592321,108932.92932660552,0.0,real,25232.186443776005,1802.2176906088134,1.0,codesign_small_vehicle_early_exit,0.46409689230717693,0.43910578836698266,0.20722058527514714,0.39496202097822886,0.3307466175802878,0.24060823344665644,0.13539707857177424,0.053239510453280826,0.012709737370357202,0.0013201320132013201,1.984166352506994e-05,5297,1,,5297,,,0.45,1000011.6890030081,110735.14701721433
reports/small_vehicle/cascade/codesign_small_vehicle_early_exit_temperature.json,,temperature,961713.739923456,107472.81266015489,0.013403813479327953,real,25232.186443776005,1802.2176906088134,0.9954721862871928,codesign_small_vehicle_early_exit,0.46360966654118385,0.4385513019966407,0.20684455175127026,0.39434451846530955,0.3301179085331826,0.23992954174091718,0.1349298444658956,0.05296384032534516,0.01265892176750105,0.0013201320132013201,1.984166352506994e-05,5226,1,,5297,,,0.5,986945.926367232,109275.0303507637
reports/small_vehicle/cascade/codesign_small_vehicle_early_exit_temperature.json,,temperature,0.0,0.0,1.0,real,25232.186443776005,1802.2176906088134,0.0,codesign_small_vehicle_early_exit,0.0,0.0,0.0,0.0,0.0,0.0,0.0,0.0,0.0,0.0,0.0,0,1,,5297,,,0.55,25232.186443776005,1802.2176906088134
reports/small_vehicle/cascade/codesign_small_vehicle_early_exit_temperature.json,,temperature,0.0,0.0,1.0,real,25232.186443776005,1802.2176906088134,0.0,codesign_small_vehicle_early_exit,0.0,0.0,0.0,0.0,0.0,0.0,0.0,0.0,0.0,0.0,0.0,0,1,,5297,,,0.6000000000000001,25232.186443776005,1802.2176906088134
reports/small_vehicle/cascade/codesign_small_vehicle_early_exit_temperature.json,,temperature,0.0,0.0,1.0,real,25232.186443776005,1802.2176906088134,0.0,codesign_small_vehicle_early_exit,0.0,0.0,0.0,0.0,0.0,0.0,0.0,0.0,0.0,0.0,0.0,0,1,,5297,,,0.65,25232.186443776005,1802.2176906088134
reports/small_vehicle/cascade/codesign_small_vehicle_early_exit_temperature.json,,temperature,0.0,0.0,1.0,real,25232.186443776005,1802.2176906088134,0.0,codesign_small_vehicle_early_exit,0.0,0.0,0.0,0.0,0.0,0.0,0.0,0.0,0.0,0.0,0.0,0,1,,5297,,,0.7000000000000001,25232.186443776005,1802.2176906088134
reports/small_vehicle/cascade/codesign_small_vehicle_early_exit_temperature.json,,temperature,0.0,0.0,1.0,real,25232.186443776005,1802.2176906088134,0.0,codesign_small_vehicle_early_exit,0.0,0.0,0.0,0.0,0.0,0.0,0.0,0.0,0.0,0.0,0.0,0,1,,5297,,,0.75,25232.186443776005,1802.2176906088134
reports/small_vehicle/cascade/codesign_small_vehicle_early_exit_temperature.json,,temperature,0.0,0.0,1.0,real,25232.186443776005,1802.2176906088134,0.0,codesign_small_vehicle_early_exit,0.0,0.0,0.0,0.0,0.0,0.0,0.0,0.0,0.0,0.0,0.0,0,1,,5297,,,0.8,25232.186443776005,1802.2176906088134
reports/small_vehicle/cascade/codesign_small_vehicle_early_exit_temperature.json,,temperature,0.0,0.0,1.0,real,25232.186443776005,1802.2176906088134,0.0,codesign_small_vehicle_early_exit,0.0,0.0,0.0,0.0,0.0,0.0,0.0,0.0,0.0,0.0,0.0,0,1,,5297,,,0.8500000000000001,25232.186443776005,1802.2176906088134
reports/small_vehicle/cascade/codesign_small_vehicle_early_exit_temperature.json,,temperature,0.0,0.0,1.0,real,25232.186443776005,1802.2176906088134,0.0,codesign_small_vehicle_early_exit,0.0,0.0,0.0,0.0,0.0,0.0,0.0,0.0,0.0,0.0,0.0,0,1,,5297,,,0.9,25232.186443776005,1802.2176906088134
reports/small_vehicle/cascade/codesign_small_vehicle_early_exit_temperature.json,,temperature,0.0,0.0,1.0,real,25232.186443776005,1802.2176906088134,0.0,codesign_small_vehicle_early_exit,0.0,0.0,0.0,0.0,0.0,0.0,0.0,0.0,0.0,0.0,0.0,0,1,,5297,,,0.9500000000000001,25232.186443776005,1802.2176906088134
reports/small_vehicle/cascade/codesign_small_vehicle_early_exit_temperature.json,,temperature,0.0,0.0,1.0,real,25232.186443776005,1802.2176906088134,0.0,codesign_small_vehicle_early_exit,0.0,0.0,0.0,0.0,0.0,0.0,0.0,0.0,0.0,0.0,0.0,0,1,,5297,,,1.0,25232.186443776005,1802.2176906088134
reports/small_vehicle/cascade/codesign_small_vehicle_relaxed_context_adaptive.json,,context_adaptive,974779.5025592321,108932.92932660552,0.0,real,25232.186443776005,1802.2176906088134,1.0,codesign_small_vehicle_relaxed,0.4640969459524498,0.43910613037413027,0.2072207747207421,0.3949618021477602,0.3307467165486183,0.24060801291396436,0.13539693832795577,0.05324152294588788,0.012709704319927531,0.0013201320132013201,1.984166352506994e-05,5297,1,,5297,,,0.0,1000011.6890030081,110735.14701721433
reports/small_vehicle/cascade/codesign_small_vehicle_relaxed_context_adaptive.json,,context_adaptive,645743.113928704,72162.66736021498,0.3375495563526525,real,25232.186443776005,1802.2176906088134,1.0,codesign_small_vehicle_relaxed,0.4640969750794752,0.43910627817082176,0.2072205893486246,0.3949618631215918,0.3307466175802878,0.24060769356425474,0.13539707857177424,0.05323966798625721,0.01270974573505696,0.0013201320132013201,1.984166352506994e-05,3509,1,,5297,,,0.05,670975.3003724801,73964.8850508238
reports/small_vehicle/cascade/codesign_small_vehicle_relaxed_context_adaptive.json,,context_adaptive,610962.42184192,68275.87792417035,0.3732301302624127,real,25232.186443776005,1802.2176906088134,1.0,codesign_small_vehicle_relaxed,0.4640969750794752,0.43910627817082176,0.2072205893486246,0.3949618631215918,0.3307466175802878,0.24060769356425474,0.13539707857177424,0.05323966798625721,0.01270974573505696,0.0013201320132013201,1.984166352506994e-05,3320,1,,5297,,,0.1,636194.608285696,70078.09561477916
reports/small_vehicle/cascade/codesign_small_vehicle_relaxed_context_adaptive.json,,context_adaptive,610410.347364352,68214.18285375694,0.3737964885784406,real,25232.186443776005,1802.2176906088134,1.0,codesign_small_vehicle_relaxed,0.4640969750794752,0.43910627817082176,0.2072205893486246,0.3949618631215918,0.3307466175802878,0.24060769356425474,0.13539707857177424,0.05323966798625721,0.01270974573505696,0.0013201320132013201,1.984166352506994e-05,3317,1,,5297,,,0.15000000000000002,635642.533808128,70016.40054436575
reports/small_vehicle/cascade/codesign_small_vehicle_relaxed_context_adaptive.json,,context_adaptive,610410.347364352,68214.18285375694,0.3737964885784406,real,25232.186443776005,1802.2176906088134,1.0,codesign_small_vehicle_relaxed,0.4640969750794752,0.43910627817082176,0.2072205893486246,0.3949618631215918,0.3307466175802878,0.24060769356425474,0.13539707857177424,0.05323966798625721,0.01270974573505696,0.0013201320132013201,1.984166352506994e-05,3317,1,,5297,,,0.2,635642.533808128,70016.40054436575
reports/small_vehicle/cascade/codesign_small_vehicle_relaxed_context_adaptive.json,,context_adaptive,610410.347364352,68214.18285375694,0.3737964885784406,real,25232.186443776005,1802.2176906088134,1.0,codesign_small_vehicle_relaxed,0.4640969750794752,0.43910627817082176,0.2072205893486246,0.3949618631215918,0.3307466175802878,0.24060769356425474,0.13539707857177424,0.05323966798625721,0.01270974573505696,0.0013201320132013201,1.984166352506994e-05,3317,1,,5297,,,0.25,635642.533808128,70016.40054436575
reports/small_vehicle/cascade/codesign_small_vehicle_relaxed_context_adaptive.json,,context_adaptive,610410.347364352,68214.18285375694,0.3737964885784406,real,25232.186443776005,1802.2176906088134,1.0,codesign_small_vehicle_relaxed,0.4640969750794752,0.43910627817082176,0.2072205893486246,0.3949618631215918,0.3307466175802878,0.24060769356425474,0.13539707857177424,0.05323966798625721,0.01270974573505696,0.0013201320132013201,1.984166352506994e-05,3317,1,,5297,,,0.30000000000000004,635642.533808128,70016.40054436575
reports/small_vehicle/cascade/codesign_small_vehicle_relaxed_context_adaptive.json,,context_adaptive,610410.347364352,68214.18285375694,0.3737964885784406,real,25232.186443776005,1802.2176906088134,1.0,codesign_small_vehicle_relaxed,0.4640969750794752,0.43910627817082176,0.2072205893486246,0.3949618631215918,0.3307466175802878,0.24060769356425474,0.13539707857177424,0.05323966798625721,0.01270974573505696,0.0013201320132013201,1.984166352506994e-05,3317,1,,5297,,,0.35000000000000003,635642.533808128,70016.40054436575
reports/small_vehicle/cascade/codesign_small_vehicle_relaxed_context_adaptive.json,,context_adaptive,610410.347364352,68214.18285375694,0.3737964885784406,real,25232.186443776005,1802.2176906088134,1.0,codesign_small_vehicle_relaxed,0.4640969750794752,0.43910627817082176,0.2072205893486246,0.3949618631215918,0.3307466175802878,0.24060769356425474,0.13539707857177424,0.05323966798625721,0.01270974573505696,0.0013201320132013201,1.984166352506994e-05,3317,1,,5297,,,0.4,635642.533808128,70016.40054436575
reports/small_vehicle/cascade/codesign_small_vehicle_relaxed_context_adaptive.json,,context_adaptive,610410.347364352,68214.18285375694,0.3737964885784406,real,25232.186443776005,1802.2176906088134,1.0,codesign_small_vehicle_relaxed,0.4640969750794752,0.43910627817082176,0.2072205893486246,0.3949618631215918,0.3307466175802878,0.24060769356425474,0.13539707857177424,0.05323966798625721,0.01270974573505696,0.0013201320132013201,1.984166352506994e-05,3317,1,,5297,,,0.45,635642.533808128,70016.40054436575
reports/small_vehicle/cascade/codesign_small_vehicle_relaxed_context_adaptive.json,,context_adaptive,466318.908719104,52111.76947585773,0.521616009061733,real,25232.186443776005,1802.2176906088134,0.9501940491591203,codesign_small_vehicle_relaxed,0.46157486566302974,0.43150587856630557,0.20510192187803034,0.3924412302250018,0.328335546292958,0.2358353151802077,0.13480387867865884,0.053030050817117085,0.012152479680298131,0.0013201320132013201,1.984166352506994e-05,2534,1,,5297,,,0.5,491551.09516288,53913.98716646654
reports/small_vehicle/cascade/codesign_small_vehicle_relaxed_context_adaptive.json,,context_adaptive,0.0,0.0,1.0,real,25232.186443776005,1802.2176906088134,0.0,codesign_small_vehicle_relaxed,0.0,0.0,0.0,0.0,0.0,0.0,0.0,0.0,0.0,0.0,0.0,0,1,,5297,,,0.55,25232.186443776005,1802.2176906088134
reports/small_vehicle/cascade/codesign_small_vehicle_relaxed_context_adaptive.json,,context_adaptive,0.0,0.0,1.0,real,25232.186443776005,1802.2176906088134,0.0,codesign_small_vehicle_relaxed,0.0,0.0,0.0,0.0,0.0,0.0,0.0,0.0,0.0,0.0,0.0,0,1,,5297,,,0.6000000000000001,25232.186443776005,1802.2176906088134
reports/small_vehicle/cascade/codesign_small_vehicle_relaxed_context_adaptive.json,,context_adaptive,0.0,0.0,1.0,real,25232.186443776005,1802.2176906088134,0.0,codesign_small_vehicle_relaxed,0.0,0.0,0.0,0.0,0.0,0.0,0.0,0.0,0.0,0.0,0.0,0,1,,5297,,,0.65,25232.186443776005,1802.2176906088134
reports/small_vehicle/cascade/codesign_small_vehicle_relaxed_context_adaptive.json,,context_adaptive,0.0,0.0,1.0,real,25232.186443776005,1802.2176906088134,0.0,codesign_small_vehicle_relaxed,0.0,0.0,0.0,0.0,0.0,0.0,0.0,0.0,0.0,0.0,0.0,0,1,,5297,,,0.7000000000000001,25232.186443776005,1802.2176906088134
reports/small_vehicle/cascade/codesign_small_vehicle_relaxed_context_adaptive.json,,context_adaptive,0.0,0.0,1.0,real,25232.186443776005,1802.2176906088134,0.0,codesign_small_vehicle_relaxed,0.0,0.0,0.0,0.0,0.0,0.0,0.0,0.0,0.0,0.0,0.0,0,1,,5297,,,0.75,25232.186443776005,1802.2176906088134
reports/small_vehicle/cascade/codesign_small_vehicle_relaxed_context_adaptive.json,,context_adaptive,0.0,0.0,1.0,real,25232.186443776005,1802.2176906088134,0.0,codesign_small_vehicle_relaxed,0.0,0.0,0.0,0.0,0.0,0.0,0.0,0.0,0.0,0.0,0.0,0,1,,5297,,,0.8,25232.186443776005,1802.2176906088134
reports/small_vehicle/cascade/codesign_small_vehicle_relaxed_context_adaptive.json,,context_adaptive,0.0,0.0,1.0,real,25232.186443776005,1802.2176906088134,0.0,codesign_small_vehicle_relaxed,0.0,0.0,0.0,0.0,0.0,0.0,0.0,0.0,0.0,0.0,0.0,0,1,,5297,,,0.8500000000000001,25232.186443776005,1802.2176906088134
reports/small_vehicle/cascade/codesign_small_vehicle_relaxed_context_adaptive.json,,context_adaptive,0.0,0.0,1.0,real,25232.186443776005,1802.2176906088134,0.0,codesign_small_vehicle_relaxed,0.0,0.0,0.0,0.0,0.0,0.0,0.0,0.0,0.0,0.0,0.0,0,1,,5297,,,0.9,25232.186443776005,1802.2176906088134
reports/small_vehicle/cascade/codesign_small_vehicle_relaxed_context_adaptive.json,,context_adaptive,0.0,0.0,1.0,real,25232.186443776005,1802.2176906088134,0.0,codesign_small_vehicle_relaxed,0.0,0.0,0.0,0.0,0.0,0.0,0.0,0.0,0.0,0.0,0.0,0,1,,5297,,,0.9500000000000001,25232.186443776005,1802.2176906088134
reports/small_vehicle/cascade/codesign_small_vehicle_relaxed_context_adaptive.json,,context_adaptive,0.0,0.0,1.0,real,25232.186443776005,1802.2176906088134,0.0,codesign_small_vehicle_relaxed,0.0,0.0,0.0,0.0,0.0,0.0,0.0,0.0,0.0,0.0,0.0,0,1,,5297,,,1.0,25232.186443776005,1802.2176906088134
reports/small_vehicle/cascade/codesign_small_vehicle_relaxed_identity.json,,identity,974779.5025592321,108932.92932660552,0.0,real,25232.186443776005,1802.2176906088134,1.0,codesign_small_vehicle_relaxed,0.4640969459524498,0.43910613037413027,0.2072207747207421,0.3949618021477602,0.3307467165486183,0.24060801291396436,0.13539693832795577,0.05324152294588788,0.012709704319927531,0.0013201320132013201,1.984166352506994e-05,5297,1,,5297,,,0.0,1000011.6890030081,110735.14701721433
reports/small_vehicle/cascade/codesign_small_vehicle_relaxed_identity.json,,identity,974779.5025592321,108932.92932660552,0.0,real,25232.186443776005,1802.2176906088134,1.0,codesign_small_vehicle_relaxed,0.4640969459524498,0.43910613037413027,0.2072207747207421,0.3949618021477602,0.3307467165486183,0.24060801291396436,0.13539693832795577,0.05324152294588788,0.012709704319927531,0.0013201320132013201,1.984166352506994e-05,5297,1,,5297,,,0.05,1000011.6890030081,110735.14701721433
reports/small_vehicle/cascade/codesign_small_vehicle_relaxed_identity.json,,identity,974779.5025592321,108932.92932660552,0.0,real,25232.186443776005,1802.2176906088134,1.0,codesign_small_vehicle_relaxed,0.4640969459524498,0.43910613037413027,0.2072207747207421,0.3949618021477602,0.3307467165486183,0.24060801291396436,0.13539693832795577,0.05324152294588788,0.012709704319927531,0.0013201320132013201,1.984166352506994e-05,5297,1,,5297,,,0.1,1000011.6890030081,110735.14701721433
reports/small_vehicle/cascade/codesign_small_vehicle_relaxed_identity.json,,identity,974779.5025592321,108932.92932660552,0.0,real,25232.186443776005,1802.2176906088134,1.0,codesign_small_vehicle_relaxed,0.4640969459524498,0.43910613037413027,0.2072207747207421,0.3949618021477602,0.3307467165486183,0.24060801291396436,0.13539693832795577,0.05324152294588788,0.012709704319927531,0.0013201320132013201,1.984166352506994e-05,5297,1,,5297,,,0.15000000000000002,1000011.6890030081,110735.14701721433
reports/small_vehicle/cascade/codesign_small_vehicle_relaxed_identity.json,,identity,974779.5025592321,108932.92932660552,0.0,real,25232.186443776005,1802.2176906088134,1.0,codesign_small_vehicle_relaxed,0.4640969459524498,0.43910613037413027,0.2072207747207421,0.3949618021477602,0.3307467165486183,0.24060801291396436,0.13539693832795577,0.05324152294588788,0.012709704319927531,0.0013201320132013201,1.984166352506994e-05,5297,1,,5297,,,0.2,1000011.6890030081,110735.14701721433
reports/small_vehicle/cascade/codesign_small_vehicle_relaxed_identity.json,,identity,974779.5025592321,108932.92932660552,0.0,real,25232.186443776005,1802.2176906088134,1.0,codesign_small_vehicle_relaxed,0.4640969459524498,0.43910613037413027,0.2072207747207421,0.3949618021477602,0.3307467165486183,0.24060801291396436,0.13539693832795577,0.05324152294588788,0.012709704319927531,0.0013201320132013201,1.984166352506994e-05,5297,1,,5297,,,0.25,1000011.6890030081,110735.14701721433
reports/small_vehicle/cascade/codesign_small_vehicle_relaxed_identity.json,,identity,974779.5025592321,108932.92932660552,0.0,real,25232.186443776005,1802.2176906088134,1.0,codesign_small_vehicle_relaxed,0.4640969459524498,0.43910613037413027,0.2072207747207421,0.3949618021477602,0.3307467165486183,0.24060801291396436,0.13539693832795577,0.05324152294588788,0.012709704319927531,0.0013201320132013201,1.984166352506994e-05,5297,1,,5297,,,0.30000000000000004,1000011.6890030081,110735.14701721433
reports/small_vehicle/cascade/codesign_small_vehicle_relaxed_identity.json,,identity,974779.5025592321,108932.92932660552,0.0,real,25232.186443776005,1802.2176906088134,1.0,codesign_small_vehicle_relaxed,0.4640969459524498,0.43910613037413027,0.2072207747207421,0.3949618021477602,0.3307467165486183,0.24060801291396436,0.13539693832795577,0.05324152294588788,0.012709704319927531,0.0013201320132013201,1.984166352506994e-05,5297,1,,5297,,,0.35000000000000003,1000011.6890030081,110735.14701721433
reports/small_vehicle/cascade/codesign_small_vehicle_relaxed_identity.json,,identity,974779.5025592321,108932.92932660552,0.0,real,25232.186443776005,1802.2176906088134,1.0,codesign_small_vehicle_relaxed,0.4640969459524498,0.43910613037413027,0.2072207747207421,0.3949618021477602,0.3307467165486183,0.24060801291396436,0.13539693832795577,0.05324152294588788,0.012709704319927531,0.0013201320132013201,1.984166352506994e-05,5297,1,,5297,,,0.4,1000011.6890030081,110735.14701721433
reports/small_vehicle/cascade/codesign_small_vehicle_relaxed_identity.json,,identity,974779.5025592321,108932.92932660552,0.0,real,25232.186443776005,1802.2176906088134,1.0,codesign_small_vehicle_relaxed,0.4640969459524498,0.43910613037413027,0.2072207747207421,0.3949618021477602,0.3307467165486183,0.24060801291396436,0.13539693832795577,0.05324152294588788,0.012709704319927531,0.0013201320132013201,1.984166352506994e-05,5297,1,,5297,,,0.45,1000011.6890030081,110735.14701721433
reports/small_vehicle/cascade/codesign_small_vehicle_relaxed_identity.json,,identity,711255.95193344,79483.81571593927,0.27034170285067016,real,25232.186443776005,1802.2176906088134,0.9191461836998707,codesign_small_vehicle_relaxed,0.46116479687271084,0.43113666155229613,0.20451879875241255,0.39207530012094655,0.32389190111774285,0.23569698576851533,0.13473179863526585,0.052994363343204266,0.012156206436716952,0.0013201320132013201,1.984166352506994e-05,3865,1,,5297,,,0.5,736488.1383772161,81286.03340654809
reports/small_vehicle/cascade/codesign_small_vehicle_relaxed_identity.json,,identity,35332.766564352,3948.484506458044,0.9637530677742118,real,25232.186443776005,1802.2176906088134,0.0,codesign_small_vehicle_relaxed,0.0,0.0,0.0,0.0,0.0,0.0,0.0,0.0,0.0,0.0,0.0,192,1,,5297,,,0.55,60564.95300812801,5750.7021970668575
reports/small_vehicle/cascade/codesign_small_vehicle_relaxed_identity.json,,identity,552.074477568,61.69507041340694,0.9994336416839721,real,25232.186443776005,1802.2176906088134,0.0,codesign_small_vehicle_relaxed,0.0,0.0,0.0,0.0,0.0,0.0,0.0,0.0,0.0,0.0,0.0,3,1,,5297,,,0.6000000000000001,25784.260921344005,1863.9127610222204
reports/small_vehicle/cascade/codesign_small_vehicle_relaxed_identity.json,,identity,0.0,0.0,1.0,real,25232.186443776005,1802.2176906088134,0.0,codesign_small_vehicle_relaxed,0.0,0.0,0.0,0.0,0.0,0.0,0.0,0.0,0.0,0.0,0.0,0,1,,5297,,,0.65,25232.186443776005,1802.2176906088134
reports/small_vehicle/cascade/codesign_small_vehicle_relaxed_identity.json,,identity,0.0,0.0,1.0,real,25232.186443776005,1802.2176906088134,0.0,codesign_small_vehicle_relaxed,0.0,0.0,0.0,0.0,0.0,0.0,0.0,0.0,0.0,0.0,0.0,0,1,,5297,,,0.7000000000000001,25232.186443776005,1802.2176906088134
reports/small_vehicle/cascade/codesign_small_vehicle_relaxed_identity.json,,identity,0.0,0.0,1.0,real,25232.186443776005,1802.2176906088134,0.0,codesign_small_vehicle_relaxed,0.0,0.0,0.0,0.0,0.0,0.0,0.0,0.0,0.0,0.0,0.0,0,1,,5297,,,0.75,25232.186443776005,1802.2176906088134
reports/small_vehicle/cascade/codesign_small_vehicle_relaxed_identity.json,,identity,0.0,0.0,1.0,real,25232.186443776005,1802.2176906088134,0.0,codesign_small_vehicle_relaxed,0.0,0.0,0.0,0.0,0.0,0.0,0.0,0.0,0.0,0.0,0.0,0,1,,5297,,,0.8,25232.186443776005,1802.2176906088134
reports/small_vehicle/cascade/codesign_small_vehicle_relaxed_identity.json,,identity,0.0,0.0,1.0,real,25232.186443776005,1802.2176906088134,0.0,codesign_small_vehicle_relaxed,0.0,0.0,0.0,0.0,0.0,0.0,0.0,0.0,0.0,0.0,0.0,0,1,,5297,,,0.8500000000000001,25232.186443776005,1802.2176906088134
reports/small_vehicle/cascade/codesign_small_vehicle_relaxed_identity.json,,identity,0.0,0.0,1.0,real,25232.186443776005,1802.2176906088134,0.0,codesign_small_vehicle_relaxed,0.0,0.0,0.0,0.0,0.0,0.0,0.0,0.0,0.0,0.0,0.0,0,1,,5297,,,0.9,25232.186443776005,1802.2176906088134
reports/small_vehicle/cascade/codesign_small_vehicle_relaxed_identity.json,,identity,0.0,0.0,1.0,real,25232.186443776005,1802.2176906088134,0.0,codesign_small_vehicle_relaxed,0.0,0.0,0.0,0.0,0.0,0.0,0.0,0.0,0.0,0.0,0.0,0,1,,5297,,,0.9500000000000001,25232.186443776005,1802.2176906088134
reports/small_vehicle/cascade/codesign_small_vehicle_relaxed_identity.json,,identity,0.0,0.0,1.0,real,25232.186443776005,1802.2176906088134,0.0,codesign_small_vehicle_relaxed,0.0,0.0,0.0,0.0,0.0,0.0,0.0,0.0,0.0,0.0,0.0,0,1,,5297,,,1.0,25232.186443776005,1802.2176906088134
reports/small_vehicle/cascade/codesign_small_vehicle_relaxed_isotonic.json,,isotonic,974779.5025592321,108932.92932660552,0.0,real,25232.186443776005,1802.2176906088134,1.0,codesign_small_vehicle_relaxed,0.4640969459524498,0.43910613037413027,0.2072207747207421,0.3949618021477602,0.3307467165486183,0.24060801291396436,0.13539693832795577,0.05324152294588788,0.012709704319927531,0.0013201320132013201,1.984166352506994e-05,5297,1,,5297,,,0.0,1000011.6890030081,110735.14701721433
reports/small_vehicle/cascade/codesign_small_vehicle_relaxed_isotonic.json,,isotonic,930797.5691796481,104017.8887170041,0.04511987917689253,real,25232.186443776005,1802.2176906088134,0.9967658473479948,codesign_small_vehicle_relaxed,0.46407996853552647,0.4390918823053915,0.20721233461215718,0.3949451660405417,0.3307436121427546,0.24059562831048026,0.13538416823413246,0.053231543486940945,0.012711403389077261,0.0013201320132013201,1.984166352506994e-05,5058,1,,5297,,,0.05,956029.7556234241,105820.10640761291
reports/small_vehicle/cascade/codesign_small_vehicle_relaxed_isotonic.json,,isotonic,809157.159288832,90424.40820258344,0.16990749480838208,real,25232.186443776005,1802.2176906088134,0.9708926261319534,codesign_small_vehicle_relaxed,0.46185667467781727,0.43172983338878856,0.20521194836244105,0.392629477350543,0.3285553965149204,0.23593510086244515,0.13487378264938885,0.05304960308204844,0.01214964142173221,0.0013201320132013201,1.984166352506994e-05,4397,1,,5297,,,0.1,834389.345732608,92226.62589319225
reports/small_vehicle/cascade/codesign_small_vehicle_relaxed_isotonic.json,,isotonic,752845.562576896,84131.51102041593,0.22767604304323197,real,25232.186443776005,1802.2176906088134,0.9469598965071151,codesign_small_vehicle_relaxed,0.4614659511210854,0.4313919112984527,0.20505643464694182,0.39235201367801487,0.3282259448480773,0.2357937588225983,0.13479737077519827,0.053042170768220126,0.012155251481044627,0.0013201320132013201,1.984166352506994e-05,4091,1,,5297,,,0.15000000000000002,778077.749020672,85933.72871102474
reports/small_vehicle/cascade/codesign_small_vehicle_relaxed_isotonic.json,,isotonic,685676.501139456,76625.27745345142,0.29658297149329804,real,25232.186443776005,1802.2176906088134,0.908150064683053,codesign_small_vehicle_relaxed,0.4555584356861723,0.4308659562311813,0.20340479219941035,0.3870502576755948,0.3237127290824439,0.23562504188624261,0.13472423446309467,0.05300801240480516,0.012163280887842269,0.0013201320132013201,1.984166352506994e-05,3726,1,,5297,,,0.2,710908.6875832321,78427.49514406023
reports/small_vehicle/cascade/codesign_small_vehicle_relaxed_isotonic.json,,isotonic,681075.880493056,76111.15186667303,0.30130262412686426,real,25232.186443776005,1802.2176906088134,0.9049159120310478,codesign_small_vehicle_relaxed,0.45554191343522416,0.4308471567284997,0.20339694822682386,0.38702880922419086,0.3237009892605175,0.23562066124409453,0.13471674932933556,0.053009787664837785,0.012163441704812115,0.0013201320132013201,1.984166352506994e-05,3701,1,,5297,,,0.25,706308.066936832,77913.36955728184
reports/small_vehicle/cascade/codesign_small_vehicle_relaxed_isotonic.json,,isotonic,627156.606517248,70085.59998963028,0.3566169529922598,real,25232.186443776005,1802.2176906088134,0.8564036222509702,codesign_small_vehicle_relaxed,0.444261009330744,0.41960534537405375,0.19749140735879717,0.376223304912337,0.31355157446860066,0.22726489508914374,0.12974057013988993,0.050709131966010464,0.012212723139890696,0.0013201320132013201,2.5387154100025386e-05,3408,1,,5297,,,0.30000000000000004,652388.792961024,71887.8176802391
reports/small_vehicle/cascade/codesign_small_vehicle_relaxed_isotonic.json,,isotonic,596240.43577344,66630.6760464795,0.3883330186898244,real,25232.186443776005,1802.2176906088134,0.8221216041397154,codesign_small_vehicle_relaxed,0.4232690188022735,0.3938739031705209,0.18654704265561134,0.3561072190879667,0.29513252442299004,0.21204376994118446,0.12225228323188059,0.04919524712487318,0.012100354556307443,0.0014668133480014668,2.9292870115413907e-05,3240,1,,5297,,,0.35000000000000003,621472.6222172161,68432.8937370883
reports/small_vehicle/cascade/codesign_small_vehicle_relaxed_isotonic.json,,isotonic,0.0,0.0,1.0,real,25232.186443776005,1802.2176906088134,0.0,codesign_small_vehicle_relaxed,0.0,0.0,0.0,0.0,0.0,0.0,0.0,0.0,0.0,0.0,0.0,0,1,,5297,,,0.4,25232.186443776005,1802.2176906088134
reports/small_vehicle/cascade/codesign_small_vehicle_relaxed_isotonic.json,,isotonic,0.0,0.0,1.0,real,25232.186443776005,1802.2176906088134,0.0,codesign_small_vehicle_relaxed,0.0,0.0,0.0,0.0,0.0,0.0,0.0,0.0,0.0,0.0,0.0,0,1,,5297,,,0.45,25232.186443776005,1802.2176906088134
reports/small_vehicle/cascade/codesign_small_vehicle_relaxed_isotonic.json,,isotonic,0.0,0.0,1.0,real,25232.186443776005,1802.2176906088134,0.0,codesign_small_vehicle_relaxed,0.0,0.0,0.0,0.0,0.0,0.0,0.0,0.0,0.0,0.0,0.0,0,1,,5297,,,0.5,25232.186443776005,1802.2176906088134
reports/small_vehicle/cascade/codesign_small_vehicle_relaxed_isotonic.json,,isotonic,0.0,0.0,1.0,real,25232.186443776005,1802.2176906088134,0.0,codesign_small_vehicle_relaxed,0.0,0.0,0.0,0.0,0.0,0.0,0.0,0.0,0.0,0.0,0.0,0,1,,5297,,,0.55,25232.186443776005,1802.2176906088134
reports/small_vehicle/cascade/codesign_small_vehicle_relaxed_isotonic.json,,isotonic,0.0,0.0,1.0,real,25232.186443776005,1802.2176906088134,0.0,codesign_small_vehicle_relaxed,0.0,0.0,0.0,0.0,0.0,0.0,0.0,0.0,0.0,0.0,0.0,0,1,,5297,,,0.6000000000000001,25232.186443776005,1802.2176906088134
reports/small_vehicle/cascade/codesign_small_vehicle_relaxed_isotonic.json,,isotonic,0.0,0.0,1.0,real,25232.186443776005,1802.2176906088134,0.0,codesign_small_vehicle_relaxed,0.0,0.0,0.0,0.0,0.0,0.0,0.0,0.0,0.0,0.0,0.0,0,1,,5297,,,0.65,25232.186443776005,1802.2176906088134
reports/small_vehicle/cascade/codesign_small_vehicle_relaxed_isotonic.json,,isotonic,0.0,0.0,1.0,real,25232.186443776005,1802.2176906088134,0.0,codesign_small_vehicle_relaxed,0.0,0.0,0.0,0.0,0.0,0.0,0.0,0.0,0.0,0.0,0.0,0,1,,5297,,,0.7000000000000001,25232.186443776005,1802.2176906088134
reports/small_vehicle/cascade/codesign_small_vehicle_relaxed_isotonic.json,,isotonic,0.0,0.0,1.0,real,25232.186443776005,1802.2176906088134,0.0,codesign_small_vehicle_relaxed,0.0,0.0,0.0,0.0,0.0,0.0,0.0,0.0,0.0,0.0,0.0,0,1,,5297,,,0.75,25232.186443776005,1802.2176906088134
reports/small_vehicle/cascade/codesign_small_vehicle_relaxed_isotonic.json,,isotonic,0.0,0.0,1.0,real,25232.186443776005,1802.2176906088134,0.0,codesign_small_vehicle_relaxed,0.0,0.0,0.0,0.0,0.0,0.0,0.0,0.0,0.0,0.0,0.0,0,1,,5297,,,0.8,25232.186443776005,1802.2176906088134
reports/small_vehicle/cascade/codesign_small_vehicle_relaxed_isotonic.json,,isotonic,0.0,0.0,1.0,real,25232.186443776005,1802.2176906088134,0.0,codesign_small_vehicle_relaxed,0.0,0.0,0.0,0.0,0.0,0.0,0.0,0.0,0.0,0.0,0.0,0,1,,5297,,,0.8500000000000001,25232.186443776005,1802.2176906088134
reports/small_vehicle/cascade/codesign_small_vehicle_relaxed_isotonic.json,,isotonic,0.0,0.0,1.0,real,25232.186443776005,1802.2176906088134,0.0,codesign_small_vehicle_relaxed,0.0,0.0,0.0,0.0,0.0,0.0,0.0,0.0,0.0,0.0,0.0,0,1,,5297,,,0.9,25232.186443776005,1802.2176906088134
reports/small_vehicle/cascade/codesign_small_vehicle_relaxed_isotonic.json,,isotonic,0.0,0.0,1.0,real,25232.186443776005,1802.2176906088134,0.0,codesign_small_vehicle_relaxed,0.0,0.0,0.0,0.0,0.0,0.0,0.0,0.0,0.0,0.0,0.0,0,1,,5297,,,0.9500000000000001,25232.186443776005,1802.2176906088134
reports/small_vehicle/cascade/codesign_small_vehicle_relaxed_isotonic.json,,isotonic,0.0,0.0,1.0,real,25232.186443776005,1802.2176906088134,0.0,codesign_small_vehicle_relaxed,0.0,0.0,0.0,0.0,0.0,0.0,0.0,0.0,0.0,0.0,0.0,0,1,,5297,,,1.0,25232.186443776005,1802.2176906088134
reports/small_vehicle/cascade/codesign_small_vehicle_relaxed_platt.json,,platt,974779.5025592321,108932.92932660552,0.0,real,25232.186443776005,1802.2176906088134,1.0,codesign_small_vehicle_relaxed,0.4640969459524498,0.43910613037413027,0.2072207747207421,0.3949618021477602,0.3307467165486183,0.24060801291396436,0.13539693832795577,0.05324152294588788,0.012709704319927531,0.0013201320132013201,1.984166352506994e-05,5297,1,,5297,,,0.0,1000011.6890030081,110735.14701721433
reports/small_vehicle/cascade/codesign_small_vehicle_relaxed_platt.json,,platt,974779.5025592321,108932.92932660552,0.0,real,25232.186443776005,1802.2176906088134,1.0,codesign_small_vehicle_relaxed,0.4640969459524498,0.43910613037413027,0.2072207747207421,0.3949618021477602,0.3307467165486183,0.24060801291396436,0.13539693832795577,0.05324152294588788,0.012709704319927531,0.0013201320132013201,1.984166352506994e-05,5297,1,,5297,,,0.05,1000011.6890030081,110735.14701721433
reports/small_vehicle/cascade/codesign_small_vehicle_relaxed_platt.json,,platt,974779.5025592321,108932.92932660552,0.0,real,25232.186443776005,1802.2176906088134,1.0,codesign_small_vehicle_relaxed,0.4640969459524498,0.43910613037413027,0.2072207747207421,0.3949618021477602,0.3307467165486183,0.24060801291396436,0.13539693832795577,0.05324152294588788,0.012709704319927531,0.0013201320132013201,1.984166352506994e-05,5297,1,,5297,,,0.1,1000011.6890030081,110735.14701721433
reports/small_vehicle/cascade/codesign_small_vehicle_relaxed_platt.json,,platt,974779.5025592321,108932.92932660552,0.0,real,25232.186443776005,1802.2176906088134,1.0,codesign_small_vehicle_relaxed,0.4640969459524498,0.43910613037413027,0.2072207747207421,0.3949618021477602,0.3307467165486183,0.24060801291396436,0.13539693832795577,0.05324152294588788,0.012709704319927531,0.0013201320132013201,1.984166352506994e-05,5297,1,,5297,,,0.15000000000000002,1000011.6890030081,110735.14701721433
reports/small_vehicle/cascade/codesign_small_vehicle_relaxed_platt.json,,platt,974779.5025592321,108932.92932660552,0.0,real,25232.186443776005,1802.2176906088134,1.0,codesign_small_vehicle_relaxed,0.4640969459524498,0.43910613037413027,0.2072207747207421,0.3949618021477602,0.3307467165486183,0.24060801291396436,0.13539693832795577,0.05324152294588788,0.012709704319927531,0.0013201320132013201,1.984166352506994e-05,5297,1,,5297,,,0.2,1000011.6890030081,110735.14701721433
reports/small_vehicle/cascade/codesign_small_vehicle_relaxed_platt.json,,platt,974779.5025592321,108932.92932660552,0.0,real,25232.186443776005,1802.2176906088134,1.0,codesign_small_vehicle_relaxed,0.4640969459524498,0.43910613037413027,0.2072207747207421,0.3949618021477602,0.3307467165486183,0.24060801291396436,0.13539693832795577,0.05324152294588788,0.012709704319927531,0.0013201320132013201,1.984166352506994e-05,5297,1,,5297,,,0.25,1000011.6890030081,110735.14701721433
reports/small_vehicle/cascade/codesign_small_vehicle_relaxed_platt.json,,platt,219541.617246208,24534.073001064826,0.7747781763262224,real,25232.186443776005,1802.2176906088134,0.12742561448900389,codesign_small_vehicle_relaxed,0.09109486603104336,0.08175960116751485,0.039766436105971144,0.07462995233985294,0.060435399202081776,0.04108501076909892,0.02337406753839825,0.014646628478967806,0.009900990099009901,0.0007274196807435846,1.0425753000010426e-05,1193,1,,5297,,,0.30000000000000004,244773.80368998402,26336.29069167364
reports/small_vehicle/cascade/codesign_small_vehicle_relaxed_platt.json,,platt,20058.706018304,2241.5875583537854,0.9794223145176515,real,25232.186443776005,1802.2176906088134,0.0,codesign_small_vehicle_relaxed,0.0,0.0,0.0,0.0,0.0,0.0,0.0,0.0,0.0,0.0,0.0,109,1,,5297,,,0.35000000000000003,45290.89246208001,4043.805248962599
reports/small_vehicle/cascade/codesign_small_vehicle_relaxed_platt.json,,platt,552.074477568,61.69507041340694,0.9994336416839721,real,25232.186443776005,1802.2176906088134,0.0,codesign_small_vehicle_relaxed,0.0,0.0,0.0,0.0,0.0,0.0,0.0,0.0,0.0,0.0,0.0,3,1,,5297,,,0.4,25784.260921344005,1863.9127610222204
reports/small_vehicle/cascade/codesign_small_vehicle_relaxed_platt.json,,platt,0.0,0.0,1.0,real,25232.186443776005,1802.2176906088134,0.0,codesign_small_vehicle_relaxed,0.0,0.0,0.0,0.0,0.0,0.0,0.0,0.0,0.0,0.0,0.0,0,1,,5297,,,0.45,25232.186443776005,1802.2176906088134
reports/small_vehicle/cascade/codesign_small_vehicle_relaxed_platt.json,,platt,0.0,0.0,1.0,real,25232.186443776005,1802.2176906088134,0.0,codesign_small_vehicle_relaxed,0.0,0.0,0.0,0.0,0.0,0.0,0.0,0.0,0.0,0.0,0.0,0,1,,5297,,,0.5,25232.186443776005,1802.2176906088134
reports/small_vehicle/cascade/codesign_small_vehicle_relaxed_platt.json,,platt,0.0,0.0,1.0,real,25232.186443776005,1802.2176906088134,0.0,codesign_small_vehicle_relaxed,0.0,0.0,0.0,0.0,0.0,0.0,0.0,0.0,0.0,0.0,0.0,0,1,,5297,,,0.55,25232.186443776005,1802.2176906088134
reports/small_vehicle/cascade/codesign_small_vehicle_relaxed_platt.json,,platt,0.0,0.0,1.0,real,25232.186443776005,1802.2176906088134,0.0,codesign_small_vehicle_relaxed,0.0,0.0,0.0,0.0,0.0,0.0,0.0,0.0,0.0,0.0,0.0,0,1,,5297,,,0.6000000000000001,25232.186443776005,1802.2176906088134
reports/small_vehicle/cascade/codesign_small_vehicle_relaxed_platt.json,,platt,0.0,0.0,1.0,real,25232.186443776005,1802.2176906088134,0.0,codesign_small_vehicle_relaxed,0.0,0.0,0.0,0.0,0.0,0.0,0.0,0.0,0.0,0.0,0.0,0,1,,5297,,,0.65,25232.186443776005,1802.2176906088134
reports/small_vehicle/cascade/codesign_small_vehicle_relaxed_platt.json,,platt,0.0,0.0,1.0,real,25232.186443776005,1802.2176906088134,0.0,codesign_small_vehicle_relaxed,0.0,0.0,0.0,0.0,0.0,0.0,0.0,0.0,0.0,0.0,0.0,0,1,,5297,,,0.7000000000000001,25232.186443776005,1802.2176906088134
reports/small_vehicle/cascade/codesign_small_vehicle_relaxed_platt.json,,platt,0.0,0.0,1.0,real,25232.186443776005,1802.2176906088134,0.0,codesign_small_vehicle_relaxed,0.0,0.0,0.0,0.0,0.0,0.0,0.0,0.0,0.0,0.0,0.0,0,1,,5297,,,0.75,25232.186443776005,1802.2176906088134
reports/small_vehicle/cascade/codesign_small_vehicle_relaxed_platt.json,,platt,0.0,0.0,1.0,real,25232.186443776005,1802.2176906088134,0.0,codesign_small_vehicle_relaxed,0.0,0.0,0.0,0.0,0.0,0.0,0.0,0.0,0.0,0.0,0.0,0,1,,5297,,,0.8,25232.186443776005,1802.2176906088134
reports/small_vehicle/cascade/codesign_small_vehicle_relaxed_platt.json,,platt,0.0,0.0,1.0,real,25232.186443776005,1802.2176906088134,0.0,codesign_small_vehicle_relaxed,0.0,0.0,0.0,0.0,0.0,0.0,0.0,0.0,0.0,0.0,0.0,0,1,,5297,,,0.8500000000000001,25232.186443776005,1802.2176906088134
reports/small_vehicle/cascade/codesign_small_vehicle_relaxed_platt.json,,platt,0.0,0.0,1.0,real,25232.186443776005,1802.2176906088134,0.0,codesign_small_vehicle_relaxed,0.0,0.0,0.0,0.0,0.0,0.0,0.0,0.0,0.0,0.0,0.0,0,1,,5297,,,0.9,25232.186443776005,1802.2176906088134
reports/small_vehicle/cascade/codesign_small_vehicle_relaxed_platt.json,,platt,0.0,0.0,1.0,real,25232.186443776005,1802.2176906088134,0.0,codesign_small_vehicle_relaxed,0.0,0.0,0.0,0.0,0.0,0.0,0.0,0.0,0.0,0.0,0.0,0,1,,5297,,,0.9500000000000001,25232.186443776005,1802.2176906088134
reports/small_vehicle/cascade/codesign_small_vehicle_relaxed_platt.json,,platt,0.0,0.0,1.0,real,25232.186443776005,1802.2176906088134,0.0,codesign_small_vehicle_relaxed,0.0,0.0,0.0,0.0,0.0,0.0,0.0,0.0,0.0,0.0,0.0,0,1,,5297,,,1.0,25232.186443776005,1802.2176906088134
reports/small_vehicle/cascade/codesign_small_vehicle_relaxed_temperature.json,,temperature,974779.5025592321,108932.92932660552,0.0,real,25232.186443776005,1802.2176906088134,1.0,codesign_small_vehicle_relaxed,0.4640969459524498,0.43910613037413027,0.2072207747207421,0.3949618021477602,0.3307467165486183,0.24060801291396436,0.13539693832795577,0.05324152294588788,0.012709704319927531,0.0013201320132013201,1.984166352506994e-05,5297,1,,5297,,,0.0,1000011.6890030081,110735.14701721433
reports/small_vehicle/cascade/codesign_small_vehicle_relaxed_temperature.json,,temperature,974779.5025592321,108932.92932660552,0.0,real,25232.186443776005,1802.2176906088134,1.0,codesign_small_vehicle_relaxed,0.4640969459524498,0.43910613037413027,0.2072207747207421,0.3949618021477602,0.3307467165486183,0.24060801291396436,0.13539693832795577,0.05324152294588788,0.012709704319927531,0.0013201320132013201,1.984166352506994e-05,5297,1,,5297,,,0.05,1000011.6890030081,110735.14701721433
reports/small_vehicle/cascade/codesign_small_vehicle_relaxed_temperature.json,,temperature,974779.5025592321,108932.92932660552,0.0,real,25232.186443776005,1802.2176906088134,1.0,codesign_small_vehicle_relaxed,0.4640969459524498,0.43910613037413027,0.2072207747207421,0.3949618021477602,0.3307467165486183,0.24060801291396436,0.13539693832795577,0.05324152294588788,0.012709704319927531,0.0013201320132013201,1.984166352506994e-05,5297,1,,5297,,,0.1,1000011.6890030081,110735.14701721433
reports/small_vehicle/cascade/codesign_small_vehicle_relaxed_temperature.json,,temperature,974779.5025592321,108932.92932660552,0.0,real,25232.186443776005,1802.2176906088134,1.0,codesign_small_vehicle_relaxed,0.4640969459524498,0.43910613037413027,0.2072207747207421,0.3949618021477602,0.3307467165486183,0.24060801291396436,0.13539693832795577,0.05324152294588788,0.012709704319927531,0.0013201320132013201,1.984166352506994e-05,5297,1,,5297,,,0.15000000000000002,1000011.6890030081,110735.14701721433
reports/small_vehicle/cascade/codesign_small_vehicle_relaxed_temperature.json,,temperature,974779.5025592321,108932.92932660552,0.0,real,25232.186443776005,1802.2176906088134,1.0,codesign_small_vehicle_relaxed,0.4640969459524498,0.43910613037413027,0.2072207747207421,0.3949618021477602,0.3307467165486183,0.24060801291396436,0.13539693832795577,0.05324152294588788,0.012709704319927531,0.0013201320132013201,1.984166352506994e-05,5297,1,,5297,,,0.2,1000011.6890030081,110735.14701721433
reports/small_vehicle/cascade/codesign_small_vehicle_relaxed_temperature.json,,temperature,974779.5025592321,108932.92932660552,0.0,real,25232.186443776005,1802.2176906088134,1.0,codesign_small_vehicle_relaxed,0.4640969459524498,0.43910613037413027,0.2072207747207421,0.3949618021477602,0.3307467165486183,0.24060801291396436,0.13539693832795577,0.05324152294588788,0.012709704319927531,0.0013201320132013201,1.984166352506994e-05,5297,1,,5297,,,0.25,1000011.6890030081,110735.14701721433
reports/small_vehicle/cascade/codesign_small_vehicle_relaxed_temperature.json,,temperature,974779.5025592321,108932.92932660552,0.0,real,25232.186443776005,1802.2176906088134,1.0,codesign_small_vehicle_relaxed,0.4640969459524498,0.43910613037413027,0.2072207747207421,0.3949618021477602,0.3307467165486183,0.24060801291396436,0.13539693832795577,0.05324152294588788,0.012709704319927531,0.0013201320132013201,1.984166352506994e-05,5297,1,,5297,,,0.30000000000000004,1000011.6890030081,110735.14701721433
reports/small_vehicle/cascade/codesign_small_vehicle_relaxed_temperature.json,,temperature,974779.5025592321,108932.92932660552,0.0,real,25232.186443776005,1802.2176906088134,1.0,codesign_small_vehicle_relaxed,0.4640969459524498,0.43910613037413027,0.2072207747207421,0.3949618021477602,0.3307467165486183,0.24060801291396436,0.13539693832795577,0.05324152294588788,0.012709704319927531,0.0013201320132013201,1.984166352506994e-05,5297,1,,5297,,,0.35000000000000003,1000011.6890030081,110735.14701721433
reports/small_vehicle/cascade/codesign_small_vehicle_relaxed_temperature.json,,temperature,974779.5025592321,108932.92932660552,0.0,real,25232.186443776005,1802.2176906088134,1.0,codesign_small_vehicle_relaxed,0.4640969459524498,0.43910613037413027,0.2072207747207421,0.3949618021477602,0.3307467165486183,0.24060801291396436,0.13539693832795577,0.05324152294588788,0.012709704319927531,0.0013201320132013201,1.984166352506994e-05,5297,1,,5297,,,0.4,1000011.6890030081,110735.14701721433
reports/small_vehicle/cascade/codesign_small_vehicle_relaxed_temperature.json,,temperature,974779.5025592321,108932.92932660552,0.0,real,25232.186443776005,1802.2176906088134,1.0,codesign_small_vehicle_relaxed,0.4640969459524498,0.43910613037413027,0.2072207747207421,0.3949618021477602,0.3307467165486183,0.24060801291396436,0.13539693832795577,0.05324152294588788,0.012709704319927531,0.0013201320132013201,1.984166352506994e-05,5297,1,,5297,,,0.45,1000011.6890030081,110735.14701721433
reports/small_vehicle/cascade/codesign_small_vehicle_relaxed_temperature.json,,temperature,711255.95193344,79483.81571593927,0.27034170285067016,real,25232.186443776005,1802.2176906088134,0.9191461836998707,codesign_small_vehicle_relaxed,0.46116479687271084,0.43113666155229613,0.20451879875241255,0.39207530012094655,0.32389190111774285,0.23569698576851533,0.13473179863526585,0.052994363343204266,0.012156206436716952,0.0013201320132013201,1.984166352506994e-05,3865,1,,5297,,,0.5,736488.1383772161,81286.03340654809
reports/small_vehicle/cascade/codesign_small_vehicle_relaxed_temperature.json,,temperature,0.0,0.0,1.0,real,25232.186443776005,1802.2176906088134,0.0,codesign_small_vehicle_relaxed,0.0,0.0,0.0,0.0,0.0,0.0,0.0,0.0,0.0,0.0,0.0,0,1,,5297,,,0.55,25232.186443776005,1802.2176906088134
reports/small_vehicle/cascade/codesign_small_vehicle_relaxed_temperature.json,,temperature,0.0,0.0,1.0,real,25232.186443776005,1802.2176906088134,0.0,codesign_small_vehicle_relaxed,0.0,0.0,0.0,0.0,0.0,0.0,0.0,0.0,0.0,0.0,0.0,0,1,,5297,,,0.6000000000000001,25232.186443776005,1802.2176906088134
reports/small_vehicle/cascade/codesign_small_vehicle_relaxed_temperature.json,,temperature,0.0,0.0,1.0,real,25232.186443776005,1802.2176906088134,0.0,codesign_small_vehicle_relaxed,0.0,0.0,0.0,0.0,0.0,0.0,0.0,0.0,0.0,0.0,0.0,0,1,,5297,,,0.65,25232.186443776005,1802.2176906088134
reports/small_vehicle/cascade/codesign_small_vehicle_relaxed_temperature.json,,temperature,0.0,0.0,1.0,real,25232.186443776005,1802.2176906088134,0.0,codesign_small_vehicle_relaxed,0.0,0.0,0.0,0.0,0.0,0.0,0.0,0.0,0.0,0.0,0.0,0,1,,5297,,,0.7000000000000001,25232.186443776005,1802.2176906088134
reports/small_vehicle/cascade/codesign_small_vehicle_relaxed_temperature.json,,temperature,0.0,0.0,1.0,real,25232.186443776005,1802.2176906088134,0.0,codesign_small_vehicle_relaxed,0.0,0.0,0.0,0.0,0.0,0.0,0.0,0.0,0.0,0.0,0.0,0,1,,5297,,,0.75,25232.186443776005,1802.2176906088134
reports/small_vehicle/cascade/codesign_small_vehicle_relaxed_temperature.json,,temperature,0.0,0.0,1.0,real,25232.186443776005,1802.2176906088134,0.0,codesign_small_vehicle_relaxed,0.0,0.0,0.0,0.0,0.0,0.0,0.0,0.0,0.0,0.0,0.0,0,1,,5297,,,0.8,25232.186443776005,1802.2176906088134
reports/small_vehicle/cascade/codesign_small_vehicle_relaxed_temperature.json,,temperature,0.0,0.0,1.0,real,25232.186443776005,1802.2176906088134,0.0,codesign_small_vehicle_relaxed,0.0,0.0,0.0,0.0,0.0,0.0,0.0,0.0,0.0,0.0,0.0,0,1,,5297,,,0.8500000000000001,25232.186443776005,1802.2176906088134
reports/small_vehicle/cascade/codesign_small_vehicle_relaxed_temperature.json,,temperature,0.0,0.0,1.0,real,25232.186443776005,1802.2176906088134,0.0,codesign_small_vehicle_relaxed,0.0,0.0,0.0,0.0,0.0,0.0,0.0,0.0,0.0,0.0,0.0,0,1,,5297,,,0.9,25232.186443776005,1802.2176906088134
reports/small_vehicle/cascade/codesign_small_vehicle_relaxed_temperature.json,,temperature,0.0,0.0,1.0,real,25232.186443776005,1802.2176906088134,0.0,codesign_small_vehicle_relaxed,0.0,0.0,0.0,0.0,0.0,0.0,0.0,0.0,0.0,0.0,0.0,0,1,,5297,,,0.9500000000000001,25232.186443776005,1802.2176906088134
reports/small_vehicle/cascade/codesign_small_vehicle_relaxed_temperature.json,,temperature,0.0,0.0,1.0,real,25232.186443776005,1802.2176906088134,0.0,codesign_small_vehicle_relaxed,0.0,0.0,0.0,0.0,0.0,0.0,0.0,0.0,0.0,0.0,0.0,0,1,,5297,,,1.0,25232.186443776005,1802.2176906088134
reports/small_vehicle/cascade/codesign_small_vehicle_shared_context_adaptive.json,,context_adaptive,974779.5025592321,108932.92932660552,0.0,real,25232.186443776005,1802.2176906088134,1.0,codesign_small_vehicle_shared,0.46409647120306147,0.4391059194245618,0.20722060024585445,0.39496202318464096,0.3307468975945087,0.24060823344665644,0.13539707857177424,0.05323966798625721,0.012709737370357202,0.0013201320132013201,1.984166352506994e-05,5297,1,,5297,,,0.0,1000011.6890030081,110735.14701721433
reports/small_vehicle/cascade/codesign_small_vehicle_shared_context_adaptive.json,,context_adaptive,844673.95067904,94393.45773251262,0.13347177647725128,real,25232.186443776005,1802.2176906088134,1.0,codesign_small_vehicle_shared,0.4640968852602639,0.43910580130845184,0.20722059159654513,0.3949620501716081,0.33074662856862086,0.2406081591500504,0.13539707857177424,0.05323966798625721,0.012709671271698286,0.0013201320132013201,1.984166352506994e-05,4590,1,,5297,,,0.05,869906.137122816,96195.67542312143
reports/small_vehicle/cascade/codesign_small_vehicle_shared_context_adaptive.json,,context_adaptive,794803.222872064,88820.33637183486,0.18463281102510853,real,25232.186443776005,1802.2176906088134,1.0,codesign_small_vehicle_shared,0.4640968852602639,0.43910580130845184,0.20722059159654513,0.3949620501716081,0.33074662856862086,0.2406081591500504,0.13539707857177424,0.05323966798625721,0.012709671271698286,0.0013201320132013201,1.984166352506994e-05,4319,1,,5297,,,0.1,820035.40931584,90622.55406244367
reports/small_vehicle/cascade/codesign_small_vehicle_shared_context_adaptive.json,,context_adaptive,742356.1475031041,82959.3046825612,0.2384368510477629,real,25232.186443776005,1802.2176906088134,1.0,codesign_small_vehicle_shared,0.4640968852602639,0.43910580130845184,0.20722059159654513,0.3949620501716081,0.33074662856862086,0.2406081591500504,0.13539707857177424,0.05323966798625721,0.012709671271698286,0.0013201320132013201,1.984166352506994e-05,4034,1,,5297,,,0.15000000000000002,767588.3339468801,84761.52237317001
reports/small_vehicle/cascade/codesign_small_vehicle_shared_context_adaptive.json,,context_adaptive,694877.742432256,77653.5286270082,0.2871436662261657,real,25232.186443776005,1802.2176906088134,1.0,codesign_small_vehicle_shared,0.4640968852602639,0.43910580130845184,0.20722059159654513,0.3949620501716081,0.33074662856862086,0.2406081591500504,0.13539707857177424,0.05323966798625721,0.012709671271698286,0.0013201320132013201,1.984166352506994e-05,3776,1,,5297,,,0.2,720109.928876032,79455.74631761701
reports/small_vehicle/cascade/codesign_small_vehicle_shared_context_adaptive.json,,context_adaptive,660281.075171328,73787.3042144347,0.32263545403058336,real,25232.186443776005,1802.2176906088134,1.0,codesign_small_vehicle_shared,0.4640968852602639,0.43910580130845184,0.20722059159654513,0.3949620501716081,0.33074662856862086,0.2406081591500504,0.13539707857177424,0.05323966798625721,0.012709671271698286,0.0013201320132013201,1.984166352506994e-05,3588,1,,5297,,,0.25,685513.261615104,75589.52190504351
reports/small_vehicle/cascade/codesign_small_vehicle_shared_context_adaptive.json,,context_adaptive,638382.120894464,71340.06642136956,0.3451010005663583,real,25232.186443776005,1802.2176906088134,1.0,codesign_small_vehicle_shared,0.4640968852602639,0.43910580130845184,0.20722059159654513,0.3949620501716081,0.33074662856862086,0.2406081591500504,0.13539707857177424,0.05323966798625721,0.012709671271698286,0.0013201320132013201,1.984166352506994e-05,3469,1,,5297,,,0.30000000000000004,663614.30733824,73142.28411197837
reports/small_vehicle/cascade/codesign_small_vehicle_shared_context_adaptive.json,,context_adaptive,622555.9858708481,69571.47440285189,0.3613366056258259,real,25232.186443776005,1802.2176906088134,1.0,codesign_small_vehicle_shared,0.46409697265062533,0.4391058770460367,0.2072206139970884,0.3949620501716081,0.33074662856862086,0.2406082116628374,0.13539707857177424,0.05323966798625721,0.012709679636398042,0.0013201320132013201,1.984166352506994e-05,3383,1,,5297,,,0.35000000000000003,647788.1723146241,71373.6920934607
reports/small_vehicle/cascade/codesign_small_vehicle_shared_context_adaptive.json,,context_adaptive,614642.91835904,68687.17839359306,0.36945440815555974,real,25232.186443776005,1802.2176906088134,1.0,codesign_small_vehicle_shared,0.46409697265062533,0.4391058770460367,0.2072206139970884,0.3949620501716081,0.33074662856862086,0.2406082116628374,0.13539707857177424,0.05323966798625721,0.012709679636398042,0.0013201320132013201,1.984166352506994e-05,3340,1,,5297,,,0.4,639875.1048028161,70489.39608420187
reports/small_vehicle/cascade/codesign_small_vehicle_shared_context_adaptive.json,,context_adaptive,607097.900498944,67844.0124312765,0.3771946384746083,real,25232.186443776005,1802.2176906088134,1.0,codesign_small_vehicle_shared,0.46409697265062533,0.4391058770460367,0.2072206139970884,0.3949620501716081,0.33074662856862086,0.2406082116628374,0.13539707857177424,0.05323966798625721,0.012709679636398042,0.0013201320132013201,1.984166352506994e-05,3299,1,,5297,,,0.45,632330.08694272,69646.23012188531
reports/small_vehicle/cascade/codesign_small_vehicle_shared_context_adaptive.json,,context_adaptive,515637.56204851205,57623.19576612208,0.47102133282990377,real,25232.186443776005,1802.2176906088134,0.9501940491591203,codesign_small_vehicle_shared,0.4636228023916301,0.43852802413608816,0.2069384881121196,0.3944052567814879,0.3302700375940565,0.240183756737074,0.13522173278918598,0.05310750879382863,0.012705788221118093,0.0013201320132013201,1.984166352506994e-05,2802,1,,5297,,,0.5,540869.748492288,59425.413456730894
reports/small_vehicle/cascade/codesign_small_vehicle_shared_context_adaptive.json,,context_adaptive,2208.297910272,246.78028165362775,0.9977345667358882,real,25232.186443776005,1802.2176906088134,0.0,codesign_small_vehicle_shared,0.0,0.0,0.0,0.0,0.0,0.0,0.0,0.0,0.0,0.0,0.0,12,1,,5297,,,0.55,27440.484354048007,2048.997972262441
reports/small_vehicle/cascade/codesign_small_vehicle_shared_context_adaptive.json,,context_adaptive,0.0,0.0,1.0,real,25232.186443776005,1802.2176906088134,0.0,codesign_small_vehicle_shared,0.0,0.0,0.0,0.0,0.0,0.0,0.0,0.0,0.0,0.0,0.0,0,1,,5297,,,0.6000000000000001,25232.186443776005,1802.2176906088134
reports/small_vehicle/cascade/codesign_small_vehicle_shared_context_adaptive.json,,context_adaptive,0.0,0.0,1.0,real,25232.186443776005,1802.2176906088134,0.0,codesign_small_vehicle_shared,0.0,0.0,0.0,0.0,0.0,0.0,0.0,0.0,0.0,0.0,0.0,0,1,,5297,,,0.65,25232.186443776005,1802.2176906088134
reports/small_vehicle/cascade/codesign_small_vehicle_shared_context_adaptive.json,,context_adaptive,0.0,0.0,1.0,real,25232.186443776005,1802.2176906088134,0.0,codesign_small_vehicle_shared,0.0,0.0,0.0,0.0,0.0,0.0,0.0,0.0,0.0,0.0,0.0,0,1,,5297,,,0.7000000000000001,25232.186443776005,1802.2176906088134
reports/small_vehicle/cascade/codesign_small_vehicle_shared_context_adaptive.json,,context_adaptive,0.0,0.0,1.0,real,25232.186443776005,1802.2176906088134,0.0,codesign_small_vehicle_shared,0.0,0.0,0.0,0.0,0.0,0.0,0.0,0.0,0.0,0.0,0.0,0,1,,5297,,,0.75,25232.186443776005,1802.2176906088134
reports/small_vehicle/cascade/codesign_small_vehicle_shared_context_adaptive.json,,context_adaptive,0.0,0.0,1.0,real,25232.186443776005,1802.2176906088134,0.0,codesign_small_vehicle_shared,0.0,0.0,0.0,0.0,0.0,0.0,0.0,0.0,0.0,0.0,0.0,0,1,,5297,,,0.8,25232.186443776005,1802.2176906088134
reports/small_vehicle/cascade/codesign_small_vehicle_shared_context_adaptive.json,,context_adaptive,0.0,0.0,1.0,real,25232.186443776005,1802.2176906088134,0.0,codesign_small_vehicle_shared,0.0,0.0,0.0,0.0,0.0,0.0,0.0,0.0,0.0,0.0,0.0,0,1,,5297,,,0.8500000000000001,25232.186443776005,1802.2176906088134
reports/small_vehicle/cascade/codesign_small_vehicle_shared_context_adaptive.json,,context_adaptive,0.0,0.0,1.0,real,25232.186443776005,1802.2176906088134,0.0,codesign_small_vehicle_shared,0.0,0.0,0.0,0.0,0.0,0.0,0.0,0.0,0.0,0.0,0.0,0,1,,5297,,,0.9,25232.186443776005,1802.2176906088134
reports/small_vehicle/cascade/codesign_small_vehicle_shared_context_adaptive.json,,context_adaptive,0.0,0.0,1.0,real,25232.186443776005,1802.2176906088134,0.0,codesign_small_vehicle_shared,0.0,0.0,0.0,0.0,0.0,0.0,0.0,0.0,0.0,0.0,0.0,0,1,,5297,,,0.9500000000000001,25232.186443776005,1802.2176906088134
reports/small_vehicle/cascade/codesign_small_vehicle_shared_context_adaptive.json,,context_adaptive,0.0,0.0,1.0,real,25232.186443776005,1802.2176906088134,0.0,codesign_small_vehicle_shared,0.0,0.0,0.0,0.0,0.0,0.0,0.0,0.0,0.0,0.0,0.0,0,1,,5297,,,1.0,25232.186443776005,1802.2176906088134
reports/small_vehicle/cascade/codesign_small_vehicle_shared_identity.json,,identity,974779.5025592321,108932.92932660552,0.0,real,25232.186443776005,1802.2176906088134,1.0,codesign_small_vehicle_shared,0.46409647120306147,0.4391059194245618,0.20722060024585445,0.39496202318464096,0.3307468975945087,0.24060823344665644,0.13539707857177424,0.05323966798625721,0.012709737370357202,0.0013201320132013201,1.984166352506994e-05,5297,1,,5297,,,0.0,1000011.6890030081,110735.14701721433
reports/small_vehicle/cascade/codesign_small_vehicle_shared_identity.json,,identity,974779.5025592321,108932.92932660552,0.0,real,25232.186443776005,1802.2176906088134,1.0,codesign_small_vehicle_shared,0.46409647120306147,0.4391059194245618,0.20722060024585445,0.39496202318464096,0.3307468975945087,0.24060823344665644,0.13539707857177424,0.05323966798625721,0.012709737370357202,0.0013201320132013201,1.984166352506994e-05,5297,1,,5297,,,0.05,1000011.6890030081,110735.14701721433
reports/small_vehicle/cascade/codesign_small_vehicle_shared_identity.json,,identity,974779.5025592321,108932.92932660552,0.0,real,25232.186443776005,1802.2176906088134,1.0,codesign_small_vehicle_shared,0.46409647120306147,0.4391059194245618,0.20722060024585445,0.39496202318464096,0.3307468975945087,0.24060823344665644,0.13539707857177424,0.05323966798625721,0.012709737370357202,0.0013201320132013201,1.984166352506994e-05,5297,1,,5297,,,0.1,1000011.6890030081,110735.14701721433
reports/small_vehicle/cascade/codesign_small_vehicle_shared_identity.json,,identity,974779.5025592321,108932.92932660552,0.0,real,25232.186443776005,1802.2176906088134,1.0,codesign_small_vehicle_shared,0.46409647120306147,0.4391059194245618,0.20722060024585445,0.39496202318464096,0.3307468975945087,0.24060823344665644,0.13539707857177424,0.05323966798625721,0.012709737370357202,0.0013201320132013201,1.984166352506994e-05,5297,1,,5297,,,0.15000000000000002,1000011.6890030081,110735.14701721433
reports/small_vehicle/cascade/codesign_small_vehicle_shared_identity.json,,identity,974779.5025592321,108932.92932660552,0.0,real,25232.186443776005,1802.2176906088134,1.0,codesign_small_vehicle_shared,0.46409647120306147,0.4391059194245618,0.20722060024585445,0.39496202318464096,0.3307468975945087,0.24060823344665644,0.13539707857177424,0.05323966798625721,0.012709737370357202,0.0013201320132013201,1.984166352506994e-05,5297,1,,5297,,,0.2,1000011.6890030081,110735.14701721433
reports/small_vehicle/cascade/codesign_small_vehicle_shared_identity.json,,identity,974779.5025592321,108932.92932660552,0.0,real,25232.186443776005,1802.2176906088134,1.0,codesign_small_vehicle_shared,0.46409647120306147,0.4391059194245618,0.20722060024585445,0.39496202318464096,0.3307468975945087,0.24060823344665644,0.13539707857177424,0.05323966798625721,0.012709737370357202,0.0013201320132013201,1.984166352506994e-05,5297,1,,5297,,,0.25,1000011.6890030081,110735.14701721433
reports/small_vehicle/cascade/codesign_small_vehicle_shared_identity.json,,identity,974779.5025592321,108932.92932660552,0.0,real,25232.186443776005,1802.2176906088134,1.0,codesign_small_vehicle_shared,0.46409647120306147,0.4391059194245618,0.20722060024585445,0.39496202318464096,0.3307468975945087,0.24060823344665644,0.13539707857177424,0.05323966798625721,0.012709737370357202,0.0013201320132013201,1.984166352506994e-05,5297,1,,5297,,,0.30000000000000004,1000011.6890030081,110735.14701721433
reports/small_vehicle/cascade/codesign_small_vehicle_shared_identity.json,,identity,974779.5025592321,108932.92932660552,0.0,real,25232.186443776005,1802.2176906088134,1.0,codesign_small_vehicle_shared,0.46409647120306147,0.4391059194245618,0.20722060024585445,0.39496202318464096,0.3307468975945087,0.24060823344665644,0.13539707857177424,0.05323966798625721,0.012709737370357202,0.0013201320132013201,1.984166352506994e-05,5297,1,,5297,,,0.35000000000000003,1000011.6890030081,110735.14701721433
reports/small_vehicle/cascade/codesign_small_vehicle_shared_identity.json,,identity,971467.0556938241,108562.75890412508,0.0033981498961676015,real,25232.186443776005,1802.2176906088134,1.0,codesign_small_vehicle_shared,0.46409647120306147,0.4391059194245618,0.20722060024585445,0.39496202318464096,0.3307468975945087,0.24060823344665644,0.13539707857177424,0.05323966798625721,0.012709737370357202,0.0013201320132013201,1.984166352506994e-05,5279,1,,5297,,,0.4,996699.2421376001,110364.97659473389
reports/small_vehicle/cascade/codesign_small_vehicle_shared_identity.json,,identity,872645.724209152,97519.34130012523,0.10477628846516895,real,25232.186443776005,1802.2176906088134,0.9592496765847348,codesign_small_vehicle_shared,0.4636960780955365,0.4386522021457675,0.20701395124497898,0.3944898594575942,0.3304017936692886,0.2403298708383657,0.13532266297799092,0.053197684981140664,0.012709386607379209,0.0013201320132013201,1.984166352506994e-05,4742,1,,5297,,,0.45,897877.910652928,99321.55899073405
reports/small_vehicle/cascade/codesign_small_vehicle_shared_identity.json,,identity,284686.405599232,31814.091309846845,0.7079478950349254,real,25232.186443776005,1802.2176906088134,0.000646830530401035,codesign_small_vehicle_shared,0.0,0.0,0.0,0.0,0.0,0.0,0.0,0.0,0.0,0.0,0.0,1547,1,,5297,,,0.5,309918.592043008,33616.30900045566
reports/small_vehicle/cascade/codesign_small_vehicle_shared_identity.json,,identity,234263.60331468802,26179.274878755677,0.7596752878988107,real,25232.186443776005,1802.2176906088134,0.0,codesign_small_vehicle_shared,0.0,0.0,0.0,0.0,0.0,0.0,0.0,0.0,0.0,0.0,0.0,1273,1,,5297,,,0.55,259495.78975846403,27981.49256936449
reports/small_vehicle/cascade/codesign_small_vehicle_shared_identity.json,,identity,184392.87550771201,20606.153518077917,0.8108363224466679,real,25232.186443776005,1802.2176906088134,0.0,codesign_small_vehicle_shared,0.0,0.0,0.0,0.0,0.0,0.0,0.0,0.0,0.0,0.0,0.0,1002,1,,5297,,,0.6000000000000001,209625.06195148802,22408.37120868673
reports/small_vehicle/cascade/codesign_small_vehicle_shared_identity.json,,identity,131945.800138752,14745.121828804258,0.8646403624693223,real,25232.186443776005,1802.2176906088134,0.0,codesign_small_vehicle_shared,0.0,0.0,0.0,0.0,0.0,0.0,0.0,0.0,0.0,0.0,0.0,717,1,,5297,,,0.65,157177.986582528,16547.33951941307
reports/small_vehicle/cascade/codesign_small_vehicle_shared_identity.json,,identity,84467.395067904,9439.345773251262,0.9133471776477251,real,25232.186443776005,1802.2176906088134,0.0,codesign_small_vehicle_shared,0.0,0.0,0.0,0.0,0.0,0.0,0.0,0.0,0.0,0.0,0.0,459,1,,5297,,,0.7000000000000001,109699.58151168001,11241.563463860075
reports/small_vehicle/cascade/codesign_small_vehicle_shared_identity.json,,identity,49870.727806976,5573.12136067776,0.9488389654521427,real,25232.186443776005,1802.2176906088134,0.0,codesign_small_vehicle_shared,0.0,0.0,0.0,0.0,0.0,0.0,0.0,0.0,0.0,0.0,0.0,271,1,,5297,,,0.75,75102.914250752,7375.3390512865735
reports/small_vehicle/cascade/codesign_small_vehicle_shared_identity.json,,identity,27971.773530112,3125.883567612618,0.9713045119879177,real,25232.186443776005,1802.2176906088134,0.0,codesign_small_vehicle_shared,0.0,0.0,0.0,0.0,0.0,0.0,0.0,0.0,0.0,0.0,0.0,152,1,,5297,,,0.8,53203.959973888006,4928.101258221432
reports/small_vehicle/cascade/codesign_small_vehicle_shared_identity.json,,identity,12145.638506496001,1357.2915490949526,0.9875401170473853,real,25232.186443776005,1802.2176906088134,0.0,codesign_small_vehicle_shared,0.0,0.0,0.0,0.0,0.0,0.0,0.0,0.0,0.0,0.0,0.0,66,1,,5297,,,0.8500000000000001,37377.82495027201,3159.509239703766
reports/small_vehicle/cascade/codesign_small_vehicle_shared_identity.json,,identity,4232.570994688,472.99553983611986,0.9956579195771191,real,25232.186443776005,1802.2176906088134,0.0,codesign_small_vehicle_shared,0.0,0.0,0.0,0.0,0.0,0.0,0.0,0.0,0.0,0.0,0.0,23,1,,5297,,,0.9,29464.757438464003,2275.2132304449333
reports/small_vehicle/cascade/codesign_small_vehicle_shared_identity.json,,identity,0.0,0.0,1.0,real,25232.186443776005,1802.2176906088134,0.0,codesign_small_vehicle_shared,0.0,0.0,0.0,0.0,0.0,0.0,0.0,0.0,0.0,0.0,0.0,0,1,,5297,,,0.9500000000000001,25232.186443776005,1802.2176906088134
reports/small_vehicle/cascade/codesign_small_vehicle_shared_identity.json,,identity,0.0,0.0,1.0,real,25232.186443776005,1802.2176906088134,0.0,codesign_small_vehicle_shared,0.0,0.0,0.0,0.0,0.0,0.0,0.0,0.0,0.0,0.0,0.0,0,1,,5297,,,1.0,25232.186443776005,1802.2176906088134
reports/small_vehicle/cascade/codesign_small_vehicle_shared_isotonic.json,,isotonic,974779.5025592321,108932.92932660552,0.0,real,25232.186443776005,1802.2176906088134,1.0,codesign_small_vehicle_shared,0.46409647120306147,0.4391059194245618,0.20722060024585445,0.39496202318464096,0.3307468975945087,0.24060823344665644,0.13539707857177424,0.05323966798625721,0.012709737370357202,0.0013201320132013201,1.984166352506994e-05,5297,1,,5297,,,0.0,1000011.6890030081,110735.14701721433
reports/small_vehicle/cascade/codesign_small_vehicle_shared_isotonic.json,,isotonic,965946.3109181441,107945.808199991,0.009061733056447085,real,25232.186443776005,1802.2176906088134,1.0,codesign_small_vehicle_shared,0.46409647120306147,0.4391059194245618,0.20722060024585445,0.39496202318464096,0.3307468975945087,0.24060823344665644,0.13539707857177424,0.05323966798625721,0.012709737370357202,0.0013201320132013201,1.984166352506994e-05,5249,1,,5297,,,0.05,991178.4973619201,109748.02589059982
reports/small_vehicle/cascade/codesign_small_vehicle_shared_isotonic.json,,isotonic,940734.909775872,105128.39998444542,0.034925429488389614,real,25232.186443776005,1802.2176906088134,0.9928848641655886,codesign_small_vehicle_shared,0.4640014919075592,0.4389907965635542,0.20718279342338725,0.39483849656175213,0.33065705655421773,0.2405869500500713,0.13543755285731315,0.053258316492786034,0.012717299569891951,0.0013201320132013201,1.984166352506994e-05,5112,1,,5297,,,0.1,965967.096219648,106930.61767505424
reports/small_vehicle/cascade/codesign_small_vehicle_shared_isotonic.json,,isotonic,868597.17804032,97066.91078376025,0.10892958278270715,real,25232.186443776005,1802.2176906088134,0.9586028460543338,codesign_small_vehicle_shared,0.46372992227876897,0.43868214530563043,0.207025466137781,0.39451381960217613,0.3304200226171654,0.24033583624650084,0.13532559079524248,0.05319844475496173,0.012708906100637844,0.0013201320132013201,1.984166352506994e-05,4720,1,,5297,,,0.15000000000000002,893829.3644840961,98869.12847436906
reports/small_vehicle/cascade/codesign_small_vehicle_shared_isotonic.json,,isotonic,797011.520782336,89067.11665348848,0.18236737776099676,real,25232.186443776005,1802.2176906088134,0.9139715394566623,codesign_small_vehicle_shared,0.4628865221927906,0.4326998352151223,0.20564254351795414,0.3937293417959064,0.32954557374895277,0.23615175402200597,0.13493017820535913,0.052980956251706,0.012161220225243366,0.0013201320132013201,1.992150925354105e-05,4331,1,,5297,,,0.2,822243.707226112,90869.3343440973
reports/small_vehicle/cascade/codesign_small_vehicle_shared_isotonic.json,,isotonic,797011.520782336,89067.11665348848,0.18236737776099676,real,25232.186443776005,1802.2176906088134,0.9139715394566623,codesign_small_vehicle_shared,0.4628865221927906,0.4326998352151223,0.20564254351795414,0.3937293417959064,0.32954557374895277,0.23615175402200597,0.13493017820535913,0.052980956251706,0.012161220225243366,0.0013201320132013201,1.992150925354105e-05,4331,1,,5297,,,0.25,822243.707226112,90869.3343440973
reports/small_vehicle/cascade/codesign_small_vehicle_shared_isotonic.json,,isotonic,774560.492027904,86558.18379000993,0.20539928261279972,real,25232.186443776005,1802.2176906088134,0.8926261319534282,codesign_small_vehicle_shared,0.46225482092512604,0.4321146084336212,0.20530181709024134,0.3931834616258309,0.3289130404928879,0.23564351334956202,0.13461847613889147,0.052814573196676484,0.012135502236536635,0.0013201320132013201,2.004249007896741e-05,4209,1,,5297,,,0.30000000000000004,799792.67847168,88360.40148061875
reports/small_vehicle/cascade/codesign_small_vehicle_shared_isotonic.json,,isotonic,0.0,0.0,1.0,real,25232.186443776005,1802.2176906088134,0.0,codesign_small_vehicle_shared,0.0,0.0,0.0,0.0,0.0,0.0,0.0,0.0,0.0,0.0,0.0,0,1,,5297,,,0.35000000000000003,25232.186443776005,1802.2176906088134
reports/small_vehicle/cascade/codesign_small_vehicle_shared_isotonic.json,,isotonic,0.0,0.0,1.0,real,25232.186443776005,1802.2176906088134,0.0,codesign_small_vehicle_shared,0.0,0.0,0.0,0.0,0.0,0.0,0.0,0.0,0.0,0.0,0.0,0,1,,5297,,,0.4,25232.186443776005,1802.2176906088134
reports/small_vehicle/cascade/codesign_small_vehicle_shared_isotonic.json,,isotonic,0.0,0.0,1.0,real,25232.186443776005,1802.2176906088134,0.0,codesign_small_vehicle_shared,0.0,0.0,0.0,0.0,0.0,0.0,0.0,0.0,0.0,0.0,0.0,0,1,,5297,,,0.45,25232.186443776005,1802.2176906088134
reports/small_vehicle/cascade/codesign_small_vehicle_shared_isotonic.json,,isotonic,0.0,0.0,1.0,real,25232.186443776005,1802.2176906088134,0.0,codesign_small_vehicle_shared,0.0,0.0,0.0,0.0,0.0,0.0,0.0,0.0,0.0,0.0,0.0,0,1,,5297,,,0.5,25232.186443776005,1802.2176906088134
reports/small_vehicle/cascade/codesign_small_vehicle_shared_isotonic.json,,isotonic,0.0,0.0,1.0,real,25232.186443776005,1802.2176906088134,0.0,codesign_small_vehicle_shared,0.0,0.0,0.0,0.0,0.0,0.0,0.0,0.0,0.0,0.0,0.0,0,1,,5297,,,0.55,25232.186443776005,1802.2176906088134
reports/small_vehicle/cascade/codesign_small_vehicle_shared_isotonic.json,,isotonic,0.0,0.0,1.0,real,25232.186443776005,1802.2176906088134,0.0,codesign_small_vehicle_shared,0.0,0.0,0.0,0.0,0.0,0.0,0.0,0.0,0.0,0.0,0.0,0,1,,5297,,,0.6000000000000001,25232.186443776005,1802.2176906088134
reports/small_vehicle/cascade/codesign_small_vehicle_shared_isotonic.json,,isotonic,0.0,0.0,1.0,real,25232.186443776005,1802.2176906088134,0.0,codesign_small_vehicle_shared,0.0,0.0,0.0,0.0,0.0,0.0,0.0,0.0,0.0,0.0,0.0,0,1,,5297,,,0.65,25232.186443776005,1802.2176906088134
reports/small_vehicle/cascade/codesign_small_vehicle_shared_isotonic.json,,isotonic,0.0,0.0,1.0,real,25232.186443776005,1802.2176906088134,0.0,codesign_small_vehicle_shared,0.0,0.0,0.0,0.0,0.0,0.0,0.0,0.0,0.0,0.0,0.0,0,1,,5297,,,0.7000000000000001,25232.186443776005,1802.2176906088134
reports/small_vehicle/cascade/codesign_small_vehicle_shared_isotonic.json,,isotonic,0.0,0.0,1.0,real,25232.186443776005,1802.2176906088134,0.0,codesign_small_vehicle_shared,0.0,0.0,0.0,0.0,0.0,0.0,0.0,0.0,0.0,0.0,0.0,0,1,,5297,,,0.75,25232.186443776005,1802.2176906088134
reports/small_vehicle/cascade/codesign_small_vehicle_shared_isotonic.json,,isotonic,0.0,0.0,1.0,real,25232.186443776005,1802.2176906088134,0.0,codesign_small_vehicle_shared,0.0,0.0,0.0,0.0,0.0,0.0,0.0,0.0,0.0,0.0,0.0,0,1,,5297,,,0.8,25232.186443776005,1802.2176906088134
reports/small_vehicle/cascade/codesign_small_vehicle_shared_isotonic.json,,isotonic,0.0,0.0,1.0,real,25232.186443776005,1802.2176906088134,0.0,codesign_small_vehicle_shared,0.0,0.0,0.0,0.0,0.0,0.0,0.0,0.0,0.0,0.0,0.0,0,1,,5297,,,0.8500000000000001,25232.186443776005,1802.2176906088134
reports/small_vehicle/cascade/codesign_small_vehicle_shared_isotonic.json,,isotonic,0.0,0.0,1.0,real,25232.186443776005,1802.2176906088134,0.0,codesign_small_vehicle_shared,0.0,0.0,0.0,0.0,0.0,0.0,0.0,0.0,0.0,0.0,0.0,0,1,,5297,,,0.9,25232.186443776005,1802.2176906088134
reports/small_vehicle/cascade/codesign_small_vehicle_shared_isotonic.json,,isotonic,0.0,0.0,1.0,real,25232.186443776005,1802.2176906088134,0.0,codesign_small_vehicle_shared,0.0,0.0,0.0,0.0,0.0,0.0,0.0,0.0,0.0,0.0,0.0,0,1,,5297,,,0.9500000000000001,25232.186443776005,1802.2176906088134
reports/small_vehicle/cascade/codesign_small_vehicle_shared_isotonic.json,,isotonic,0.0,0.0,1.0,real,25232.186443776005,1802.2176906088134,0.0,codesign_small_vehicle_shared,0.0,0.0,0.0,0.0,0.0,0.0,0.0,0.0,0.0,0.0,0.0,0,1,,5297,,,1.0,25232.186443776005,1802.2176906088134
reports/small_vehicle/cascade/codesign_small_vehicle_shared_platt.json,,platt,974779.5025592321,108932.92932660552,0.0,real,25232.186443776005,1802.2176906088134,1.0,codesign_small_vehicle_shared,0.46409647120306147,0.4391059194245618,0.20722060024585445,0.39496202318464096,0.3307468975945087,0.24060823344665644,0.13539707857177424,0.05323966798625721,0.012709737370357202,0.0013201320132013201,1.984166352506994e-05,5297,1,,5297,,,0.0,1000011.6890030081,110735.14701721433
reports/small_vehicle/cascade/codesign_small_vehicle_shared_platt.json,,platt,845778.099634176,94516.84787333943,0.13233905984519534,real,25232.186443776005,1802.2176906088134,1.0,codesign_small_vehicle_shared,0.46409697265062533,0.4391057255730491,0.20722059884978966,0.3949620501716081,0.33074662856862086,0.2406082116628374,0.13539707857177424,0.05323966798625721,0.012709679636398042,0.0013201320132013201,1.984166352506994e-05,4596,1,,5297,,,0.05,871010.286077952,96319.06556394824
reports/small_vehicle/cascade/codesign_small_vehicle_shared_platt.json,,platt,787810.2794895361,88038.8654799317,0.1918066830281291,real,25232.186443776005,1802.2176906088134,1.0,codesign_small_vehicle_shared,0.46409697265062533,0.4391057255730491,0.20722059884978966,0.3949620501716081,0.33074662856862086,0.2406082116628374,0.13539707857177424,0.05323966798625721,0.012709679636398042,0.0013201320132013201,1.984166352506994e-05,4281,1,,5297,,,0.1,813042.4659333121,89841.08317054051
reports/small_vehicle/cascade/codesign_small_vehicle_shared_platt.json,,platt,751741.41362176,84008.12087958911,0.2288087596752879,real,25232.186443776005,1802.2176906088134,1.0,codesign_small_vehicle_shared,0.46409697265062533,0.4391057255730491,0.20722059884978966,0.3949620501716081,0.33074662856862086,0.2406082116628374,0.13539707857177424,0.05323966798625721,0.012709679636398042,0.0013201320132013201,1.984166352506994e-05,4085,1,,5297,,,0.15000000000000002,776973.600065536,85810.33857019793
reports/small_vehicle/cascade/codesign_small_vehicle_shared_platt.json,,platt,725977.93800192,81129.01759363012,0.25523881442325846,real,25232.186443776005,1802.2176906088134,1.0,codesign_small_vehicle_shared,0.46409697265062533,0.43910580130845184,0.20722060642332996,0.3949620501716081,0.33074662856862086,0.2406082116628374,0.13539707857177424,0.05323966798625721,0.012709679636398042,0.0013201320132013201,1.984166352506994e-05,3945,1,,5297,,,0.2,751210.124445696,82931.23528423894
reports/small_vehicle/cascade/codesign_small_vehicle_shared_platt.json,,platt,704631.058202624,78743.47487097839,0.2771380026430055,real,25232.186443776005,1802.2176906088134,1.0,codesign_small_vehicle_shared,0.46409697265062533,0.43910580130845184,0.20722060642332996,0.3949620501716081,0.33074662856862086,0.2406082116628374,0.13539707857177424,0.05323966798625721,0.012709679636398042,0.0013201320132013201,1.984166352506994e-05,3829,1,,5297,,,0.25,729863.2446464,80545.6925615872
reports/small_vehicle/cascade/codesign_small_vehicle_shared_platt.json,,platt,679235.6322344961,75905.50163196167,0.3031904851802907,real,25232.186443776005,1802.2176906088134,0.9961190168175937,codesign_small_vehicle_shared,0.4639228352209373,0.438927824097039,0.20711815226181612,0.39477244939100875,0.33058706298944407,0.24042399686012292,0.13532230993437552,0.05318953608103853,0.012695534367468399,0.0013201320132013201,1.984166352506994e-05,3691,1,,5297,,,0.30000000000000004,704467.8186782721,77707.71932257048
reports/small_vehicle/cascade/codesign_small_vehicle_shared_platt.json,,platt,442947.755835392,49500.0114950235,0.5455918444402492,real,25232.186443776005,1802.2176906088134,0.4851228978007762,codesign_small_vehicle_shared,0.07319346762934625,0.06587126652928449,0.03360778388935219,0.0579827661074445,0.05199391889159486,0.03732161783954839,0.02542377849534817,0.013457433103905186,0.009900990099009901,0.0008847693279966295,4.783087004352609e-05,2407,1,,5297,,,0.35000000000000003,468179.942279168,51302.22918563231
reports/small_vehicle/cascade/codesign_small_vehicle_shared_platt.json,,platt,188809.471328256,21099.714081385173,0.8063054559184444,real,25232.186443776005,1802.2176906088134,0.09702457956015524,codesign_small_vehicle_shared,0.009900990099009901,0.009900990099009901,0.006511367164591024,0.009900990099009901,0.009900990099009901,0.009900990099009901,0.009900990099009901,0.004455445544554456,0.0011315417256011315,0.0001207437816952427,0.0,1026,1,,5297,,,0.4,214041.65777203202,22901.931771993986
reports/small_vehicle/cascade/codesign_small_vehicle_shared_platt.json,,platt,57047.69601536,6375.15727605205,0.9414763073437795,real,25232.186443776005,1802.2176906088134,0.019404915912031046,codesign_small_vehicle_shared,0.009900990099009901,0.009900990099009901,0.00544018687583044,0.009900990099009901,0.009900990099009901,0.007425742574257425,0.0036003600360036006,0.0033003300330033,0.0004714757190004715,0.0,0.0,310,1,,5297,,,0.45,82279.882459136,8177.374966660864
reports/small_vehicle/cascade/codesign_small_vehicle_shared_platt.json,,platt,19138.581889024,2138.762440998107,0.9803662450443648,real,25232.186443776005,1802.2176906088134,0.0038809831824062097,codesign_small_vehicle_shared,0.009900990099009901,0.009900990099009901,0.005321782178217821,0.009900990099009901,0.009900990099009901,0.007425742574257425,0.0037128712871287127,0.0024752475247524753,0.0,0.0,0.0,104,1,,5297,,,0.5,44370.768332800006,3940.9801316069206
reports/small_vehicle/cascade/codesign_small_vehicle_shared_platt.json,,platt,8281.11716352,925.4260562011041,0.9915046252595809,real,25232.186443776005,1802.2176906088134,0.0,codesign_small_vehicle_shared,0.0,0.0,0.0,0.0,0.0,0.0,0.0,0.0,0.0,0.0,0.0,45,1,,5297,,,0.55,33513.30360729601,2727.6437468099175
reports/small_vehicle/cascade/codesign_small_vehicle_shared_platt.json,,platt,2576.347561984,287.91032859589905,0.997356994525203,real,25232.186443776005,1802.2176906088134,0.0,codesign_small_vehicle_shared,0.0,0.0,0.0,0.0,0.0,0.0,0.0,0.0,0.0,0.0,0.0,14,1,,5297,,,0.6000000000000001,27808.534005760004,2090.1280192047125
reports/small_vehicle/cascade/codesign_small_vehicle_shared_platt.json,,platt,1104.148955136,123.39014082681388,0.9988672833679442,real,25232.186443776005,1802.2176906088134,0.0,codesign_small_vehicle_shared,0.0,0.0,0.0,0.0,0.0,0.0,0.0,0.0,0.0,0.0,0.0,6,1,,5297,,,0.65,26336.335398912004,1925.6078314356273
reports/small_vehicle/cascade/codesign_small_vehicle_shared_platt.json,,platt,184.024825856,20.565023471135646,0.9998112138946573,real,25232.186443776005,1802.2176906088134,0.0,codesign_small_vehicle_shared,0.0,0.0,0.0,0.0,0.0,0.0,0.0,0.0,0.0,0.0,0.0,1,1,,5297,,,0.7000000000000001,25416.211269632004,1822.782714079949
reports/small_vehicle/cascade/codesign_small_vehicle_shared_platt.json,,platt,0.0,0.0,1.0,real,25232.186443776005,1802.2176906088134,0.0,codesign_small_vehicle_shared,0.0,0.0,0.0,0.0,0.0,0.0,0.0,0.0,0.0,0.0,0.0,0,1,,5297,,,0.75,25232.186443776005,1802.2176906088134
reports/small_vehicle/cascade/codesign_small_vehicle_shared_platt.json,,platt,0.0,0.0,1.0,real,25232.186443776005,1802.2176906088134,0.0,codesign_small_vehicle_shared,0.0,0.0,0.0,0.0,0.0,0.0,0.0,0.0,0.0,0.0,0.0,0,1,,5297,,,0.8,25232.186443776005,1802.2176906088134
reports/small_vehicle/cascade/codesign_small_vehicle_shared_platt.json,,platt,0.0,0.0,1.0,real,25232.186443776005,1802.2176906088134,0.0,codesign_small_vehicle_shared,0.0,0.0,0.0,0.0,0.0,0.0,0.0,0.0,0.0,0.0,0.0,0,1,,5297,,,0.8500000000000001,25232.186443776005,1802.2176906088134
reports/small_vehicle/cascade/codesign_small_vehicle_shared_platt.json,,platt,0.0,0.0,1.0,real,25232.186443776005,1802.2176906088134,0.0,codesign_small_vehicle_shared,0.0,0.0,0.0,0.0,0.0,0.0,0.0,0.0,0.0,0.0,0.0,0,1,,5297,,,0.9,25232.186443776005,1802.2176906088134
reports/small_vehicle/cascade/codesign_small_vehicle_shared_platt.json,,platt,0.0,0.0,1.0,real,25232.186443776005,1802.2176906088134,0.0,codesign_small_vehicle_shared,0.0,0.0,0.0,0.0,0.0,0.0,0.0,0.0,0.0,0.0,0.0,0,1,,5297,,,0.9500000000000001,25232.186443776005,1802.2176906088134
reports/small_vehicle/cascade/codesign_small_vehicle_shared_platt.json,,platt,0.0,0.0,1.0,real,25232.186443776005,1802.2176906088134,0.0,codesign_small_vehicle_shared,0.0,0.0,0.0,0.0,0.0,0.0,0.0,0.0,0.0,0.0,0.0,0,1,,5297,,,1.0,25232.186443776005,1802.2176906088134
reports/small_vehicle/cascade/codesign_small_vehicle_shared_temperature.json,,temperature,974779.5025592321,108932.92932660552,0.0,real,25232.186443776005,1802.2176906088134,1.0,codesign_small_vehicle_shared,0.46409647120306147,0.4391059194245618,0.20722060024585445,0.39496202318464096,0.3307468975945087,0.24060823344665644,0.13539707857177424,0.05323966798625721,0.012709737370357202,0.0013201320132013201,1.984166352506994e-05,5297,1,,5297,,,0.0,1000011.6890030081,110735.14701721433
reports/small_vehicle/cascade/codesign_small_vehicle_shared_temperature.json,,temperature,974779.5025592321,108932.92932660552,0.0,real,25232.186443776005,1802.2176906088134,1.0,codesign_small_vehicle_shared,0.46409647120306147,0.4391059194245618,0.20722060024585445,0.39496202318464096,0.3307468975945087,0.24060823344665644,0.13539707857177424,0.05323966798625721,0.012709737370357202,0.0013201320132013201,1.984166352506994e-05,5297,1,,5297,,,0.05,1000011.6890030081,110735.14701721433
reports/small_vehicle/cascade/codesign_small_vehicle_shared_temperature.json,,temperature,974779.5025592321,108932.92932660552,0.0,real,25232.186443776005,1802.2176906088134,1.0,codesign_small_vehicle_shared,0.46409647120306147,0.4391059194245618,0.20722060024585445,0.39496202318464096,0.3307468975945087,0.24060823344665644,0.13539707857177424,0.05323966798625721,0.012709737370357202,0.0013201320132013201,1.984166352506994e-05,5297,1,,5297,,,0.1,1000011.6890030081,110735.14701721433
reports/small_vehicle/cascade/codesign_small_vehicle_shared_temperature.json,,temperature,974779.5025592321,108932.92932660552,0.0,real,25232.186443776005,1802.2176906088134,1.0,codesign_small_vehicle_shared,0.46409647120306147,0.4391059194245618,0.20722060024585445,0.39496202318464096,0.3307468975945087,0.24060823344665644,0.13539707857177424,0.05323966798625721,0.012709737370357202,0.0013201320132013201,1.984166352506994e-05,5297,1,,5297,,,0.15000000000000002,1000011.6890030081,110735.14701721433
reports/small_vehicle/cascade/codesign_small_vehicle_shared_temperature.json,,temperature,974779.5025592321,108932.92932660552,0.0,real,25232.186443776005,1802.2176906088134,1.0,codesign_small_vehicle_shared,0.46409647120306147,0.4391059194245618,0.20722060024585445,0.39496202318464096,0.3307468975945087,0.24060823344665644,0.13539707857177424,0.05323966798625721,0.012709737370357202,0.0013201320132013201,1.984166352506994e-05,5297,1,,5297,,,0.2,1000011.6890030081,110735.14701721433
reports/small_vehicle/cascade/codesign_small_vehicle_shared_temperature.json,,temperature,974779.5025592321,108932.92932660552,0.0,real,25232.186443776005,1802.2176906088134,1.0,codesign_small_vehicle_shared,0.46409647120306147,0.4391059194245618,0.20722060024585445,0.39496202318464096,0.3307468975945087,0.24060823344665644,0.13539707857177424,0.05323966798625721,0.012709737370357202,0.0013201320132013201,1.984166352506994e-05,5297,1,,5297,,,0.25,1000011.6890030081,110735.14701721433
reports/small_vehicle/cascade/codesign_small_vehicle_shared_temperature.json,,temperature,974779.5025592321,108932.92932660552,0.0,real,25232.186443776005,1802.2176906088134,1.0,codesign_small_vehicle_shared,0.46409647120306147,0.4391059194245618,0.20722060024585445,0.39496202318464096,0.3307468975945087,0.24060823344665644,0.13539707857177424,0.05323966798625721,0.012709737370357202,0.0013201320132013201,1.984166352506994e-05,5297,1,,5297,,,0.30000000000000004,1000011.6890030081,110735.14701721433
reports/small_vehicle/cascade/codesign_small_vehicle_shared_temperature.json,,temperature,974779.5025592321,108932.92932660552,0.0,real,25232.186443776005,1802.2176906088134,1.0,codesign_small_vehicle_shared,0.46409647120306147,0.4391059194245618,0.20722060024585445,0.39496202318464096,0.3307468975945087,0.24060823344665644,0.13539707857177424,0.05323966798625721,0.012709737370357202,0.0013201320132013201,1.984166352506994e-05,5297,1,,5297,,,0.35000000000000003,1000011.6890030081,110735.14701721433
reports/small_vehicle/cascade/codesign_small_vehicle_shared_temperature.json,,temperature,974779.5025592321,108932.92932660552,0.0,real,25232.186443776005,1802.2176906088134,1.0,codesign_small_vehicle_shared,0.46409647120306147,0.4391059194245618,0.20722060024585445,0.39496202318464096,0.3307468975945087,0.24060823344665644,0.13539707857177424,0.05323966798625721,0.012709737370357202,0.0013201320132013201,1.984166352506994e-05,5297,1,,5297,,,0.4,1000011.6890030081,110735.14701721433
reports/small_vehicle/cascade/codesign_small_vehicle_shared_temperature.json,,temperature,974779.5025592321,108932.92932660552,0.0,real,25232.186443776005,1802.2176906088134,1.0,codesign_small_vehicle_shared,0.46409647120306147,0.4391059194245618,0.20722060024585445,0.39496202318464096,0.3307468975945087,0.24060823344665644,0.13539707857177424,0.05323966798625721,0.012709737370357202,0.0013201320132013201,1.984166352506994e-05,5297,1,,5297,,,0.45,1000011.6890030081,110735.14701721433
reports/small_vehicle/cascade/codesign_small_vehicle_shared_temperature.json,,temperature,284686.405599232,31814.091309846845,0.7079478950349254,real,25232.186443776005,1802.2176906088134,0.000646830530401035,codesign_small_vehicle_shared,0.0,0.0,0.0,0.0,0.0,0.0,0.0,0.0,0.0,0.0,0.0,1547,1,,5297,,,0.5,309918.592043008,33616.30900045566
reports/small_vehicle/cascade/codesign_small_vehicle_shared_temperature.json,,temperature,0.0,0.0,1.0,real,25232.186443776005,1802.2176906088134,0.0,codesign_small_vehicle_shared,0.0,0.0,0.0,0.0,0.0,0.0,0.0,0.0,0.0,0.0,0.0,0,1,,5297,,,0.55,25232.186443776005,1802.2176906088134
reports/small_vehicle/cascade/codesign_small_vehicle_shared_temperature.json,,temperature,0.0,0.0,1.0,real,25232.186443776005,1802.2176906088134,0.0,codesign_small_vehicle_shared,0.0,0.0,0.0,0.0,0.0,0.0,0.0,0.0,0.0,0.0,0.0,0,1,,5297,,,0.6000000000000001,25232.186443776005,1802.2176906088134
reports/small_vehicle/cascade/codesign_small_vehicle_shared_temperature.json,,temperature,0.0,0.0,1.0,real,25232.186443776005,1802.2176906088134,0.0,codesign_small_vehicle_shared,0.0,0.0,0.0,0.0,0.0,0.0,0.0,0.0,0.0,0.0,0.0,0,1,,5297,,,0.65,25232.186443776005,1802.2176906088134
reports/small_vehicle/cascade/codesign_small_vehicle_shared_temperature.json,,temperature,0.0,0.0,1.0,real,25232.186443776005,1802.2176906088134,0.0,codesign_small_vehicle_shared,0.0,0.0,0.0,0.0,0.0,0.0,0.0,0.0,0.0,0.0,0.0,0,1,,5297,,,0.7000000000000001,25232.186443776005,1802.2176906088134
reports/small_vehicle/cascade/codesign_small_vehicle_shared_temperature.json,,temperature,0.0,0.0,1.0,real,25232.186443776005,1802.2176906088134,0.0,codesign_small_vehicle_shared,0.0,0.0,0.0,0.0,0.0,0.0,0.0,0.0,0.0,0.0,0.0,0,1,,5297,,,0.75,25232.186443776005,1802.2176906088134
reports/small_vehicle/cascade/codesign_small_vehicle_shared_temperature.json,,temperature,0.0,0.0,1.0,real,25232.186443776005,1802.2176906088134,0.0,codesign_small_vehicle_shared,0.0,0.0,0.0,0.0,0.0,0.0,0.0,0.0,0.0,0.0,0.0,0,1,,5297,,,0.8,25232.186443776005,1802.2176906088134
reports/small_vehicle/cascade/codesign_small_vehicle_shared_temperature.json,,temperature,0.0,0.0,1.0,real,25232.186443776005,1802.2176906088134,0.0,codesign_small_vehicle_shared,0.0,0.0,0.0,0.0,0.0,0.0,0.0,0.0,0.0,0.0,0.0,0,1,,5297,,,0.8500000000000001,25232.186443776005,1802.2176906088134
reports/small_vehicle/cascade/codesign_small_vehicle_shared_temperature.json,,temperature,0.0,0.0,1.0,real,25232.186443776005,1802.2176906088134,0.0,codesign_small_vehicle_shared,0.0,0.0,0.0,0.0,0.0,0.0,0.0,0.0,0.0,0.0,0.0,0,1,,5297,,,0.9,25232.186443776005,1802.2176906088134
reports/small_vehicle/cascade/codesign_small_vehicle_shared_temperature.json,,temperature,0.0,0.0,1.0,real,25232.186443776005,1802.2176906088134,0.0,codesign_small_vehicle_shared,0.0,0.0,0.0,0.0,0.0,0.0,0.0,0.0,0.0,0.0,0.0,0,1,,5297,,,0.9500000000000001,25232.186443776005,1802.2176906088134
reports/small_vehicle/cascade/codesign_small_vehicle_shared_temperature.json,,temperature,0.0,0.0,1.0,real,25232.186443776005,1802.2176906088134,0.0,codesign_small_vehicle_shared,0.0,0.0,0.0,0.0,0.0,0.0,0.0,0.0,0.0,0.0,0.0,0,1,,5297,,,1.0,25232.186443776005,1802.2176906088134
reports/small_vehicle/cascade/gate_small_vehicle_effb0_context_adaptive.json,,context_adaptive,974779.5025592321,108932.92932660552,0.0,real,5319.691839488,2873.319636841188,1.0,gate_small_vehicle_effb0,0.4640968890620591,0.43910596728508766,0.20722060920552127,0.3949620226890202,0.3307467165486183,0.24060830106707817,0.13539693832795577,0.053239546028309596,0.012709737370357202,0.0013201320132013201,1.984166352506994e-05,5297,1,,5297,,,0.0,980099.19439872,111806.2489634467
reports/small_vehicle/cascade/gate_small_vehicle_effb0_context_adaptive.json,,context_adaptive,610410.347364352,68214.18285375694,0.3737964885784406,real,5319.691839488,2873.319636841188,1.0,gate_small_vehicle_effb0,0.46409693764038407,0.4391059360959288,0.2072207374001669,0.394962047965196,0.3307466222576038,0.24060784862750442,0.1353967034823515,0.05324155852091665,0.01270974573505696,0.0013201320132013201,1.984166352506994e-05,3317,1,,5297,,,0.05,615730.03920384,71087.50249059813
reports/small_vehicle/cascade/gate_small_vehicle_effb0_context_adaptive.json,,context_adaptive,610410.347364352,68214.18285375694,0.3737964885784406,real,5319.691839488,2873.319636841188,1.0,gate_small_vehicle_effb0,0.46409693764038407,0.4391059360959288,0.2072207374001669,0.394962047965196,0.3307466222576038,0.24060784862750442,0.1353967034823515,0.05324155852091665,0.01270974573505696,0.0013201320132013201,1.984166352506994e-05,3317,1,,5297,,,0.1,615730.03920384,71087.50249059813
reports/small_vehicle/cascade/gate_small_vehicle_effb0_context_adaptive.json,,context_adaptive,610410.347364352,68214.18285375694,0.3737964885784406,real,5319.691839488,2873.319636841188,1.0,gate_small_vehicle_effb0,0.46409693764038407,0.4391059360959288,0.2072207374001669,0.394962047965196,0.3307466222576038,0.24060784862750442,0.1353967034823515,0.05324155852091665,0.01270974573505696,0.0013201320132013201,1.984166352506994e-05,3317,1,,5297,,,0.15000000000000002,615730.03920384,71087.50249059813
reports/small_vehicle/cascade/gate_small_vehicle_effb0_context_adaptive.json,,context_adaptive,610410.347364352,68214.18285375694,0.3737964885784406,real,5319.691839488,2873.319636841188,1.0,gate_small_vehicle_effb0,0.46409693764038407,0.4391059360959288,0.2072207374001669,0.394962047965196,0.3307466222576038,0.24060784862750442,0.1353967034823515,0.05324155852091665,0.01270974573505696,0.0013201320132013201,1.984166352506994e-05,3317,1,,5297,,,0.2,615730.03920384,71087.50249059813
reports/small_vehicle/cascade/gate_small_vehicle_effb0_context_adaptive.json,,context_adaptive,553178.626523136,61818.46055423375,0.43250896734000377,real,5319.691839488,2873.319636841188,0.9980595084087969,gate_small_vehicle_effb0,0.46411492736967996,0.4391218647577296,0.20722705073539677,0.39497329547654747,0.33075532040781386,0.24061386872179047,0.1353988542022906,0.053242297086892654,0.012710105654496345,0.0013201320132013201,1.984166352506994e-05,3006,1,,5297,,,0.25,558498.318362624,64691.78019107494
reports/small_vehicle/cascade/gate_small_vehicle_effb0_context_adaptive.json,,context_adaptive,513429.26413824,57376.41548446845,0.47328676609401543,real,5319.691839488,2873.319636841188,0.9922380336351876,gate_small_vehicle_effb0,0.464069292744057,0.43920011088126554,0.20728004701349242,0.3950685300880208,0.3309214373388354,0.2407471280167822,0.1354710655232202,0.053267081092524426,0.01271585077349205,0.0013201320132013201,1.984166352506994e-05,2790,1,,5297,,,0.30000000000000004,518748.955977728,60249.73512130964
reports/small_vehicle/cascade/gate_small_vehicle_effb0_context_adaptive.json,,context_adaptive,485273.465782272,54229.9668933847,0.5021710402114404,real,5319.691839488,2873.319636841188,0.9838292367399741,gate_small_vehicle_effb0,0.463208238798073,0.43334539815707934,0.2065125336355636,0.39457750089522603,0.33043280822649107,0.24061200327245844,0.1355565361524415,0.053322305225078484,0.012730571952061384,0.0013201320132013201,1.984166352506994e-05,2637,1,,5297,,,0.35000000000000003,490593.15762176,57103.28653022589
reports/small_vehicle/cascade/gate_small_vehicle_effb0_context_adaptive.json,,context_adaptive,458405.841207296,51227.473466598894,0.5297338115914669,real,5319.691839488,2873.319636841188,0.9721862871927555,gate_small_vehicle_effb0,0.46277982040814986,0.4331851356294426,0.20649020721179837,0.3945593293021617,0.33055644588232014,0.2407629796114484,0.13562831882811233,0.05335149576898533,0.012738573010636443,0.0013201320132013201,1.984166352506994e-05,2491,1,,5297,,,0.4,463725.533046784,54100.79310344008
reports/small_vehicle/cascade/gate_small_vehicle_effb0_context_adaptive.json,,context_adaptive,432274.31593574403,48307.24013369763,0.5565414385501227,real,5319.691839488,2873.319636841188,0.961836998706339,gate_small_vehicle_effb0,0.46310282117720025,0.4334249633996092,0.20660192240027922,0.3947696569809503,0.33071091577180095,0.24087764738942946,0.13567766173966342,0.053369764708195294,0.012745819159216845,0.0013201320132013201,1.984166352506994e-05,2349,1,,5297,,,0.45,437594.007775232,51180.55977053882
reports/small_vehicle/cascade/gate_small_vehicle_effb0_context_adaptive.json,,context_adaptive,408167.063748608,45613.22205897886,0.5812724183500094,real,5319.691839488,2873.319636841188,0.9508408796895214,gate_small_vehicle_effb0,0.457237124289194,0.43307901481595285,0.2055469397963142,0.3944653164823249,0.33043683408467717,0.2371816402622177,0.1356518940248628,0.05333153976464831,0.012746060562537619,0.0013201320132013201,1.984166352506994e-05,2218,1,,5297,,,0.5,413486.755588096,48486.54169582005
reports/small_vehicle/cascade/gate_small_vehicle_effb0_context_adaptive.json,,context_adaptive,380195.290218496,42487.338491366245,0.6099679063620917,real,5319.691839488,2873.319636841188,0.9288486416558862,gate_small_vehicle_effb0,0.4551279036243153,0.4308976913967449,0.20352041087413272,0.3875098168506893,0.3242197697674479,0.23592898965368278,0.13493204444361068,0.0530952888773357,0.012152550605045824,0.0013201320132013201,1.992150925354105e-05,2066,1,,5297,,,0.55,385514.982057984,45360.65812820743
reports/small_vehicle/cascade/gate_small_vehicle_effb0_context_adaptive.json,,context_adaptive,358664.385593344,40081.230745243374,0.6320558806871814,real,5319.691839488,2873.319636841188,0.9126778783958602,gate_small_vehicle_effb0,0.44840125862292024,0.4246093727020542,0.20195564215288972,0.38650759287046826,0.3234736125499625,0.2354159535990302,0.13465991030604796,0.05300286867166743,0.012145798684291572,0.0013201320132013201,1.992150925354105e-05,1949,1,,5297,,,0.6000000000000001,363984.077432832,42954.55038208456
reports/small_vehicle/cascade/gate_small_vehicle_effb0_context_adaptive.json,,context_adaptive,336397.38166476804,37592.86290523596,0.6548989994336416,real,5319.691839488,2873.319636841188,0.8842173350582148,gate_small_vehicle_effb0,0.44769225904217336,0.42400639484035196,0.20167184984364722,0.38595390854112654,0.32305739767535324,0.2351213428633951,0.13445984645325368,0.052946033598106346,0.01214126190025723,0.0013201320132013201,1.992150925354105e-05,1828,1,,5297,,,0.65,341717.073504256,40466.18254207715
reports/small_vehicle/cascade/gate_small_vehicle_effb0_context_adaptive.json,,context_adaptive,313578.303258624,35042.79999481514,0.6783084764961299,real,5319.691839488,2873.319636841188,0.8557567917205692,gate_small_vehicle_effb0,0.4465542126668189,0.4231623376417845,0.20053967630376524,0.3803951065362059,0.3225203522085642,0.23473375227121993,0.13167325352344614,0.05288196021610313,0.01213557281609095,0.0013201320132013201,2.008314421705862e-05,1704,1,,5297,,,0.7000000000000001,318897.995098112,37916.11963165633
reports/small_vehicle/cascade/gate_small_vehicle_effb0_context_adaptive.json,,context_adaptive,294071.67171788804,32862.90750687476,0.6983198036624505,real,5319.691839488,2873.319636841188,0.8285899094437258,gate_small_vehicle_effb0,0.44046216051947873,0.41727611412869475,0.1981835834966688,0.3799925392355787,0.3175330986058937,0.2305507368719734,0.13138161325378817,0.05117761181430263,0.012121745379559994,0.0013201320132013201,2.008314421705862e-05,1598,1,,5297,,,0.75,299391.363557376,35736.22714371595
reports/small_vehicle/cascade/gate_small_vehicle_effb0_context_adaptive.json,,context_adaptive,274381.015351296,30662.44999546325,0.7185199169341137,real,5319.691839488,2873.319636841188,0.795601552393273,gate_small_vehicle_effb0,0.4398204840595684,0.416671455176067,0.19784830166514805,0.3793365301187222,0.31696494531380304,0.23009223707012805,0.1310672280734871,0.05108310396421056,0.012106776898677207,0.0013201320132013201,2.0123963615873785e-05,1491,1,,5297,,,0.8,279700.707190784,33535.76963230444
reports/small_vehicle/cascade/gate_small_vehicle_effb0_context_adaptive.json,,context_adaptive,255978.532765696,28605.947648349684,0.7373985274683783,real,5319.691839488,2873.319636841188,0.7619663648124192,gate_small_vehicle_effb0,0.4385864122387001,0.41529704380537474,0.1966217578038784,0.372770509907576,0.31566541209105586,0.22913037960419647,0.13043203548491142,0.05090784477603216,0.012087684154119833,0.0013201320132013201,2.0123963615873785e-05,1391,1,,5297,,,0.8500000000000001,261298.224605184,31479.267285190872
reports/small_vehicle/cascade/gate_small_vehicle_effb0_context_adaptive.json,,context_adaptive,234263.60331468802,26179.274878755677,0.7596752878988107,real,5319.691839488,2873.319636841188,0.7128072445019404,gate_small_vehicle_effb0,0.4317321891118198,0.4087743696241267,0.19458201292792518,0.37207716982722233,0.3102795690815306,0.228590834772457,0.13011428095150165,0.05083026261129332,0.012081156336813776,0.0013201320132013201,2.0164949285152545e-05,1273,1,,5297,,,0.9,239583.295154176,29052.594515596866
reports/small_vehicle/cascade/gate_small_vehicle_effb0_context_adaptive.json,,context_adaptive,209788.30147584,23444.126757094637,0.7847838399093827,real,5319.691839488,2873.319636841188,0.6565329883570504,gate_small_vehicle_effb0,0.42249881171090936,0.39965439158974586,0.18985299836156408,0.36319981514632255,0.302152271136169,0.22185715157150893,0.12555627188751892,0.050275579458976545,0.01199531167777302,0.0013201320132013201,2.0247423515357673e-05,1140,1,,5297,,,0.9500000000000001,215107.993315328,26317.446393935825
reports/small_vehicle/cascade/gate_small_vehicle_effb0_context_adaptive.json,,context_adaptive,184392.87550771201,20606.153518077917,0.8108363224466679,real,5319.691839488,2873.319636841188,0.591849935316947,gate_small_vehicle_effb0,0.39767494533638176,0.3816635408907593,0.18059311667868455,0.3458911313590117,0.29130148339114054,0.20873161300542487,0.11982511187168188,0.047536298763253194,0.011920846889197987,0.0013656538067599864,2.0541473234460376e-05,1002,1,,5297,,,1.0,189712.5673472,23479.473154919106
reports/small_vehicle/cascade/gate_small_vehicle_effb0_identity.json,,identity,974779.5025592321,108932.92932660552,0.0,real,5319.691839488,2873.319636841188,1.0,gate_small_vehicle_effb0,0.4640968890620591,0.43910596728508766,0.20722060920552127,0.3949620226890202,0.3307467165486183,0.24060830106707817,0.13539693832795577,0.053239546028309596,0.012709737370357202,0.0013201320132013201,1.984166352506994e-05,5297,1,,5297,,,0.0,980099.19439872,111806.2489634467
reports/small_vehicle/cascade/gate_small_vehicle_effb0_identity.json,,identity,554466.800304128,61962.4157185317,0.43118746460260526,real,5319.691839488,2873.319636841188,0.9974126778783958,gate_small_vehicle_effb0,0.46412954929856043,0.4391344576678388,0.20723212517884257,0.39498189857417837,0.3307622146014049,0.24061909004454318,0.1354005908957934,0.053243036149086764,0.012710440880293418,0.0013201320132013201,1.984166352506994e-05,3013,1,,5297,,,0.05,559786.492143616,64835.73535537289
reports/small_vehicle/cascade/gate_small_vehicle_effb0_identity.json,,identity,509932.792446976,56985.680038516875,0.4768737020955258,real,5319.691839488,2873.319636841188,0.9915912031047865,gate_small_vehicle_effb0,0.4640709573129311,0.43929161917828013,0.20734703098154766,0.395208394236625,0.33110506909108617,0.2408845782661097,0.13555205239481272,0.05329631229322376,0.012721353365681736,0.0013201320132013201,1.984166352506994e-05,2771,1,,5297,,,0.1,515252.484286464,59858.99967535806
reports/small_vehicle/cascade/gate_small_vehicle_effb0_identity.json,,identity,481961.018916864,53859.79647090426,0.505569190107608,real,5319.691839488,2873.319636841188,0.982535575679172,gate_small_vehicle_effb0,0.4631203579357228,0.43331113790153175,0.20650275913303912,0.3945616678131861,0.3304421770729066,0.24063078471402818,0.1355644982629901,0.053325576745024604,0.012731417208274238,0.0013201320132013201,1.984166352506994e-05,2619,1,,5297,,,0.15000000000000002,487280.710756352,56733.116107745445
reports/small_vehicle/cascade/gate_small_vehicle_effb0_identity.json,,identity,454173.27021260804,50754.477926762775,0.5340758920143478,real,5319.691839488,2873.319636841188,0.9689521345407504,gate_small_vehicle_effb0,0.4628480757051219,0.43324342098291796,0.2065159478833393,0.39461113848098944,0.3305948479337355,0.24078885835897323,0.13563806600431527,0.053355171989140644,0.012739925701472279,0.0013201320132013201,1.984166352506994e-05,2468,1,,5297,,,0.2,459492.96205209603,53627.79756360396
reports/small_vehicle/cascade/gate_small_vehicle_effb0_identity.json,,identity,427673.695289344,47793.11454691924,0.5612610911836888,real,5319.691839488,2873.319636841188,0.9592496765847348,gate_small_vehicle_effb0,0.4572353006938167,0.43310034699925726,0.20554247343488913,0.3944508822129349,0.33042391714999064,0.23716319074768782,0.13563975543309315,0.053327612601616364,0.01274375483376778,0.0013201320132013201,1.984166352506994e-05,2324,1,,5297,,,0.25,432993.387128832,50666.43418376043
reports/small_vehicle/cascade/gate_small_vehicle_effb0_identity.json,,identity,403566.443102208,45099.09647220047,0.5859920709835755,real,5319.691839488,2873.319636841188,0.9476067270375161,gate_small_vehicle_effb0,0.4571659263863791,0.4330066423186592,0.20549617912963597,0.3943637287433895,0.33035267172221516,0.23710177169901195,0.1355760727472578,0.05331126305314721,0.012743661103844643,0.0013201320132013201,1.992150925354105e-05,2193,1,,5297,,,0.30000000000000004,408886.134941696,47972.41610904166
reports/small_vehicle/cascade/gate_small_vehicle_effb0_identity.json,,identity,376882.843353088,42117.1680688858,0.6133660562582595,real,5319.691839488,2873.319636841188,0.925614489003881,gate_small_vehicle_effb0,0.455155474131111,0.4309225129321626,0.20353038313307467,0.3875296144654307,0.3242367363684791,0.23593373608571958,0.13493534709330487,0.05309752756957137,0.012152829162512794,0.0013201320132013201,1.992150925354105e-05,2048,1,,5297,,,0.35000000000000003,382202.535192576,44990.48770572699
reports/small_vehicle/cascade/gate_small_vehicle_effb0_identity.json,,identity,356272.062857216,39813.88544011861,0.6345101000566358,real,5319.691839488,2873.319636841188,0.9087968952134541,gate_small_vehicle_effb0,0.4482812193196489,0.4245802246228981,0.20194685324444467,0.38650529440021747,0.3234998993593435,0.23543729855760023,0.1346783170641803,0.052999665819586685,0.01214655977851631,0.0013201320132013201,1.992150925354105e-05,1936,1,,5297,,,0.4,361591.754696704,42687.2050769598
reports/small_vehicle/cascade/gate_small_vehicle_effb0_identity.json,,identity,333452.984451072,37263.82252969779,0.657919577119124,real,5319.691839488,2873.319636841188,0.8809831824062095,gate_small_vehicle_effb0,0.44749322124954016,0.42390088165767287,0.2016296786528991,0.3859120754982727,0.32298101049219585,0.2350997040876408,0.1344636513065086,0.052962922410681346,0.012143185813077021,0.0013201320132013201,2.0002000200020003e-05,1812,1,,5297,,,0.45,338772.67629056,40137.14216653898
reports/small_vehicle/cascade/gate_small_vehicle_effb0_identity.json,,identity,310633.906044928,34713.75961927697,0.6813290541816122,real,5319.691839488,2873.319636841188,0.851875808538163,gate_small_vehicle_effb0,0.4466631747360584,0.42325269019025624,0.20058196521711644,0.38046602977466193,0.3226038421195326,0.2347878790259938,0.13168042228195592,0.05288867567937227,0.012136723205914636,0.0013201320132013201,2.008314421705862e-05,1688,1,,5297,,,0.5,315953.597884416,37587.07925611816
reports/small_vehicle/cascade/gate_small_vehicle_effb0_identity.json,,identity,290943.249678336,32513.302107865456,0.7015291674532754,real,5319.691839488,2873.319636841188,0.8247089262613195,gate_small_vehicle_effb0,0.4403039060473175,0.41712297162629264,0.19810427961895583,0.3798173756974552,0.3173789501084983,0.23047139753623624,0.13131364741354468,0.051171837834755506,0.01212245394864086,0.0013201320132013201,2.0123963615873785e-05,1581,1,,5297,,,0.55,296262.941517824,35386.621744706645
reports/small_vehicle/cascade/gate_small_vehicle_effb0_identity.json,,identity,271988.692615168,30395.104690338485,0.720974136303568,real,5319.691839488,2873.319636841188,0.7904269081500647,gate_small_vehicle_effb0,0.43865731936914626,0.41550674785611463,0.19729920995220812,0.3782575947737181,0.3159743582548795,0.2294258477967957,0.13071295881632702,0.051018341008618705,0.012098675669664294,0.0013201320132013201,2.0123963615873785e-05,1478,1,,5297,,,0.6000000000000001,277308.384454656,33268.42432717967
reports/small_vehicle/cascade/gate_small_vehicle_effb0_identity.json,,identity,252850.11072614402,28256.342249340378,0.7406078912592033,real,5319.691839488,2873.319636841188,0.7535575679172057,gate_small_vehicle_effb0,0.43240020147223335,0.40934642835482477,0.19536857447431225,0.3725646748549314,0.31550812909756826,0.22913067880966642,0.13039280581926818,0.050911147266594105,0.012091423091218587,0.0013201320132013201,2.0123963615873785e-05,1374,1,,5297,,,0.65,258169.802565632,31129.661886181566
reports/small_vehicle/cascade/gate_small_vehicle_effb0_identity.json,,identity,230399.081971712,25747.40938586183,0.7636397961110062,real,5319.691839488,2873.319636841188,0.704398447606727,gate_small_vehicle_effb0,0.43162286571116787,0.4086522393524363,0.19450278228919388,0.371911504411996,0.3101257958668218,0.22843440751558378,0.13005532401138092,0.05080644465487037,0.012078944405195007,0.0013201320132013201,2.0164949285152545e-05,1252,1,,5297,,,0.7000000000000001,235718.7738112,28620.729022703017
reports/small_vehicle/cascade/gate_small_vehicle_effb0_identity.json,,identity,207948.05321728002,23238.47652238328,0.7866717009628091,real,5319.691839488,2873.319636841188,0.6539456662354464,gate_small_vehicle_effb0,0.41500587384560045,0.39236014641999456,0.18695726899437268,0.35625939461253125,0.3010034823947204,0.216690573140233,0.12496395456841837,0.049980989562336514,0.01196789596317558,0.0013201320132013201,2.0247423515357673e-05,1130,1,,5297,,,0.75,213267.745056768,26111.79615922447
reports/small_vehicle/cascade/gate_small_vehicle_effb0_identity.json,,identity,179424.2052096,20050.897884357255,0.8159335472909194,real,5319.691839488,2873.319636841188,0.5789133247089263,gate_small_vehicle_effb0,0.39753120342612236,0.3752894993152682,0.17933627683211315,0.3456458357238606,0.2859460263403621,0.20851821247403923,0.11965869526625844,0.047473990397778144,0.011913024507976286,0.0013656538067599864,2.0627062706270627e-05,975,1,,5297,,,0.8,184743.897049088,22924.217521198443
reports/small_vehicle/cascade/gate_small_vehicle_effb0_identity.json,,identity,153476.704763904,17151.22957492713,0.8425523881442326,real,5319.691839488,2873.319636841188,0.5077619663648124,gate_small_vehicle_effb0,0.37591885889158744,0.3604411982664955,0.17037837330648659,0.325411642862574,0.27265190368389136,0.19732464945655395,0.11461501350673159,0.04472940380350969,0.011085286295368339,0.0015841584158415843,2.161788231224869e-05,834,1,,5297,,,0.8500000000000001,158796.396603392,20024.549211768317
reports/small_vehicle/cascade/gate_small_vehicle_effb0_identity.json,,identity,112991.243075584,12626.924411277287,0.8840853313196149,real,5319.691839488,2873.319636841188,0.3874514877102199,gate_small_vehicle_effb0,0.32609600917732207,0.31184513459877633,0.14851399838625282,0.2848541749560107,0.23514421675102737,0.1707080728537852,0.09964438426475627,0.04114377324408171,0.01411615131536124,0.001563314226159458,2.4752475247524754e-05,614,1,,5297,,,0.9,118310.93491507201,15500.244048118475
reports/small_vehicle/cascade/gate_small_vehicle_effb0_identity.json,,identity,78762.625466368,8801.830045646057,0.9191995469133472,real,5319.691839488,2873.319636841188,0.2723156532988357,gate_small_vehicle_effb0,0.2731458048402873,0.25989620211842024,0.12459155206201944,0.23476244249665007,0.2018668382083764,0.14310165274058612,0.08386401084516537,0.034670157101596176,0.01272619279716564,0.0018564356435643563,2.578382838283828e-05,428,1,,5297,,,0.9500000000000001,84082.317305856,11675.149682487245
reports/small_vehicle/cascade/gate_small_vehicle_effb0_identity.json,,identity,0.0,0.0,1.0,real,5319.691839488,2873.319636841188,0.0,gate_small_vehicle_effb0,0.0,0.0,0.0,0.0,0.0,0.0,0.0,0.0,0.0,0.0,0.0,0,1,,5297,,,1.0,5319.691839488,2873.319636841188
reports/small_vehicle/cascade/gate_small_vehicle_effb0_isotonic.json,,isotonic,974779.5025592321,108932.92932660552,0.0,real,5319.691839488,2873.319636841188,1.0,gate_small_vehicle_effb0,0.4640968890620591,0.43910596728508766,0.20722060920552127,0.3949620226890202,0.3307467165486183,0.24060830106707817,0.13539693832795577,0.053239546028309596,0.012709737370357202,0.0013201320132013201,1.984166352506994e-05,5297,1,,5297,,,0.0,980099.19439872,111806.2489634467
reports/small_vehicle/cascade/gate_small_vehicle_effb0_isotonic.json,,isotonic,511773.040705536,57191.33027322823,0.4749858410420993,real,5319.691839488,2873.319636841188,0.9922380336351876,gate_small_vehicle_effb0,0.46413210737464305,0.43925614512093464,0.207302374340663,0.39510937525091194,0.3309521801037778,0.24076820715607056,0.13547911378728567,0.05326987245319835,0.012716768483081509,0.0013201320132013201,1.984166352506994e-05,2781,1,,5297,,,0.05,517092.732545024,60064.64991006942
reports/small_vehicle/cascade/gate_small_vehicle_effb0_isotonic.json,,isotonic,490058.111254528,54764.657503634226,0.49726260147253165,real,5319.691839488,2873.319636841188,0.9857697283311773,gate_small_vehicle_effb0,0.46323688569868376,0.43841567622839206,0.20697556781820148,0.394439771343913,0.33028504140805665,0.24050359119248801,0.135502447401387,0.05330464976378993,0.012727641468577612,0.0013201320132013201,1.984166352506994e-05,2663,1,,5297,,,0.1,495377.803094016,57637.977140475414
reports/small_vehicle/cascade/gate_small_vehicle_effb0_isotonic.json,,isotonic,411663.535439872,46003.95750493044,0.5776854823484991,real,5319.691839488,2873.319636841188,0.9527813712807245,gate_small_vehicle_effb0,0.45723936636758106,0.4330823352853492,0.20554919312965342,0.3944676706835029,0.3304470625547077,0.23718412379525053,0.13565401707050084,0.053331505374417255,0.01274587648849828,0.0013201320132013201,1.984166352506994e-05,2237,1,,5297,,,0.15000000000000002,416983.22727936,48877.27714177163
reports/small_vehicle/cascade/gate_small_vehicle_effb0_isotonic.json,,isotonic,403382.418276352,45078.531448729336,0.5861808570889182,real,5319.691839488,2873.319636841188,0.9476067270375161,gate_small_vehicle_effb0,0.4571659263863791,0.4330066423186592,0.20549617912963597,0.3943637287433895,0.33035267172221516,0.23710177169901195,0.1355760727472578,0.05331126305314721,0.012743661103844643,0.0013201320132013201,1.992150925354105e-05,2192,1,,5297,,,0.2,408702.11011584,47951.851085570524
reports/small_vehicle/cascade/gate_small_vehicle_effb0_isotonic.json,,isotonic,360136.584200192,40245.75093301246,0.6305455918444403,real,5319.691839488,2873.319636841188,0.9146183699870634,gate_small_vehicle_effb0,0.4484154795656758,0.42461765946037044,0.201963032045151,0.386527624992815,0.3234797787404667,0.23543003200734383,0.13467184990821593,0.05300217153323373,0.012145670720933885,0.0013201320132013201,1.992150925354105e-05,1957,1,,5297,,,0.25,365456.27603968,43119.07056985365
reports/small_vehicle/cascade/gate_small_vehicle_effb0_isotonic.json,,isotonic,360136.584200192,40245.75093301246,0.6305455918444403,real,5319.691839488,2873.319636841188,0.9146183699870634,gate_small_vehicle_effb0,0.4484154795656758,0.42461765946037044,0.201963032045151,0.386527624992815,0.3234797787404667,0.23543003200734383,0.13467184990821593,0.05300217153323373,0.012145670720933885,0.0013201320132013201,1.992150925354105e-05,1957,1,,5297,,,0.30000000000000004,365456.27603968,43119.07056985365
reports/small_vehicle/cascade/gate_small_vehicle_effb0_isotonic.json,,isotonic,345782.647783424,38641.67910226388,0.6452709080611667,real,5319.691839488,2873.319636841188,0.8984476067270375,gate_small_vehicle_effb0,0.44805003304231694,0.4243808070014614,0.20186274027980605,0.3863139563607345,0.32337319911060974,0.23535716372945978,0.13467584681548048,0.05298994304411915,0.01214640017142384,0.0013201320132013201,1.992150925354105e-05,1879,1,,5297,,,0.35000000000000003,351102.339622912,41514.99873910507
reports/small_vehicle/cascade/gate_small_vehicle_effb0_isotonic.json,,isotonic,288182.877290496,32204.82675579842,0.7043609590334152,real,5319.691839488,2873.319636841188,0.8234152652005174,gate_small_vehicle_effb0,0.4403112595429055,0.4171258448666618,0.1980976590831967,0.3798046555141517,0.31735986713045766,0.23044747948582253,0.1312923988365142,0.051173156335873715,0.01212167314276286,0.0013201320132013201,2.0123963615873785e-05,1566,1,,5297,,,0.4,293502.569129984,35078.14639263961
reports/small_vehicle/cascade/gate_small_vehicle_effb0_isotonic.json,,isotonic,282110.05803724803,31526.180981250945,0.7105909005097225,real,5319.691839488,2873.319636841188,0.814359637774903,gate_small_vehicle_effb0,0.4400629972454285,0.41689810234046537,0.19798591231500262,0.37957753755868373,0.31719616880484053,0.23031708853882218,0.13119039469846702,0.05115300368486143,0.012123574301640391,0.0013201320132013201,2.0123963615873785e-05,1533,1,,5297,,,0.45,287429.749876736,34399.500618092134
reports/small_vehicle/cascade/gate_small_vehicle_effb0_isotonic.json,,isotonic,282110.05803724803,31526.180981250945,0.7105909005097225,real,5319.691839488,2873.319636841188,0.814359637774903,gate_small_vehicle_effb0,0.4400629972454285,0.41689810234046537,0.19798591231500262,0.37957753755868373,0.31719616880484053,0.23031708853882218,0.13119039469846702,0.05115300368486143,0.012123574301640391,0.0013201320132013201,2.0123963615873785e-05,1533,1,,5297,,,0.5,287429.749876736,34399.500618092134
reports/small_vehicle/cascade/gate_small_vehicle_effb0_isotonic.json,,isotonic,281742.008385536,31485.050934308674,0.7109684727204078,real,5319.691839488,2873.319636841188,0.8137128072445019,gate_small_vehicle_effb0,0.4400649667847816,0.41689719947052073,0.19798541950340554,0.3795762916786651,0.3171920410434183,0.2303147826733216,0.131191695756224,0.05115335483526016,0.01212360681504686,0.0013201320132013201,2.0123963615873785e-05,1531,1,,5297,,,0.55,287061.700225024,34358.37057114986
reports/small_vehicle/cascade/gate_small_vehicle_effb0_isotonic.json,,isotonic,256530.607243264,28667.64271876309,0.7368321691523504,real,5319.691839488,2873.319636841188,0.7639068564036222,gate_small_vehicle_effb0,0.43860123543213414,0.41530702457651253,0.19662940909493856,0.37277894281254376,0.3156816881084589,0.22914314386693757,0.1304428365930508,0.05091146319381811,0.012087500389112596,0.0013201320132013201,2.0123963615873785e-05,1394,1,,5297,,,0.6000000000000001,261850.299082752,31540.96235560428
reports/small_vehicle/cascade/gate_small_vehicle_effb0_isotonic.json,,isotonic,207027.929088,23135.651405027602,0.7876156314895224,real,5319.691839488,2873.319636841188,0.6526520051746443,gate_small_vehicle_effb0,0.41479881587327416,0.3922492221042031,0.1869103261118062,0.3561976652211361,0.30094228563662134,0.2166611784324611,0.12497084764718216,0.049973696682083665,0.011969170084383604,0.0013201320132013201,2.0247423515357673e-05,1125,1,,5297,,,0.65,212347.620927488,26008.97104186879
reports/small_vehicle/cascade/gate_small_vehicle_effb0_isotonic.json,,isotonic,207027.929088,23135.651405027602,0.7876156314895224,real,5319.691839488,2873.319636841188,0.6526520051746443,gate_small_vehicle_effb0,0.41479881587327416,0.3922492221042031,0.1869103261118062,0.3561976652211361,0.30094228563662134,0.2166611784324611,0.12497084764718216,0.049973696682083665,0.011969170084383604,0.0013201320132013201,2.0247423515357673e-05,1125,1,,5297,,,0.7000000000000001,212347.620927488,26008.97104186879
reports/small_vehicle/cascade/gate_small_vehicle_effb0_isotonic.json,,isotonic,207027.929088,23135.651405027602,0.7876156314895224,real,5319.691839488,2873.319636841188,0.6526520051746443,gate_small_vehicle_effb0,0.41479881587327416,0.3922492221042031,0.1869103261118062,0.3561976652211361,0.30094228563662134,0.2166611784324611,0.12497084764718216,0.049973696682083665,0.011969170084383604,0.0013201320132013201,2.0247423515357673e-05,1125,1,,5297,,,0.75,212347.620927488,26008.97104186879
reports/small_vehicle/cascade/gate_small_vehicle_effb0_isotonic.json,,isotonic,149244.13376921602,16678.23403509101,0.8468944685671135,real,5319.691839488,2873.319636841188,0.49676584734799484,gate_small_vehicle_effb0,0.3754675976153808,0.35359723436792795,0.16948675107105673,0.3250878927462992,0.2723115935054925,0.19706903478377205,0.11421332967554507,0.04450079467951431,0.011014162223208331,0.0015841584158415843,2.1712697585548027e-05,811,1,,5297,,,0.8,154563.825608704,19551.553671932197
reports/small_vehicle/cascade/gate_small_vehicle_effb0_isotonic.json,,isotonic,123848.707801088,13840.26079607429,0.8729469511043987,real,5319.691839488,2873.319636841188,0.4217335058214748,gate_small_vehicle_effb0,0.34157304924556875,0.31994508464593463,0.1536553693783352,0.2926499370764449,0.24837462264886465,0.1769750713952029,0.10383701462623711,0.041267712255810426,0.010185772776512808,0.0017219113215669393,2.3517791209049648e-05,673,1,,5297,,,0.8500000000000001,129168.39964057601,16713.580432915478
reports/small_vehicle/cascade/gate_small_vehicle_effb0_isotonic.json,,isotonic,122192.484368384,13655.175584834069,0.8746460260524825,real,5319.691839488,2873.319636841188,0.4165588615782665,gate_small_vehicle_effb0,0.33508275703922485,0.3206290126065675,0.15233587314617225,0.2932433260415522,0.24314826387541982,0.17734008611148244,0.1005851496756778,0.0413814553482956,0.010203251650726278,0.0017219113215669393,2.3517791209049648e-05,664,1,,5297,,,0.9,127512.176207872,16528.495221675257
reports/small_vehicle/cascade/gate_small_vehicle_effb0_isotonic.json,,isotonic,91276.313624576,10200.25164168328,0.9063620917500472,real,5319.691839488,2873.319636841188,0.3163001293661061,gate_small_vehicle_effb0,0.2921299041789132,0.2784851179774553,0.13354124019936758,0.2526217226870557,0.21191139801045236,0.15678548087612704,0.0897453172848193,0.03807463541006729,0.013886139605194352,0.0017472335468841002,2.5452416706966323e-05,496,1,,5297,,,0.9500000000000001,96596.005464064,13073.571278524469
reports/small_vehicle/cascade/gate_small_vehicle_effb0_isotonic.json,,isotonic,21898.954276864002,2447.237793065142,0.9775344534642251,real,5319.691839488,2873.319636841188,0.07697283311772316,gate_small_vehicle_effb0,0.10494296657413481,0.1033585939888059,0.05015908830534597,0.09180896866014132,0.0782163992034767,0.06142980773182793,0.03737995143114349,0.019130326285869158,0.004703628170125982,0.0006188118811881188,1.429126746392884e-06,119,1,,5297,,,1.0,27218.646116352003,5320.55742990633
reports/small_vehicle/cascade/gate_small_vehicle_effb0_platt.json,,platt,974779.5025592321,108932.92932660552,0.0,real,5319.691839488,2873.319636841188,1.0,gate_small_vehicle_effb0,0.4640968890620591,0.43910596728508766,0.20722060920552127,0.3949620226890202,0.3307467165486183,0.24060830106707817,0.13539693832795577,0.053239546028309596,0.012709737370357202,0.0013201320132013201,1.984166352506994e-05,5297,1,,5297,,,0.0,980099.19439872,111806.2489634467
reports/small_vehicle/cascade/gate_small_vehicle_effb0_platt.json,,platt,511957.065531392,57211.89529669937,0.4747970549367566,real,5319.691839488,2873.319636841188,0.9922380336351876,gate_small_vehicle_effb0,0.46413210737464305,0.43925614512093464,0.207302374340663,0.39510937525091194,0.3309521801037778,0.24076820715607056,0.13547911378728567,0.05326987245319835,0.012716768483081509,0.0013201320132013201,1.984166352506994e-05,2782,1,,5297,,,0.05,517276.75737088,60085.214933540556
reports/small_vehicle/cascade/gate_small_vehicle_effb0_platt.json,,platt,469079.281106944,52420.24482792476,0.5187842174815933,real,5319.691839488,2873.319636841188,0.9747736093143596,gate_small_vehicle_effb0,0.46277480128964804,0.4332011299518314,0.20648741753603178,0.39455730377178927,0.3305436570107434,0.2407492237934509,0.13562194802985586,0.053349218801328736,0.012736919034943683,0.0013201320132013201,1.984166352506994e-05,2549,1,,5297,,,0.1,474398.972946432,55293.56446476595
reports/small_vehicle/cascade/gate_small_vehicle_effb0_platt.json,,platt,434114.564194304,48512.89036840899,0.5546535774966963,real,5319.691839488,2873.319636841188,0.963130659767141,gate_small_vehicle_effb0,0.463111666050877,0.4334341182383894,0.20660538532250544,0.3947747630565573,0.33072079747839844,0.2408852831088972,0.13567349508597581,0.05336833469866572,0.012745421830566886,0.0013201320132013201,1.984166352506994e-05,2359,1,,5297,,,0.15000000000000002,439434.256033792,51386.21000525018
reports/small_vehicle/cascade/gate_small_vehicle_effb0_platt.json,,platt,405038.64170905604,45263.61665996956,0.5844817821408345,real,5319.691839488,2873.319636841188,0.9482535575679172,gate_small_vehicle_effb0,0.4572410895557703,0.43307330858140974,0.20553932967950783,0.3944638529673331,0.33042680927333035,0.23716988161512095,0.1356303826493343,0.05330655221525069,0.012741406418104301,0.0013201320132013201,1.9881506222911447e-05,2201,1,,5297,,,0.2,410358.33354854403,48136.936296810745
reports/small_vehicle/cascade/gate_small_vehicle_effb0_platt.json,,platt,375042.595094528,41911.51783417445,0.6152539173116859,real,5319.691839488,2873.319636841188,0.9217335058214747,gate_small_vehicle_effb0,0.45477032026549585,0.4253497407355805,0.20287288387410757,0.38728347072317154,0.32406077009181794,0.23581074498933577,0.13489282253416482,0.05307186260046263,0.012149053278591782,0.0013201320132013201,1.992150925354105e-05,2038,1,,5297,,,0.25,380362.286934016,44784.837471015635
reports/small_vehicle/cascade/gate_small_vehicle_effb0_platt.json,,platt,354983.889076224,39669.93027582066,0.6358316027940343,real,5319.691839488,2873.319636841188,0.907503234152652,gate_small_vehicle_effb0,0.4482747413623244,0.4245705884045979,0.20194074958529087,0.38649823768248304,0.323488750001287,0.235427361885492,0.13467020806541855,0.05299259269021628,0.01214496223863472,0.0013201320132013201,1.992150925354105e-05,1929,1,,5297,,,0.30000000000000004,360303.580915712,42543.24991266185
reports/small_vehicle/cascade/gate_small_vehicle_effb0_platt.json,,platt,330508.587237376,36934.78215415962,0.6609401548046063,real,5319.691839488,2873.319636841188,0.8764553686934023,gate_small_vehicle_effb0,0.44718450386546793,0.42380373655669934,0.20161556480483017,0.38596310321022675,0.32307109533249573,0.2351636244933471,0.13451502913879299,0.0529697521471821,0.012144669290687915,0.0013201320132013201,2.0002000200020003e-05,1796,1,,5297,,,0.35000000000000003,335828.279076864,39808.10179100081
reports/small_vehicle/cascade/gate_small_vehicle_effb0_platt.json,,platt,310633.906044928,34713.75961927697,0.6813290541816122,real,5319.691839488,2873.319636841188,0.851875808538163,gate_small_vehicle_effb0,0.4466631747360584,0.42325269019025624,0.20058196521711644,0.38046602977466193,0.3226038421195326,0.2347878790259938,0.13168042228195592,0.05288867567937227,0.012136723205914636,0.0013201320132013201,2.008314421705862e-05,1688,1,,5297,,,0.4,315953.597884416,37587.07925611816
reports/small_vehicle/cascade/gate_small_vehicle_effb0_platt.json,,platt,292967.522762752,32739.51736604795,0.6994525202945063,real,5319.691839488,2873.319636841188,0.8279430789133247,gate_small_vehicle_effb0,0.44045915625487114,0.41727403535550917,0.19818203540806273,0.37998732824896625,0.3175272755369844,0.2305437134670255,0.13138704597744344,0.05117959714273228,0.012121986939676671,0.0013201320132013201,2.008314421705862e-05,1592,1,,5297,,,0.45,298287.21460224,35612.83700288914
reports/small_vehicle/cascade/gate_small_vehicle_effb0_platt.json,,platt,276037.238784,30847.53520670347,0.7168208419860298,real,5319.691839488,2873.319636841188,0.8007761966364813,gate_small_vehicle_effb0,0.43998747383482695,0.4168155758050737,0.19792468473625233,0.37948235733514174,0.3170897035066702,0.2302045107635843,0.13112136692273224,0.05109318464455457,0.012112418573122473,0.0013201320132013201,2.0123963615873785e-05,1500,1,,5297,,,0.5,281356.930623488,33720.85484354466
reports/small_vehicle/cascade/gate_small_vehicle_effb0_platt.json,,platt,259659.02928281602,29017.248117772397,0.7336228053615255,real,5319.691839488,2873.319636841188,0.7671410090556274,gate_small_vehicle_effb0,0.43857701693212314,0.41531122172233564,0.19664117069861525,0.3727855940725785,0.31570524046784654,0.22917595706441296,0.1304865076841458,0.050934261933400504,0.012095651132491931,0.0013201320132013201,2.0123963615873785e-05,1411,1,,5297,,,0.55,264978.72112230404,31890.567754613585
reports/small_vehicle/cascade/gate_small_vehicle_effb0_platt.json,,platt,243648.86943334402,27228.091075783595,0.7500471965263357,real,5319.691839488,2873.319636841188,0.7322121604139715,gate_small_vehicle_effb0,0.43198306423021826,0.40902344214489506,0.19471527479169926,0.3723319583462636,0.31049944461483003,0.22887971937400872,0.1302064722427777,0.050809680357781474,0.012078669643731242,0.0013201320132013201,2.0164949285152545e-05,1324,1,,5297,,,0.6000000000000001,248968.561272832,30101.410712624784
reports/small_vehicle/cascade/gate_small_vehicle_effb0_platt.json,,platt,225614.436499456,25212.718775612302,0.7685482348499151,real,5319.691839488,2873.319636841188,0.6914618369987063,gate_small_vehicle_effb0,0.43154516625124784,0.40851861333023026,0.19398104690253737,0.3716888851336435,0.30993768645044345,0.2241645214279584,0.12982978621795593,0.050728247319777195,0.012057183457400528,0.0013201320132013201,2.0247423515357673e-05,1226,1,,5297,,,0.65,230934.128338944,28086.03841245349
reports/small_vehicle/cascade/gate_small_vehicle_effb0_platt.json,,platt,207764.028391424,23217.911498912144,0.7868604870681518,real,5319.691839488,2873.319636841188,0.6539456662354464,gate_small_vehicle_effb0,0.4150317101756317,0.3923828984374116,0.18696676934265347,0.356276933709474,0.30101807137315145,0.21669874045330675,0.12496846979211178,0.04998244893571603,0.011968041113014867,0.0013201320132013201,2.0247423515357673e-05,1129,1,,5297,,,0.7000000000000001,213083.720230912,26091.231135753333
reports/small_vehicle/cascade/gate_small_vehicle_effb0_platt.json,,platt,186601.173417984,20852.933799731545,0.8085708891825562,real,5319.691839488,2873.319636841188,0.5970245795601552,gate_small_vehicle_effb0,0.3977783205940153,0.38176905135263256,0.18063175060544095,0.34597522913092676,0.29137549662826395,0.20874677459774255,0.11982408426236221,0.04754123410533565,0.011921120103136373,0.0013656538067599864,2.0541473234460376e-05,1014,1,,5297,,,0.75,191920.865257472,23726.253436572733
reports/small_vehicle/cascade/gate_small_vehicle_effb0_platt.json,,platt,166358.442573824,18590.781217906624,0.8293373607702473,real,5319.691839488,2873.319636841188,0.5433376455368694,gate_small_vehicle_effb0,0.38846589541446075,0.3663666675750906,0.1741025085568904,0.331215146926264,0.27806136541984633,0.20215872932937212,0.11512511114400951,0.04688696847255135,0.011139565669517465,0.0015841584158415843,2.1477201950129936e-05,904,1,,5297,,,0.8,171678.134413312,21464.100854747812
reports/small_vehicle/cascade/gate_small_vehicle_effb0_platt.json,,platt,141883.140734976,15855.633096245583,0.8544459127808193,real,5319.691839488,2873.319636841188,0.47283311772315656,gate_small_vehicle_effb0,0.35840507937191135,0.34352885225510327,0.1629787283130368,0.3090456347050427,0.26351665525726375,0.1897967327804899,0.1095489540853661,0.04412375475116473,0.010215410305291746,0.0015841584158415843,2.205120289311782e-05,771,1,,5297,,,0.8500000000000001,147202.832574464,18728.95273308677
reports/small_vehicle/cascade/gate_small_vehicle_effb0_platt.json,,platt,109862.82103603201,12277.31901226798,0.8872946951104399,real,5319.691839488,2873.319636841188,0.37710219922380334,gate_small_vehicle_effb0,0.32451522174103953,0.30288192176122336,0.14605921809163777,0.2761437203519569,0.2330703244348326,0.1691779456980319,0.09846936483784179,0.040735821765148096,0.014009793624896627,0.001563314226159458,2.4752475247524754e-05,597,1,,5297,,,0.9,115182.51287552001,15150.638649109169
reports/small_vehicle/cascade/gate_small_vehicle_effb0_platt.json,,platt,78762.625466368,8801.830045646057,0.9191995469133472,real,5319.691839488,2873.319636841188,0.2723156532988357,gate_small_vehicle_effb0,0.2731458048402873,0.25989620211842024,0.12459155206201944,0.23476244249665007,0.2018668382083764,0.14310165274058612,0.08386401084516537,0.034670157101596176,0.01272619279716564,0.0018564356435643563,2.578382838283828e-05,428,1,,5297,,,0.9500000000000001,84082.317305856,11675.149682487245
reports/small_vehicle/cascade/gate_small_vehicle_effb0_platt.json,,platt,0.0,0.0,1.0,real,5319.691839488,2873.319636841188,0.0,gate_small_vehicle_effb0,0.0,0.0,0.0,0.0,0.0,0.0,0.0,0.0,0.0,0.0,0.0,0,1,,5297,,,1.0,5319.691839488,2873.319636841188
reports/small_vehicle/cascade/gate_small_vehicle_effb0_temperature.json,,temperature,974779.5025592321,108932.92932660552,0.0,real,5319.691839488,2873.319636841188,1.0,gate_small_vehicle_effb0,0.4640968890620591,0.43910596728508766,0.20722060920552127,0.3949620226890202,0.3307467165486183,0.24060830106707817,0.13539693832795577,0.053239546028309596,0.012709737370357202,0.0013201320132013201,1.984166352506994e-05,5297,1,,5297,,,0.0,980099.19439872,111806.2489634467
reports/small_vehicle/cascade/gate_small_vehicle_effb0_temperature.json,,temperature,539376.7645839361,60276.08379389858,0.4466679252407023,real,5319.691839488,2873.319636841188,0.9954721862871928,gate_small_vehicle_effb0,0.46420567011324365,0.43920777130176486,0.20726221423873828,0.39503912665053204,0.33080514010851836,0.24065098971974036,0.1354143472515395,0.05324737993870523,0.012711743626612204,0.0013201320132013201,1.984166352506994e-05,2931,1,,5297,,,0.05,544696.4564234241,63149.40343073977
reports/small_vehicle/cascade/gate_small_vehicle_effb0_temperature.json,,temperature,497235.079462912,55566.693419008516,0.4898999433641684,real,5319.691839488,2873.319636841188,0.9864165588615783,gate_small_vehicle_effb0,0.4631646391192698,0.43834919508642345,0.2069494006302671,0.3943915093454167,0.33024905365735435,0.24047875536960506,0.13549310399353764,0.05330145929171297,0.012726316762624482,0.0013201320132013201,1.984166352506994e-05,2702,1,,5297,,,0.1,502554.7713024,58440.013055849704
reports/small_vehicle/cascade/gate_small_vehicle_effb0_temperature.json,,temperature,468527.20662937604,52358.549757511355,0.5193505757976213,real,5319.691839488,2873.319636841188,0.9741267787839586,gate_small_vehicle_effb0,0.46277104221672777,0.4332010415412787,0.2064866699806922,0.39455669517161285,0.3305433253945607,0.24074652738625152,0.13562194802985586,0.053349218801328736,0.01273692758857949,0.0013201320132013201,1.984166352506994e-05,2546,1,,5297,,,0.15000000000000002,473846.89846886403,55231.86939435254
reports/small_vehicle/cascade/gate_small_vehicle_effb0_temperature.json,,temperature,441659.5820544,49356.05633072555,0.5469133471776477,real,5319.691839488,2873.319636841188,0.9650711513583441,gate_small_vehicle_effb0,0.4630361813265036,0.43338817186176415,0.20658126351813005,0.39473665200104735,0.3306840688808988,0.24085648214784333,0.1356636233501569,0.053364242713124885,0.012743239223234858,0.0013201320132013201,1.984166352506994e-05,2400,1,,5297,,,0.2,446979.273893888,52229.37596756674
reports/small_vehicle/cascade/gate_small_vehicle_effb0_temperature.json,,temperature,417184.280215552,46620.90820906451,0.5720218991882198,real,5319.691839488,2873.319636841188,0.9540750323415266,gate_small_vehicle_effb0,0.4572267584475293,0.43307857490473994,0.20554194846708346,0.39445663895576466,0.3304218174702598,0.23717358187647,0.13564923942015059,0.05332809677570195,0.012744803143491688,0.0013201320132013201,1.984166352506994e-05,2267,1,,5297,,,0.25,422503.97205504,49494.2278459057
reports/small_vehicle/cascade/gate_small_vehicle_effb0_temperature.json,,temperature,392893.00320256,43906.325110874604,0.5969416650934491,real,5319.691839488,2873.319636841188,0.9372574385510997,gate_small_vehicle_effb0,0.45600132715338476,0.4317704820072551,0.20390959026158484,0.388289493723983,0.3249095607798048,0.236310404937196,0.1351444489345048,0.05317307724971897,0.012157054307546308,0.0013201320132013201,1.992150925354105e-05,2135,1,,5297,,,0.30000000000000004,398212.695042048,46779.64474771579
reports/small_vehicle/cascade/gate_small_vehicle_effb0_temperature.json,,temperature,369705.875144704,41315.13215351151,0.6207287143666227,real,5319.691839488,2873.319636841188,0.9184993531694696,gate_small_vehicle_effb0,0.4539608442768237,0.4245949931085039,0.2024989360735266,0.3864753045386867,0.32342728060987597,0.23539984904841155,0.1346429411840857,0.05300355673909966,0.0121445377073239,0.0013201320132013201,1.992150925354105e-05,2009,1,,5297,,,0.35000000000000003,375025.566984192,44188.4517903527
reports/small_vehicle/cascade/gate_small_vehicle_effb0_temperature.json,,temperature,352959.615991808,39443.71501763817,0.6379082499528035,real,5319.691839488,2873.319636841188,0.9062095730918499,gate_small_vehicle_effb0,0.4482550057903609,0.42455667860204443,0.2019314771057224,0.3864820832756645,0.3234611202048894,0.23540744642081196,0.1346706960148427,0.05299638542461364,0.012145301801541582,0.0013201320132013201,1.992150925354105e-05,1918,1,,5297,,,0.4,358279.307831296,42317.03465447936
reports/small_vehicle/cascade/gate_small_vehicle_effb0_temperature.json,,temperature,330324.56241152,36914.217130688485,0.661128940909949,real,5319.691839488,2873.319636841188,0.8764553686934023,gate_small_vehicle_effb0,0.4471974546544538,0.4238158102225121,0.2016209852949137,0.38597363164028814,0.3230796923188686,0.23516972267845124,0.13451789067724854,0.05297075261069534,0.012144764133217627,0.0013201320132013201,2.0002000200020003e-05,1795,1,,5297,,,0.45,335644.254251008,39787.53676752967
reports/small_vehicle/cascade/gate_small_vehicle_effb0_temperature.json,,temperature,310633.906044928,34713.75961927697,0.6813290541816122,real,5319.691839488,2873.319636841188,0.851875808538163,gate_small_vehicle_effb0,0.4466631747360584,0.42325269019025624,0.20058196521711644,0.38046602977466193,0.3226038421195326,0.2347878790259938,0.13168042228195592,0.05288867567937227,0.012136723205914636,0.0013201320132013201,2.008314421705862e-05,1688,1,,5297,,,0.5,315953.597884416,37587.07925611816
reports/small_vehicle/cascade/gate_small_vehicle_effb0_temperature.json,,temperature,293151.547588608,32760.082389519084,0.6992637341891637,real,5319.691839488,2873.319636841188,0.8279430789133247,gate_small_vehicle_effb0,0.44045915625487114,0.41727403535550917,0.19818203540806273,0.37998732824896625,0.3175272755369844,0.2305437134670255,0.13138704597744344,0.05117959714273228,0.012121986939676671,0.0013201320132013201,2.008314421705862e-05,1593,1,,5297,,,0.55,298471.239428096,35633.40202636027
reports/small_vehicle/cascade/gate_small_vehicle_effb0_temperature.json,,temperature,276037.238784,30847.53520670347,0.7168208419860298,real,5319.691839488,2873.319636841188,0.8007761966364813,gate_small_vehicle_effb0,0.43998747383482695,0.4168155758050737,0.19792468473625233,0.37948235733514174,0.3170897035066702,0.2302045107635843,0.13112136692273224,0.05109318464455457,0.012112418573122473,0.0013201320132013201,2.0123963615873785e-05,1500,1,,5297,,,0.6000000000000001,281356.930623488,33720.85484354466
reports/small_vehicle/cascade/gate_small_vehicle_effb0_temperature.json,,temperature,258002.805850112,28832.162906532176,0.7353218803096092,real,5319.691839488,2873.319636841188,0.7652005174644243,gate_small_vehicle_effb0,0.4385847156901787,0.41531395002283983,0.19663392442896604,0.37277741583282814,0.3156928571908545,0.2291525517873845,0.13046202178006677,0.05092347104313378,0.01209200496555702,0.0013201320132013201,2.0123963615873785e-05,1402,1,,5297,,,0.65,263322.4976896,31705.482543373364
reports/small_vehicle/cascade/gate_small_vehicle_effb0_temperature.json,,temperature,240336.422567936,26857.920653303154,0.7534453464225033,real,5319.691839488,2873.319636841188,0.7250970245795602,gate_small_vehicle_effb0,0.43186281301589174,0.40889112668346184,0.19464012797351873,0.3721727470256005,0.310351736402549,0.22871910879349489,0.1301454755418437,0.050833804570190405,0.012084170739668785,0.0013201320132013201,2.0164949285152545e-05,1306,1,,5297,,,0.7000000000000001,245656.114407424,29731.240290144342
reports/small_vehicle/cascade/gate_small_vehicle_effb0_temperature.json,,temperature,217885.39381350402,24348.987789824605,0.7764772512743062,real,5319.691839488,2873.319636841188,0.6739974126778784,gate_small_vehicle_effb0,0.424405495595424,0.4015996273532888,0.1915355023256121,0.36535727938642854,0.30940355909143114,0.22385850122499532,0.12665392068286543,0.05067759494777958,0.012058665537191598,0.0013201320132013201,2.0247423515357673e-05,1184,1,,5297,,,0.75,223205.085652992,27222.307426665793
reports/small_vehicle/cascade/gate_small_vehicle_effb0_temperature.json,,temperature,196538.51401420802,21963.44506717287,0.7983764394940532,real,5319.691839488,2873.319636841188,0.6228978007761966,gate_small_vehicle_effb0,0.4070108876161611,0.3908485803194121,0.18499984219840104,0.3547725097109778,0.2944802143236052,0.21563856433948175,0.12423597469544925,0.049671901918927654,0.011953720840660252,0.0013656538067599864,2.0414412575278145e-05,1068,1,,5297,,,0.8,201858.205853696,24836.76470401406
reports/small_vehicle/cascade/gate_small_vehicle_effb0_temperature.json,,temperature,166726.492225536,18631.911264848895,0.828959788559562,real,5319.691839488,2873.319636841188,0.5446313065976714,gate_small_vehicle_effb0,0.38849675374223475,0.3663987020508283,0.17412794932391717,0.3312507284740762,0.2781082925249277,0.2022239021243765,0.11513565593387633,0.04691663941092663,0.011143183360133447,0.0015841584158415843,2.1477201950129936e-05,906,1,,5297,,,0.8500000000000001,172046.184065024,21505.230901690084
reports/small_vehicle/cascade/gate_small_vehicle_effb0_temperature.json,,temperature,134154.098049024,14991.902110457886,0.8623749292052105,real,5319.691839488,2873.319636841188,0.4501940491591203,gate_small_vehicle_effb0,0.3488181181769687,0.32716737927029793,0.15666238640414676,0.29972311315053346,0.24915885535323823,0.18233399596310013,0.1042621530915504,0.043241039278619525,0.010173947043849331,0.0017219113215669393,2.335139174294788e-05,729,1,,5297,,,0.9,139473.789888512,17865.221747299074
reports/small_vehicle/cascade/gate_small_vehicle_effb0_temperature.json,,temperature,89436.065366016,9994.601406971924,0.9082499528034736,real,5319.691839488,2873.319636841188,0.30983182406209575,gate_small_vehicle_effb0,0.2917671142330929,0.27809860343279147,0.13337142964055865,0.25230320550085833,0.2116617390165803,0.15658363520853694,0.08961191428705466,0.03802235987511112,0.013893038887969812,0.0017472335468841002,2.5452416706966323e-05,486,1,,5297,,,0.9500000000000001,94755.75720550401,12867.921043813112
reports/small_vehicle/cascade/gate_small_vehicle_effb0_temperature.json,,temperature,0.0,0.0,1.0,real,5319.691839488,2873.319636841188,0.0,gate_small_vehicle_effb0,0.0,0.0,0.0,0.0,0.0,0.0,0.0,0.0,0.0,0.0,0.0,0,1,,5297,,,1.0,5319.691839488,2873.319636841188
reports/small_vehicle/cascade/gate_small_vehicle_mbv3large_context_adaptive.json,,context_adaptive,974779.5025592321,108932.92932660552,0.0,real,2971.0423814400006,1695.2160883956822,1.0,gate_small_vehicle_mbv3large,0.4640964488719977,0.4391056915396396,0.207220488761681,0.3949620501716081,0.33074682182796583,0.24060786373513912,0.135396789970095,0.053239510453280826,0.012709737370357202,0.0013201320132013201,1.984166352506994e-05,5297,1,,5297,,,0.0,977750.5449406721,110628.1454150012
reports/small_vehicle/cascade/gate_small_vehicle_mbv3large_context_adaptive.json,,context_adaptive,610410.347364352,68214.18285375694,0.3737964885784406,real,2971.0423814400006,1695.2160883956822,1.0,gate_small_vehicle_mbv3large,0.46409653626235914,0.43910612718319736,0.2072207574373298,0.3949620501716081,0.3307468975945087,0.24060813010443394,0.1353965551244907,0.05324155852091665,0.01270974573505696,0.0013201320132013201,1.984166352506994e-05,3317,1,,5297,,,0.05,613381.389745792,69909.39894215262
reports/small_vehicle/cascade/gate_small_vehicle_mbv3large_context_adaptive.json,,context_adaptive,610410.347364352,68214.18285375694,0.3737964885784406,real,2971.0423814400006,1695.2160883956822,1.0,gate_small_vehicle_mbv3large,0.46409653626235914,0.43910612718319736,0.2072207574373298,0.3949620501716081,0.3307468975945087,0.24060813010443394,0.1353965551244907,0.05324155852091665,0.01270974573505696,0.0013201320132013201,1.984166352506994e-05,3317,1,,5297,,,0.1,613381.389745792,69909.39894215262
reports/small_vehicle/cascade/gate_small_vehicle_mbv3large_context_adaptive.json,,context_adaptive,610410.347364352,68214.18285375694,0.3737964885784406,real,2971.0423814400006,1695.2160883956822,1.0,gate_small_vehicle_mbv3large,0.46409653626235914,0.43910612718319736,0.2072207574373298,0.3949620501716081,0.3307468975945087,0.24060813010443394,0.1353965551244907,0.05324155852091665,0.01270974573505696,0.0013201320132013201,1.984166352506994e-05,3317,1,,5297,,,0.15000000000000002,613381.389745792,69909.39894215262
reports/small_vehicle/cascade/gate_small_vehicle_mbv3large_context_adaptive.json,,context_adaptive,610410.347364352,68214.18285375694,0.3737964885784406,real,2971.0423814400006,1695.2160883956822,1.0,gate_small_vehicle_mbv3large,0.46409653626235914,0.43910612718319736,0.2072207574373298,0.3949620501716081,0.3307468975945087,0.24060813010443394,0.1353965551244907,0.05324155852091665,0.01270974573505696,0.0013201320132013201,1.984166352506994e-05,3317,1,,5297,,,0.2,613381.389745792,69909.39894215262
reports/small_vehicle/cascade/gate_small_vehicle_mbv3large_context_adaptive.json,,context_adaptive,610410.347364352,68214.18285375694,0.3737964885784406,real,2971.0423814400006,1695.2160883956822,1.0,gate_small_vehicle_mbv3large,0.46409653626235914,0.43910612718319736,0.2072207574373298,0.3949620501716081,0.3307468975945087,0.24060813010443394,0.1353965551244907,0.05324155852091665,0.01270974573505696,0.0013201320132013201,1.984166352506994e-05,3317,1,,5297,,,0.25,613381.389745792,69909.39894215262
reports/small_vehicle/cascade/gate_small_vehicle_mbv3large_context_adaptive.json,,context_adaptive,610410.347364352,68214.18285375694,0.3737964885784406,real,2971.0423814400006,1695.2160883956822,1.0,gate_small_vehicle_mbv3large,0.46409653626235914,0.43910612718319736,0.2072207574373298,0.3949620501716081,0.3307468975945087,0.24060813010443394,0.1353965551244907,0.05324155852091665,0.01270974573505696,0.0013201320132013201,1.984166352506994e-05,3317,1,,5297,,,0.30000000000000004,613381.389745792,69909.39894215262
reports/small_vehicle/cascade/gate_small_vehicle_mbv3large_context_adaptive.json,,context_adaptive,610410.347364352,68214.18285375694,0.3737964885784406,real,2971.0423814400006,1695.2160883956822,1.0,gate_small_vehicle_mbv3large,0.46409653626235914,0.43910612718319736,0.2072207574373298,0.3949620501716081,0.3307468975945087,0.24060813010443394,0.1353965551244907,0.05324155852091665,0.01270974573505696,0.0013201320132013201,1.984166352506994e-05,3317,1,,5297,,,0.35000000000000003,613381.389745792,69909.39894215262
reports/small_vehicle/cascade/gate_small_vehicle_mbv3large_context_adaptive.json,,context_adaptive,610410.347364352,68214.18285375694,0.3737964885784406,real,2971.0423814400006,1695.2160883956822,1.0,gate_small_vehicle_mbv3large,0.46409653626235914,0.43910612718319736,0.2072207574373298,0.3949620501716081,0.3307468975945087,0.24060813010443394,0.1353965551244907,0.05324155852091665,0.01270974573505696,0.0013201320132013201,1.984166352506994e-05,3317,1,,5297,,,0.4,613381.389745792,69909.39894215262
reports/small_vehicle/cascade/gate_small_vehicle_mbv3large_context_adaptive.json,,context_adaptive,610410.347364352,68214.18285375694,0.3737964885784406,real,2971.0423814400006,1695.2160883956822,1.0,gate_small_vehicle_mbv3large,0.46409653626235914,0.43910612718319736,0.2072207574373298,0.3949620501716081,0.3307468975945087,0.24060813010443394,0.1353965551244907,0.05324155852091665,0.01270974573505696,0.0013201320132013201,1.984166352506994e-05,3317,1,,5297,,,0.45,613381.389745792,69909.39894215262
reports/small_vehicle/cascade/gate_small_vehicle_mbv3large_context_adaptive.json,,context_adaptive,405590.716186624,45325.311730382964,0.5839154238248065,real,2971.0423814400006,1695.2160883956822,0.9501940491591203,gate_small_vehicle_mbv3large,0.4626332359154768,0.4325756697449194,0.20561649905394916,0.3937445108810438,0.32958659115652067,0.2361727564345336,0.13494095455184063,0.053027287841826296,0.012143970493905682,0.0013201320132013201,1.9881506222911447e-05,2204,1,,5297,,,0.5,408561.758568064,47020.527818778646
reports/small_vehicle/cascade/gate_small_vehicle_mbv3large_context_adaptive.json,,context_adaptive,355904.013205504,39772.75539317634,0.6348876722673211,real,2971.0423814400006,1695.2160883956822,0.9165588615782665,gate_small_vehicle_mbv3large,0.45516700527795656,0.430631693127556,0.20322859398868146,0.3869973230394735,0.32371339938255667,0.235190107546522,0.13434308936208977,0.052785365460441484,0.012117943170793852,0.0013201320132013201,1.9881506222911447e-05,1934,1,,5297,,,0.55,358875.055586944,41467.97148157202
reports/small_vehicle/cascade/gate_small_vehicle_mbv3large_context_adaptive.json,,context_adaptive,338237.629923328,37798.51313994732,0.6530111383802153,real,2971.0423814400006,1695.2160883956822,0.8978007761966365,gate_small_vehicle_mbv3large,0.4546805955532783,0.4302753222990901,0.20314158727946233,0.3868642967231074,0.3237162468237331,0.23521656974971286,0.13439448471120707,0.052811435140668196,0.012116908274401773,0.0013201320132013201,1.9881506222911447e-05,1838,1,,5297,,,0.6000000000000001,341208.672304768,39493.729228343
reports/small_vehicle/cascade/gate_small_vehicle_mbv3large_context_adaptive.json,,context_adaptive,328300.289327104,36688.00187250599,0.6632055880687182,real,2971.0423814400006,1695.2160883956822,0.8848641655886158,gate_small_vehicle_mbv3large,0.4546087804854054,0.43020371194802864,0.2031058523975143,0.38679165949460703,0.3236513654552721,0.23517250951653632,0.1343725387633149,0.052807434133471554,0.01211051065908229,0.0013201320132013201,1.9881506222911447e-05,1784,1,,5297,,,0.65,331271.331708544,38383.217960901675
reports/small_vehicle/cascade/gate_small_vehicle_mbv3large_context_adaptive.json,,context_adaptive,321491.370770432,35927.096004073974,0.6701906739663961,real,2971.0423814400006,1695.2160883956822,0.8771021992238034,gate_small_vehicle_mbv3large,0.4541501710409472,0.42477721692410886,0.20249859604002127,0.38670859284711495,0.3236412608413398,0.23516124059842902,0.13430648790799601,0.05278935873406726,0.012111617986785119,0.0013201320132013201,1.9881506222911447e-05,1747,1,,5297,,,0.7000000000000001,324462.413151872,37622.312092469656
reports/small_vehicle/cascade/gate_small_vehicle_mbv3large_context_adaptive.json,,context_adaptive,315786.601168896,35289.58027646877,0.6760430432320181,real,2971.0423814400006,1695.2160883956822,0.8673997412677878,gate_small_vehicle_mbv3large,0.4538773217045197,0.4246870632266243,0.2024644267003528,0.3866679331604716,0.32367572362643016,0.2351733482975845,0.13430784857895253,0.05280171972732522,0.012113295162195777,0.0013201320132013201,1.9881506222911447e-05,1716,1,,5297,,,0.75,318757.643550336,36984.79636486445
reports/small_vehicle/cascade/gate_small_vehicle_mbv3large_context_adaptive.json,,context_adaptive,307321.45917952,34343.58919679653,0.6847272040777799,real,2971.0423814400006,1695.2160883956822,0.8557567917205692,gate_small_vehicle_mbv3large,0.4481769951964278,0.4245498246122574,0.20184791799631654,0.3865786169239243,0.32358461343695394,0.23510790504618723,0.1342535739955509,0.05277489905575941,0.012112738176679898,0.0013201320132013201,1.9881506222911447e-05,1670,1,,5297,,,0.8,310292.50156096,36038.80528519221
reports/small_vehicle/cascade/gate_small_vehicle_mbv3large_context_adaptive.json,,context_adaptive,302536.813707264,33808.898586547,0.6896356428166888,real,2971.0423814400006,1695.2160883956822,0.8486416558861578,gate_small_vehicle_mbv3large,0.44810450069885566,0.4244721507876982,0.20181735374599513,0.3865261452037726,0.32356733702979446,0.23507336805869886,0.13421504776965995,0.052760847684628874,0.01211412670741797,0.0013201320132013201,1.9881506222911447e-05,1644,1,,5297,,,0.8500000000000001,305507.856088704,35504.114674942684
reports/small_vehicle/cascade/gate_small_vehicle_mbv3large_context_adaptive.json,,context_adaptive,297936.193060864,33294.77299976861,0.6943552954502549,real,2971.0423814400006,1695.2160883956822,0.8395860284605433,gate_small_vehicle_mbv3large,0.4477677854777924,0.4241884281736122,0.20165395025039107,0.38621150109448854,0.32329183938908373,0.23485271388155746,0.13407328292945883,0.05269823012186733,0.012115627749262269,0.0013201320132013201,1.996167358671351e-05,1619,1,,5297,,,0.9,300907.235442304,34989.98908816429
reports/small_vehicle/cascade/gate_small_vehicle_mbv3large_context_adaptive.json,,context_adaptive,293703.62206617603,32821.77745993249,0.6986973758731357,real,2971.0423814400006,1695.2160883956822,0.8344113842173351,gate_small_vehicle_mbv3large,0.4476642089049353,0.4240941790591916,0.2016083204071229,0.3861172487605967,0.32321487406591126,0.23481286984226277,0.1340435020151527,0.05268054547391566,0.012115682262475051,0.0013201320132013201,1.996167358671351e-05,1596,1,,5297,,,0.9500000000000001,296674.664447616,34516.99354832817
reports/small_vehicle/cascade/gate_small_vehicle_mbv3large_context_adaptive.json,,context_adaptive,289839.1007232,32389.911967038643,0.7026618840853314,real,2971.0423814400006,1695.2160883956822,0.8272962483829237,gate_small_vehicle_mbv3large,0.4473342645378829,0.42372838952943204,0.20115240139004884,0.3857585898354586,0.3228803420878355,0.23448154544577188,0.13130695560803884,0.05258057692260523,0.012113256246675554,0.0013201320132013201,1.996167358671351e-05,1575,1,,5297,,,1.0,292810.14310464,34085.128055434325
reports/small_vehicle/cascade/gate_small_vehicle_mbv3large_identity.json,,identity,974779.5025592321,108932.92932660552,0.0,real,2971.0423814400006,1695.2160883956822,1.0,gate_small_vehicle_mbv3large,0.4640964488719977,0.4391056915396396,0.207220488761681,0.3949620501716081,0.33074682182796583,0.24060786373513912,0.135396789970095,0.053239510453280826,0.012709737370357202,0.0013201320132013201,1.984166352506994e-05,5297,1,,5297,,,0.0,977750.5449406721,110628.1454150012
reports/small_vehicle/cascade/gate_small_vehicle_mbv3large_identity.json,,identity,361056.708329472,40348.57605036814,0.629601661317727,real,2971.0423814400006,1695.2160883956822,0.9230271668822768,gate_small_vehicle_mbv3large,0.45555426479883143,0.4309830563516533,0.20339527324906886,0.3873116829724975,0.32392739819570876,0.23538096926160268,0.13449501799874505,0.052834590222001064,0.012125739170224054,0.0013201320132013201,1.9881506222911447e-05,1962,1,,5297,,,0.05,364027.750710912,42043.79213876382
reports/small_vehicle/cascade/gate_small_vehicle_mbv3large_identity.json,,identity,341182.02713702404,38127.55351548549,0.6499905606947329,real,2971.0423814400006,1695.2160883956822,0.9016817593790427,gate_small_vehicle_mbv3large,0.45472866450062677,0.4303235084129523,0.20316599161383458,0.3869073818349657,0.32376003899870487,0.23524610482091315,0.1344250205973152,0.05281246589947528,0.012116717553968199,0.0013201320132013201,1.9881506222911447e-05,1854,1,,5297,,,0.1,344153.06951846404,39822.76960388117
reports/small_vehicle/cascade/gate_small_vehicle_mbv3large_identity.json,,identity,329772.487933952,36852.52206027508,0.661695299225977,real,2971.0423814400006,1695.2160883956822,0.8868046571798189,gate_small_vehicle_mbv3large,0.45460930460229876,0.4302016058221591,0.20311279522920653,0.38680386992944127,0.32366295594028344,0.2351910906258661,0.1343892637059601,0.052814020141860374,0.012115828004771801,0.0013201320132013201,1.9881506222911447e-05,1792,1,,5297,,,0.15000000000000002,332743.530315392,38547.73814867076
reports/small_vehicle/cascade/gate_small_vehicle_mbv3large_identity.json,,identity,322595.519725568,36050.48614490079,0.6690579573343403,real,2971.0423814400006,1695.2160883956822,0.8796895213454075,gate_small_vehicle_mbv3large,0.4544660591229556,0.43007973730783217,0.20303572274307474,0.3866774666706019,0.3235441467135764,0.23507657699214693,0.13428459239527338,0.05277875274235587,0.012109881966580732,0.0013201320132013201,1.9881506222911447e-05,1753,1,,5297,,,0.2,325566.562107008,37745.70223329647
reports/small_vehicle/cascade/gate_small_vehicle_mbv3large_identity.json,,identity,317074.774949888,35433.53544076672,0.6747215404946196,real,2971.0423814400006,1695.2160883956822,0.869987063389392,gate_small_vehicle_mbv3large,0.4538772696810998,0.42468803126670907,0.20246549752888346,0.3866702976628744,0.3236811870234516,0.23517638471897365,0.1343077383868458,0.05280079030583868,0.012113262723617048,0.0013201320132013201,1.9881506222911447e-05,1723,1,,5297,,,0.25,320045.817331328,37128.7515291624
reports/small_vehicle/cascade/gate_small_vehicle_mbv3large_identity.json,,identity,308425.60813465604,34466.97933762334,0.683594487445724,real,2971.0423814400006,1695.2160883956822,0.8564036222509702,gate_small_vehicle_mbv3large,0.44815764980797596,0.42453310567683483,0.2018406026300547,0.3865641493965974,0.32357431457672214,0.23510112263616675,0.13424949900387054,0.05277343350627531,0.012112738176679898,0.0013201320132013201,1.9881506222911447e-05,1676,1,,5297,,,0.30000000000000004,311396.65051609604,36162.195426019025
reports/small_vehicle/cascade/gate_small_vehicle_mbv3large_identity.json,,identity,303824.987488256,33952.85375084495,0.6883141400792901,real,2971.0423814400006,1695.2160883956822,0.8505821474773609,gate_small_vehicle_mbv3large,0.4480982814738358,0.4244672301281053,0.20180329707229822,0.3864899010522827,0.32352513791962295,0.23504388877196875,0.13419977975310055,0.05275531065106511,0.012113427453576693,0.0013201320132013201,1.9881506222911447e-05,1651,1,,5297,,,0.35000000000000003,306796.029869696,35648.069839240634
reports/small_vehicle/cascade/gate_small_vehicle_mbv3large_identity.json,,identity,299224.366841856,33438.72816406656,0.6930337927128563,real,2971.0423814400006,1695.2160883956822,0.8428201811125485,gate_small_vehicle_mbv3large,0.4479770822314227,0.4243439127405248,0.20173674283597437,0.3863625661873047,0.3234018493949883,0.23494553067430493,0.1341457009516836,0.05273708063932282,0.012113611853404009,0.0013201320132013201,1.996167358671351e-05,1626,1,,5297,,,0.4,302195.409223296,35133.94425246224
reports/small_vehicle/cascade/gate_small_vehicle_mbv3large_identity.json,,identity,294623.746195456,32924.60257728817,0.6977534453464225,real,2971.0423814400006,1695.2160883956822,0.8357050452781372,gate_small_vehicle_mbv3large,0.4476829275566701,0.42411598538864614,0.20162660985785613,0.38614747195165494,0.3232462917116122,0.23484113976919127,0.13407581482199193,0.052700653239639635,0.01211572045236686,0.0013201320132013201,1.996167358671351e-05,1601,1,,5297,,,0.45,297594.788576896,34619.81866568385
reports/small_vehicle/cascade/gate_small_vehicle_mbv3large_identity.json,,identity,290575.200026624,32472.172060923185,0.7019067396639607,real,2971.0423814400006,1695.2160883956822,0.8285899094437258,gate_small_vehicle_mbv3large,0.44736007831813446,0.4237586979896492,0.20117485085864611,0.3857975192829294,0.32291157934971093,0.2345238827178156,0.13133764867500136,0.0526071612537764,0.012111847312655863,0.0013201320132013201,1.996167358671351e-05,1579,1,,5297,,,0.5,293546.242408064,34167.38814931887
reports/small_vehicle/cascade/gate_small_vehicle_mbv3large_identity.json,,identity,286710.678683648,32040.306568029337,0.7058712478761563,real,2971.0423814400006,1695.2160883956822,0.8240620957309185,gate_small_vehicle_mbv3large,0.44727358542474177,0.4236852138918587,0.20113347817560526,0.3857154595153334,0.32285534268191585,0.2344780741005289,0.13130355708426825,0.05256912733160281,0.01211432803901481,0.0013201320132013201,1.996167358671351e-05,1558,1,,5297,,,0.55,289681.721065088,33735.52265642502
reports/small_vehicle/cascade/gate_small_vehicle_mbv3large_identity.json,,identity,282294.082863104,31546.74600472208,0.7104021144043798,real,2971.0423814400006,1695.2160883956822,0.8137128072445019,gate_small_vehicle_mbv3large,0.4471673122299383,0.42357350869321875,0.2010775340725513,0.38561796388830294,0.32273669609908967,0.234413162216154,0.13126586082632868,0.052548960467268695,0.012111782618423685,0.0013201320132013201,1.996167358671351e-05,1534,1,,5297,,,0.6000000000000001,285265.125244544,33241.96209311776
reports/small_vehicle/cascade/gate_small_vehicle_mbv3large_identity.json,,identity,276773.338087424,30929.79530058801,0.7160656975646593,real,2971.0423814400006,1695.2160883956822,0.8040103492884865,gate_small_vehicle_mbv3large,0.4470888240072942,0.42344965325012185,0.20101733329787544,0.3855296063790297,0.32261743184761843,0.234321687811405,0.1312037382664806,0.05251253791961962,0.012109759810396945,0.0013201320132013201,1.996167358671351e-05,1504,1,,5297,,,0.65,279744.380468864,32625.011388983694
reports/small_vehicle/cascade/gate_small_vehicle_mbv3large_identity.json,,identity,270700.518834176,30251.149526040535,0.7222956390409666,real,2971.0423814400006,1695.2160883956822,0.796248382923674,gate_small_vehicle_mbv3large,0.4469773435909347,0.42336988549840726,0.20045590127057905,0.38048725826477653,0.32250860932709324,0.23415144427422194,0.13113940345017902,0.05247699805755363,0.01210789573934361,0.0013201320132013201,2.004249007896741e-05,1471,1,,5297,,,0.7000000000000001,273671.561215616,31946.365614436218
reports/small_vehicle/cascade/gate_small_vehicle_mbv3large_identity.json,,identity,264995.74923264,29613.63379843533,0.7281480083065887,real,2971.0423814400006,1695.2160883956822,0.7833117723156533,gate_small_vehicle_mbv3large,0.4464779597431021,0.4228187870151005,0.19967286661705505,0.38004157641285213,0.3219744617842985,0.23010886505101594,0.13094083593733033,0.05092370854331123,0.012102256526121277,0.0013201320132013201,2.008314421705862e-05,1440,1,,5297,,,0.75,267966.79161408,31308.849886831013
reports/small_vehicle/cascade/gate_small_vehicle_mbv3large_identity.json,,identity,258738.905153536,28914.42300041672,0.7345667358882386,real,2971.0423814400006,1695.2160883956822,0.7723156532988357,gate_small_vehicle_mbv3large,0.44642031610999605,0.4174813495959523,0.19869272022006673,0.3800206046238531,0.31756901615375566,0.23012171871198053,0.13094964974432602,0.050925699051657544,0.012098633051727745,0.0013201320132013201,2.008314421705862e-05,1406,1,,5297,,,0.8,261709.947534976,30609.6390888124
reports/small_vehicle/cascade/gate_small_vehicle_mbv3large_identity.json,,identity,251377.912119296,28091.822061571293,0.7421181801019445,real,2971.0423814400006,1695.2160883956822,0.7535575679172057,gate_small_vehicle_mbv3large,0.4405674890437944,0.4172371916065222,0.19796342730035071,0.37974136590353763,0.31727374264679603,0.22982265805175872,0.13073285630156553,0.05082819101218293,0.01209056327993154,0.0013201320132013201,2.008314421705862e-05,1366,1,,5297,,,0.8500000000000001,254348.954500736,29787.038149966975
reports/small_vehicle/cascade/gate_small_vehicle_mbv3large_identity.json,,identity,240888.49704550402,26919.61572371656,0.7528789881064754,real,2971.0423814400006,1695.2160883956822,0.7276843467011643,gate_small_vehicle_mbv3large,0.43875702248758874,0.41543861816373184,0.19713195835212993,0.3779858379374003,0.31595445109104325,0.2287641578896316,0.13022513201680533,0.050770960832906394,0.012083187944773695,0.0013201320132013201,2.008314421705862e-05,1309,1,,5297,,,0.9,243859.53942694401,28614.831812112243
reports/small_vehicle/cascade/gate_small_vehicle_mbv3large_identity.json,,identity,219173.567594496,24492.942954122555,0.7751557485369077,real,2971.0423814400006,1695.2160883956822,0.6765847347994826,gate_small_vehicle_mbv3large,0.43185029473500247,0.4088040209066583,0.19412736101413786,0.3716998363667545,0.3105226632193779,0.22440525120005866,0.12976683847083756,0.050724936360341755,0.012113826161450233,0.0013656538067599864,2.028891413731537e-05,1191,1,,5297,,,0.9500000000000001,222144.609975936,26188.159042518237
reports/small_vehicle/cascade/gate_small_vehicle_mbv3large_identity.json,,identity,31100.195569664,3475.488966621924,0.9680951481970927,real,2971.0423814400006,1695.2160883956822,0.1093143596377749,gate_small_vehicle_mbv3large,0.17371188165417636,0.1712434714760466,0.08264833812597008,0.15840247150897144,0.13310239537793225,0.10189177131557944,0.056954283093169765,0.023791974022341653,0.005726795771553672,0.00165016501650165,8.172023428023736e-06,169,1,,5297,,,1.0,34071.237951104,5170.705055017606
reports/small_vehicle/cascade/gate_small_vehicle_mbv3large_isotonic.json,,isotonic,974779.5025592321,108932.92932660552,0.0,real,2971.0423814400006,1695.2160883956822,1.0,gate_small_vehicle_mbv3large,0.4640964488719977,0.4391056915396396,0.207220488761681,0.3949620501716081,0.33074682182796583,0.24060786373513912,0.135396789970095,0.053239510453280826,0.012709737370357202,0.0013201320132013201,1.984166352506994e-05,5297,1,,5297,,,0.0,977750.5449406721,110628.1454150012
reports/small_vehicle/cascade/gate_small_vehicle_mbv3large_isotonic.json,,isotonic,502387.77458688,56142.514076200314,0.4846139324145743,real,2971.0423814400006,1695.2160883956822,0.9928848641655886,gate_small_vehicle_mbv3large,0.4640602339083687,0.43908621452711366,0.20721526175792276,0.3949487896507533,0.3307614298853246,0.24061133826604514,0.13539288856371728,0.053240643225913306,0.0127111058752655,0.0013201320132013201,1.984166352506994e-05,2730,1,,5297,,,0.05,505358.81696832,57837.730164595996
reports/small_vehicle/cascade/gate_small_vehicle_mbv3large_isotonic.json,,isotonic,479936.745832448,53633.581212721765,0.5076458372663772,real,2971.0423814400006,1695.2160883956822,0.9883570504527813,gate_small_vehicle_mbv3large,0.4640825522328006,0.43911060310325156,0.2072243650926077,0.39496507793517166,0.33077489822745443,0.2406201315069121,0.13539666889463833,0.053242077081756795,0.012711668267364742,0.0013201320132013201,1.984166352506994e-05,2608,1,,5297,,,0.1,482907.788213888,55328.79730111745
reports/small_vehicle/cascade/gate_small_vehicle_mbv3large_isotonic.json,,isotonic,384979.935690752,43022.02910161577,0.6050594676231829,real,2971.0423814400006,1695.2160883956822,0.943078913324709,gate_small_vehicle_mbv3large,0.4626196572309624,0.4325490892171528,0.20559353734853986,0.39372033861654065,0.3295425520687361,0.23612110595704747,0.13491267123082948,0.052990504135218136,0.01213944150948672,0.0013201320132013201,1.9881506222911447e-05,2092,1,,5297,,,0.15000000000000002,387950.978072192,44717.245190011454
reports/small_vehicle/cascade/gate_small_vehicle_mbv3large_isotonic.json,,isotonic,368417.701363712,41171.17698921356,0.6220502171040212,real,2971.0423814400006,1695.2160883956822,0.9327296248382924,gate_small_vehicle_mbv3large,0.4625439583477918,0.4325193829810621,0.20558104815591854,0.39369424984429957,0.3295378624607761,0.2361283807991498,0.13492453654859082,0.05298212796779852,0.01213996909029226,0.0013201320132013201,1.9881506222911447e-05,2002,1,,5297,,,0.2,371388.743745152,42866.393077609246
reports/small_vehicle/cascade/gate_small_vehicle_mbv3large_isotonic.json,,isotonic,368417.701363712,41171.17698921356,0.6220502171040212,real,2971.0423814400006,1695.2160883956822,0.9327296248382924,gate_small_vehicle_mbv3large,0.4625439583477918,0.4325193829810621,0.20558104815591854,0.39369424984429957,0.3295378624607761,0.2361283807991498,0.13492453654859082,0.05298212796779852,0.01213996909029226,0.0013201320132013201,1.9881506222911447e-05,2002,1,,5297,,,0.25,371388.743745152,42866.393077609246
reports/small_vehicle/cascade/gate_small_vehicle_mbv3large_isotonic.json,,isotonic,350751.31808153604,39196.93473598454,0.6401736832169153,real,2971.0423814400006,1695.2160883956822,0.9146183699870634,gate_small_vehicle_mbv3large,0.4551787752455048,0.4306433875486738,0.20323267044935062,0.3870039588372925,0.32371809617575265,0.23519330903034275,0.13434498783143575,0.05278623313428531,0.012117943170793852,0.0013201320132013201,1.9881506222911447e-05,1906,1,,5297,,,0.30000000000000004,353722.36046297604,40892.150824380224
reports/small_vehicle/cascade/gate_small_vehicle_mbv3large_isotonic.json,,isotonic,349647.1691264,39073.54459515773,0.6413063998489712,real,2971.0423814400006,1695.2160883956822,0.9133247089262613,gate_small_vehicle_mbv3large,0.4551660737574948,0.43062663862641765,0.20322640867049438,0.3869906699319283,0.32369920194832696,0.23518207025259652,0.13435217569424748,0.05278905829581034,0.012118184678697156,0.0013201320132013201,1.9881506222911447e-05,1900,1,,5297,,,0.35000000000000003,352618.21150784,40768.76068355341
reports/small_vehicle/cascade/gate_small_vehicle_mbv3large_isotonic.json,,isotonic,322595.519725568,36050.48614490079,0.6690579573343403,real,2971.0423814400006,1695.2160883956822,0.8796895213454075,gate_small_vehicle_mbv3large,0.4544660591229556,0.43007973730783217,0.20303572274307474,0.3866774666706019,0.3235441467135764,0.23507657699214693,0.13428459239527338,0.05277875274235587,0.012109881966580732,0.0013201320132013201,1.9881506222911447e-05,1753,1,,5297,,,0.4,325566.562107008,37745.70223329647
reports/small_vehicle/cascade/gate_small_vehicle_mbv3large_isotonic.json,,isotonic,306585.359876096,34261.32910291199,0.6854823484991505,real,2971.0423814400006,1695.2160883956822,0.8557567917205692,gate_small_vehicle_mbv3large,0.448178928433331,0.42455165042528564,0.20184876608562802,0.38658039403926625,0.32358580296731787,0.23510868447913794,0.13425431206413055,0.052775136751706676,0.012112738176679898,0.0013201320132013201,1.9881506222911447e-05,1666,1,,5297,,,0.45,309556.402257536,35956.54519130767
reports/small_vehicle/cascade/gate_small_vehicle_mbv3large_isotonic.json,,isotonic,285054.455250944,31855.221356789116,0.7075703228242401,real,2971.0423814400006,1695.2160883956822,0.8214747736093143,gate_small_vehicle_mbv3large,0.44725357893932777,0.42366345804763067,0.20112075376982314,0.3856912287226854,0.3228290121904583,0.23446086730256305,0.13129566806569942,0.05256003458045871,0.012113596162620015,0.0013201320132013201,1.996167358671351e-05,1549,1,,5297,,,0.5,288025.497632384,33550.4374451848
reports/small_vehicle/cascade/gate_small_vehicle_mbv3large_isotonic.json,,isotonic,270700.518834176,30251.149526040535,0.7222956390409666,real,2971.0423814400006,1695.2160883956822,0.796248382923674,gate_small_vehicle_mbv3large,0.4469773435909347,0.42336988549840726,0.20045590127057905,0.38048725826477653,0.32250860932709324,0.23415144427422194,0.13113940345017902,0.05247699805755363,0.01210789573934361,0.0013201320132013201,2.004249007896741e-05,1471,1,,5297,,,0.55,273671.561215616,31946.365614436218
reports/small_vehicle/cascade/gate_small_vehicle_mbv3large_isotonic.json,,isotonic,258922.929979392,28934.988023887854,0.734377949782896,real,2971.0423814400006,1695.2160883956822,0.7729624838292367,gate_small_vehicle_mbv3large,0.44643472362200737,0.41749215717986804,0.19869922490042324,0.38003218347297796,0.317588042206066,0.23013169959044122,0.13095799324919472,0.050917337218039906,0.012097897308218915,0.0013201320132013201,2.008314421705862e-05,1407,1,,5297,,,0.6000000000000001,261893.972360832,30630.204112283536
reports/small_vehicle/cascade/gate_small_vehicle_mbv3large_isotonic.json,,isotonic,258922.929979392,28934.988023887854,0.734377949782896,real,2971.0423814400006,1695.2160883956822,0.7729624838292367,gate_small_vehicle_mbv3large,0.44643472362200737,0.41749215717986804,0.19869922490042324,0.38003218347297796,0.317588042206066,0.23013169959044122,0.13095799324919472,0.050917337218039906,0.012097897308218915,0.0013201320132013201,2.008314421705862e-05,1407,1,,5297,,,0.65,261893.972360832,30630.204112283536
reports/small_vehicle/cascade/gate_small_vehicle_mbv3large_isotonic.json,,isotonic,230767.131623424,25788.5394328041,0.763262223900321,real,2971.0423814400006,1695.2160883956822,0.7082794307891332,gate_small_vehicle_mbv3large,0.43147068293408053,0.40851972576982193,0.194940825579694,0.3717516253060983,0.31512415968849644,0.22833676717818047,0.13003658282731032,0.05073144477952031,0.012096970350945124,0.0013201320132013201,2.0164949285152545e-05,1254,1,,5297,,,0.7000000000000001,233738.174004864,27483.755521199782
reports/small_vehicle/cascade/gate_small_vehicle_mbv3large_isotonic.json,,isotonic,223958.213066752,25027.63356437208,0.7702473097979989,real,2971.0423814400006,1695.2160883956822,0.6908150064683053,gate_small_vehicle_mbv3large,0.43310357317057974,0.4099311918241012,0.19506857659710036,0.3728964301247831,0.3113830823618335,0.22882686077274386,0.13028642509146607,0.05080833050326719,0.012109534006784684,0.0013201320132013201,2.020610224287735e-05,1217,1,,5297,,,0.75,226929.255448192,26722.849652767763
reports/small_vehicle/cascade/gate_small_vehicle_mbv3large_isotonic.json,,isotonic,152740.60546048,17068.969481042586,0.8433075325656032,real,2971.0423814400006,1695.2160883956822,0.49935316946959896,gate_small_vehicle_mbv3large,0.3850844980294642,0.36962814558837415,0.17532350974001937,0.33481503398192164,0.2820839456736905,0.2049424606988476,0.11665905582794685,0.0472434997119227,0.011233704750504867,0.0015232292460015233,2.152389151958674e-05,830,1,,5297,,,0.8,155711.64784192,18764.18556943827
reports/small_vehicle/cascade/gate_small_vehicle_mbv3large_isotonic.json,,isotonic,146299.73655552,16349.193659552839,0.8499150462525958,real,2971.0423814400006,1695.2160883956822,0.48124191461837,gate_small_vehicle_mbv3large,0.3869321688144198,0.3653988975532211,0.17532455572371358,0.33606847551051783,0.28306009240180596,0.20534139995108117,0.11674204181891852,0.04698818479456788,0.01116940196038995,0.0015232292460015233,2.1665186212275495e-05,795,1,,5297,,,0.8500000000000001,149270.77893696,18044.40974794852
reports/small_vehicle/cascade/gate_small_vehicle_mbv3large_isotonic.json,,isotonic,75082.128949248,8390.529576223344,0.9229752690202001,real,2971.0423814400006,1695.2160883956822,0.2613195342820181,gate_small_vehicle_mbv3large,0.28575581355167873,0.2730547895873832,0.1334012871659392,0.2552821866437267,0.21559869721870187,0.15973471339785292,0.09119971724181392,0.03777698717226889,0.013726915637619068,0.0018564356435643563,2.6615564782284683e-05,408,1,,5297,,,0.9,78053.171330688,10085.745664619026
reports/small_vehicle/cascade/gate_small_vehicle_mbv3large_isotonic.json,,isotonic,75082.128949248,8390.529576223344,0.9229752690202001,real,2971.0423814400006,1695.2160883956822,0.2613195342820181,gate_small_vehicle_mbv3large,0.28575581355167873,0.2730547895873832,0.1334012871659392,0.2552821866437267,0.21559869721870187,0.15973471339785292,0.09119971724181392,0.03777698717226889,0.013726915637619068,0.0018564356435643563,2.6615564782284683e-05,408,1,,5297,,,0.9500000000000001,78053.171330688,10085.745664619026
reports/small_vehicle/cascade/gate_small_vehicle_mbv3large_isotonic.json,,isotonic,36804.965171200005,4113.004694227129,0.9622427789314707,real,2971.0423814400006,1695.2160883956822,0.129366106080207,gate_small_vehicle_mbv3large,0.183153626644478,0.18078426489491575,0.08755534461127558,0.16737132514635217,0.14137238805240843,0.10893709760299475,0.06221802586985733,0.024241569987331967,0.005817286403668873,0.00165016501650165,7.696494246870551e-06,200,1,,5297,,,1.0,39776.00755264,5808.220782622811
reports/small_vehicle/cascade/gate_small_vehicle_mbv3large_platt.json,,platt,974779.5025592321,108932.92932660552,0.0,real,2971.0423814400006,1695.2160883956822,1.0,gate_small_vehicle_mbv3large,0.4640964488719977,0.4391056915396396,0.207220488761681,0.3949620501716081,0.33074682182796583,0.24060786373513912,0.135396789970095,0.053239510453280826,0.012709737370357202,0.0013201320132013201,1.984166352506994e-05,5297,1,,5297,,,0.0,977750.5449406721,110628.1454150012
reports/small_vehicle/cascade/gate_small_vehicle_mbv3large_platt.json,,platt,495946.90568192,55422.738254710566,0.4912214461015669,real,2971.0423814400006,1695.2160883956822,0.9896507115135834,gate_small_vehicle_mbv3large,0.4640661998380823,0.4390927765395924,0.20721758666327528,0.39495227086512497,0.33076468192152614,0.24061405049385032,0.13539356259758265,0.053241034896529885,0.012711315803737574,0.0013201320132013201,1.984166352506994e-05,2695,1,,5297,,,0.05,498917.94806336,57117.95434310625
reports/small_vehicle/cascade/gate_small_vehicle_mbv3large_platt.json,,platt,450860.8233472,50384.30750428233,0.5374740419105154,real,2971.0423814400006,1695.2160883956822,0.9734799482535575,gate_small_vehicle_mbv3large,0.4638038946838947,0.438893084892053,0.20715765236765044,0.39486038912726384,0.3307473955240704,0.24059009646933294,0.13541263299743525,0.05321855680109499,0.012710499504632492,0.0013201320132013201,1.984166352506994e-05,2450,1,,5297,,,0.1,453831.86572864,52079.523592678015
reports/small_vehicle/cascade/gate_small_vehicle_mbv3large_platt.json,,platt,418840.503648256,46805.99342030473,0.5703228242401359,real,2971.0423814400006,1695.2160883956822,0.9566623544631306,gate_small_vehicle_mbv3large,0.46266296809732504,0.4325999942346244,0.20563326609867066,0.3937680730261717,0.3296180725537139,0.2361879314344231,0.1349719458808929,0.05304337010952001,0.012140331973308865,0.0013201320132013201,1.984166352506994e-05,2276,1,,5297,,,0.15000000000000002,421811.546029696,48501.20950870041
reports/small_vehicle/cascade/gate_small_vehicle_mbv3large_platt.json,,platt,392524.953550848,43865.19506393233,0.5973192373041345,real,2971.0423814400006,1695.2160883956822,0.944372574385511,gate_small_vehicle_mbv3large,0.46260249249519053,0.43253743690944263,0.20559345130167395,0.39371294467260237,0.32954180400755023,0.23612562259591868,0.13492174442739915,0.053009383636356405,0.012143070752854849,0.0013201320132013201,1.9881506222911447e-05,2133,1,,5297,,,0.2,395495.995932288,45560.411152328015
reports/small_vehicle/cascade/gate_small_vehicle_mbv3large_platt.json,,platt,366945.502756864,41006.65680144448,0.6235605059467624,real,2971.0423814400006,1695.2160883956822,0.9301423027166882,gate_small_vehicle_mbv3large,0.46176294028769027,0.43174460490571814,0.20521179891325564,0.3928855205233937,0.3288441367119108,0.23575075977997106,0.13472545123952592,0.052930266726733025,0.012134295438188608,0.0013201320132013201,1.9881506222911447e-05,1994,1,,5297,,,0.25,369916.545138304,42701.87288984016
reports/small_vehicle/cascade/gate_small_vehicle_mbv3large_platt.json,,platt,343206.30022144003,38353.76877366798,0.6479139135359637,real,2971.0423814400006,1695.2160883956822,0.9029754204398448,gate_small_vehicle_mbv3large,0.4548700121637298,0.4304413335888437,0.20318667776635757,0.3869391872294443,0.3237410333679874,0.235214662602833,0.1344004031168241,0.05280399041144313,0.012116141663045915,0.0013201320132013201,1.9881506222911447e-05,1865,1,,5297,,,0.30000000000000004,346177.34260288003,40048.98486206366
reports/small_vehicle/cascade/gate_small_vehicle_mbv3large_platt.json,,platt,324619.792809984,36276.70140308328,0.666981310175571,real,2971.0423814400006,1695.2160883956822,0.8809831824062095,gate_small_vehicle_mbv3large,0.4545469854141786,0.4301609964597938,0.20308967062661182,0.386759369458583,0.3236373260760733,0.23516072441941227,0.13436291562093025,0.05281606844030432,0.012112306857418036,0.0013201320132013201,1.9881506222911447e-05,1764,1,,5297,,,0.35000000000000003,327590.835191424,37971.91749147896
reports/small_vehicle/cascade/gate_small_vehicle_mbv3large_platt.json,,platt,307137.434353664,34323.02417332539,0.6849159901831225,real,2971.0423814400006,1695.2160883956822,0.8557567917205692,gate_small_vehicle_mbv3large,0.4481769951964278,0.4245498246122574,0.20184791799631654,0.3865786169239243,0.32358461343695394,0.23510790504618723,0.1342535739955509,0.05277489905575941,0.012112738176679898,0.0013201320132013201,1.9881506222911447e-05,1669,1,,5297,,,0.4,310108.476735104,36018.240261721076
reports/small_vehicle/cascade/gate_small_vehicle_mbv3large_platt.json,,platt,292783.497936896,32718.952342576813,0.699641306399849,real,2971.0423814400006,1695.2160883956822,0.8318240620957309,gate_small_vehicle_mbv3large,0.44764390389670333,0.4240729319598639,0.20159220819172555,0.38609631178353615,0.3231926214493355,0.2347820331475229,0.134003315434614,0.05267609835481954,0.01211477220407197,0.0013201320132013201,1.996167358671351e-05,1591,1,,5297,,,0.45,295754.540318336,34414.168430972495
reports/small_vehicle/cascade/gate_small_vehicle_mbv3large_platt.json,,platt,278061.511868416,31073.75046488596,0.7147441948272607,real,2971.0423814400006,1695.2160883956822,0.8065976714100905,gate_small_vehicle_mbv3large,0.4469951271231181,0.42337718915924466,0.20098354121302578,0.38546633246593787,0.3225793134597181,0.23428423818416053,0.13118538984939784,0.052498918204679224,0.012108809997213693,0.0013201320132013201,1.996167358671351e-05,1511,1,,5297,,,0.5,281032.554249856,32768.96655328164
reports/small_vehicle/cascade/gate_small_vehicle_mbv3large_platt.json,,platt,261131.227889664,29181.768305541482,0.7321125165187843,real,2971.0423814400006,1695.2160883956822,0.7761966364812419,gate_small_vehicle_mbv3large,0.44650227664345904,0.4228102312105395,0.19921336897555728,0.3799883073043121,0.3175060008030867,0.23006341734707236,0.13091697209916794,0.050909837034576085,0.012096432155940771,0.0013201320132013201,2.008314421705862e-05,1419,1,,5297,,,0.55,264102.270271104,30876.984393937164
reports/small_vehicle/cascade/gate_small_vehicle_mbv3large_platt.json,,platt,246961.316298752,27598.261498264037,0.7466490466301681,real,2971.0423814400006,1695.2160883956822,0.7432082794307892,gate_small_vehicle_mbv3large,0.43986750776880656,0.4165866519381797,0.19762604213197724,0.37901008152097987,0.31676633626351924,0.22936383134636598,0.13048616862070278,0.050760702313052256,0.012078926390747556,0.0013201320132013201,2.008314421705862e-05,1342,1,,5297,,,0.6000000000000001,249932.358680192,29293.47758665972
reports/small_vehicle/cascade/gate_small_vehicle_mbv3large_platt.json,,platt,228190.78406144,25500.6291042082,0.765905229375118,real,2971.0423814400006,1695.2160883956822,0.6992238033635187,gate_small_vehicle_mbv3large,0.43127054967187084,0.4082717195323574,0.19435564475866055,0.371509557794134,0.310353679688131,0.22811346733052176,0.1298987229833498,0.050704614666152115,0.012093797804644094,0.0013201320132013201,2.020610224287735e-05,1240,1,,5297,,,0.65,231161.82644288,27195.845192603883
reports/small_vehicle/cascade/gate_small_vehicle_mbv3large_platt.json,,platt,209604.276649984,23423.5617336235,0.7849726260147253,real,2971.0423814400006,1695.2160883956822,0.6520051746442432,gate_small_vehicle_mbv3large,0.4241862450571203,0.40150956311094865,0.1913083497217136,0.36510670941025947,0.3090902506225019,0.22340176810680418,0.12639170661521487,0.050435385862473515,0.011417706860021012,0.0015232292460015233,2.0932325790718607e-05,1139,1,,5297,,,0.7000000000000001,212575.319031424,25118.777822019183
reports/small_vehicle/cascade/gate_small_vehicle_mbv3large_platt.json,,platt,192673.992671232,21531.57957427902,0.8023409477062489,real,2971.0423814400006,1695.2160883956822,0.6060802069857697,gate_small_vehicle_mbv3large,0.4159272724299709,0.3938172035148679,0.18765017461040462,0.3577614508865778,0.30271953571272864,0.21798249673149772,0.12547870906662786,0.04988583015399493,0.011384817098183446,0.0015232292460015233,2.120126359531028e-05,1047,1,,5297,,,0.75,195645.035052672,23226.795662674704
reports/small_vehicle/cascade/gate_small_vehicle_mbv3large_platt.json,,platt,174271.510085632,19475.077227165457,0.8212195582405135,real,2971.0423814400006,1695.2160883956822,0.5595084087968952,gate_small_vehicle_mbv3large,0.4006637898332038,0.3787501928487574,0.1805213881431574,0.34320712391774955,0.2896913884047901,0.21129597056038468,0.12096162669426247,0.04774279017188707,0.011356292552587282,0.0015232292460015233,2.1477201950129936e-05,947,1,,5297,,,0.8,177242.552467072,21170.29331556114
reports/small_vehicle/cascade/gate_small_vehicle_mbv3large_platt.json,,platt,153108.655112192,17110.099527984858,0.8429299603549179,real,2971.0423814400006,1695.2160883956822,0.49935316946959896,gate_small_vehicle_mbv3large,0.3850844980294642,0.36962814558837415,0.17532350974001937,0.33481503398192164,0.2820839456736905,0.2049424606988476,0.11665905582794685,0.0472434997119227,0.011233704750504867,0.0015232292460015233,2.152389151958674e-05,832,1,,5297,,,0.8500000000000001,156079.697493632,18805.31561638054
reports/small_vehicle/cascade/gate_small_vehicle_mbv3large_platt.json,,platt,123480.658149376,13799.130749132019,0.873324523315084,real,2971.0423814400006,1695.2160883956822,0.41073738680465716,gate_small_vehicle_mbv3large,0.35430456256411613,0.3399079999958152,0.16239740174305345,0.3064881994801589,0.26240573868827544,0.193162481044044,0.11142110135114205,0.044451876288985157,0.010225499172067703,0.0015841584158415843,2.2400430088257698e-05,671,1,,5297,,,0.9,126451.700530816,15494.3468375277
reports/small_vehicle/cascade/gate_small_vehicle_mbv3large_platt.json,,platt,82259.097157632,9192.565491597634,0.9156126109118369,real,2971.0423814400006,1695.2160883956822,0.2820181112548512,gate_small_vehicle_mbv3large,0.2949161316282364,0.2821480850306184,0.13766741859221726,0.2639292411354337,0.22370019004307798,0.1613451477983937,0.09633639870667708,0.038658954813372365,0.013963609176654252,0.00165016501650165,2.626257320692281e-05,447,1,,5297,,,0.9500000000000001,85230.139539072,10887.781579993316
reports/small_vehicle/cascade/gate_small_vehicle_mbv3large_platt.json,,platt,0.0,0.0,1.0,real,2971.0423814400006,1695.2160883956822,0.0,gate_small_vehicle_mbv3large,0.0,0.0,0.0,0.0,0.0,0.0,0.0,0.0,0.0,0.0,0.0,0,1,,5297,,,1.0,2971.0423814400006,1695.2160883956822
reports/small_vehicle/cascade/gate_small_vehicle_mbv3large_temperature.json,,temperature,974779.5025592321,108932.92932660552,0.0,real,2971.0423814400006,1695.2160883956822,1.0,gate_small_vehicle_mbv3large,0.4640964488719977,0.4391056915396396,0.207220488761681,0.3949620501716081,0.33074682182796583,0.24060786373513912,0.135396789970095,0.053239510453280826,0.012709737370357202,0.0013201320132013201,1.984166352506994e-05,5297,1,,5297,,,0.0,977750.5449406721,110628.1454150012
reports/small_vehicle/cascade/gate_small_vehicle_mbv3large_temperature.json,,temperature,502571.799412736,56163.07909967145,0.4844251463092316,real,2971.0423814400006,1695.2160883956822,0.9928848641655886,gate_small_vehicle_mbv3large,0.4640602339083687,0.43908621452711366,0.20721526175792276,0.3949487896507533,0.3307614298853246,0.24061133826604514,0.13539288856371728,0.053240643225913306,0.0127111058752655,0.0013201320132013201,1.984166352506994e-05,2731,1,,5297,,,0.05,505542.841794176,57858.29518806713
reports/small_vehicle/cascade/gate_small_vehicle_mbv3large_temperature.json,,temperature,460982.18876928004,51515.38379519479,0.5270908061166698,real,2971.0423814400006,1695.2160883956822,0.9786545924967659,gate_small_vehicle_mbv3large,0.4640247306676023,0.4390770505348462,0.2072055854662871,0.39493684263948214,0.33073936120370045,0.24059570487512247,0.13539490054433304,0.053235944272521304,0.012711346248536658,0.0013201320132013201,1.984166352506994e-05,2505,1,,5297,,,0.1,463953.23115072004,53210.599883590476
reports/small_vehicle/cascade/gate_small_vehicle_mbv3large_temperature.json,,temperature,428961.869070336,47937.06971121719,0.5599395884462903,real,2971.0423814400006,1695.2160883956822,0.96248382923674,gate_small_vehicle_mbv3large,0.46269516065068483,0.43263183701364555,0.20564944458969214,0.3938115301860423,0.32966361851991144,0.2361923491620023,0.1349779523848698,0.05304185198200079,0.012140172321038117,0.0013201320132013201,1.984166352506994e-05,2331,1,,5297,,,0.15000000000000002,431932.911451776,49632.28579961287
reports/small_vehicle/cascade/gate_small_vehicle_mbv3large_temperature.json,,temperature,407062.91479347204,45489.83191815205,0.5824051349820654,real,2971.0423814400006,1695.2160883956822,0.9508408796895214,gate_small_vehicle_mbv3large,0.4626309104824242,0.4325736974056011,0.2056156570356269,0.3937428393625861,0.329585410749748,0.23617194422322785,0.13494058841859194,0.0530271957007596,0.012143970493905682,0.0013201320132013201,1.9881506222911447e-05,2212,1,,5297,,,0.2,410033.95717491204,47185.04800654773
reports/small_vehicle/cascade/gate_small_vehicle_mbv3large_temperature.json,,temperature,380931.38952192,42569.59858525079,0.6092127619407212,real,2971.0423814400006,1695.2160883956822,0.9404915912031048,gate_small_vehicle_mbv3large,0.4626156949709878,0.4325450004424008,0.20558964630669604,0.3937112283698544,0.32953800621375545,0.23611350726579486,0.13490946505761603,0.052985478250986325,0.012138068976140164,0.0013201320132013201,1.9881506222911447e-05,2070,1,,5297,,,0.25,383902.43190336,44264.81467364647
reports/small_vehicle/cascade/gate_small_vehicle_mbv3large_temperature.json,,temperature,358296.335941632,40040.1006983011,0.6324334528978668,real,2971.0423814400006,1695.2160883956822,0.9184993531694696,gate_small_vehicle_mbv3large,0.4554013876614462,0.430868072457938,0.20334989246802998,0.3872197073865392,0.3238824351823008,0.2353534249846149,0.13448141560872748,0.05282955490306454,0.012122912976244075,0.0013201320132013201,1.9881506222911447e-05,1947,1,,5297,,,0.30000000000000004,361267.378323072,41735.316786696785
reports/small_vehicle/cascade/gate_small_vehicle_mbv3large_temperature.json,,temperature,336765.43131648004,37633.99295217823,0.6545214272229564,real,2971.0423814400006,1695.2160883956822,0.8958602846054333,gate_small_vehicle_mbv3large,0.45461397072883025,0.43019262496820393,0.20311661819647958,0.38680617388758143,0.32368961111686534,0.23519679117228695,0.13439132537592638,0.05281746940494215,0.012118201790735165,0.0013201320132013201,1.9881506222911447e-05,1830,1,,5297,,,0.35000000000000003,339736.47369792004,39329.209040573915
reports/small_vehicle/cascade/gate_small_vehicle_mbv3large_temperature.json,,temperature,322227.470073856,36009.356097958516,0.6694355295450255,real,2971.0423814400006,1695.2160883956822,0.8790426908150065,gate_small_vehicle_mbv3large,0.4544660591229556,0.4300798139872355,0.20303573041101508,0.3866774666706019,0.3235441467135764,0.23507657699214693,0.13428459239527338,0.05277875274235587,0.012109881966580732,0.0013201320132013201,1.9881506222911447e-05,1751,1,,5297,,,0.4,325198.512455296,37704.5721863542
reports/small_vehicle/cascade/gate_small_vehicle_mbv3large_temperature.json,,temperature,305297.186095104,34117.37393861404,0.686803851236549,real,2971.0423814400006,1695.2160883956822,0.851875808538163,gate_small_vehicle_mbv3large,0.44810560896384094,0.42447716994192614,0.20180583543630118,0.38650866754876806,0.3235340577113662,0.23503672813249857,0.13419075917628973,0.05275228767017487,0.012113061698722696,0.0013201320132013201,1.9881506222911447e-05,1659,1,,5297,,,0.45,308268.228476544,35812.59002700972
reports/small_vehicle/cascade/gate_small_vehicle_mbv3large_temperature.json,,temperature,290575.200026624,32472.172060923185,0.7019067396639607,real,2971.0423814400006,1695.2160883956822,0.8285899094437258,gate_small_vehicle_mbv3large,0.44736007831813446,0.4237586979896492,0.20117485085864611,0.3857975192829294,0.32291157934971093,0.2345238827178156,0.13133764867500136,0.0526071612537764,0.012111847312655863,0.0013201320132013201,1.996167358671351e-05,1579,1,,5297,,,0.5,293546.242408064,34167.38814931887
reports/small_vehicle/cascade/gate_small_vehicle_mbv3large_temperature.json,,temperature,275853.213958144,30826.970183232334,0.7170096280913725,real,2971.0423814400006,1695.2160883956822,0.8027166882276844,gate_small_vehicle_mbv3large,0.44720418013764573,0.423592092649202,0.20108934584474225,0.3856720541390188,0.3227740988700365,0.23442239568668682,0.13125724735109937,0.05251703423286568,0.012114261694079764,0.0013201320132013201,1.996167358671351e-05,1499,1,,5297,,,0.55,278824.256339584,32522.186271628016
reports/small_vehicle/cascade/gate_small_vehicle_mbv3large_temperature.json,,temperature,259475.00445696,28996.68309430126,0.733811591466868,real,2971.0423814400006,1695.2160883956822,0.7736093143596378,gate_small_vehicle_mbv3large,0.4464869495232087,0.42278691927014656,0.19920338946172855,0.37997091708499514,0.317491179834824,0.23004895488579571,0.13090831930671093,0.05090388360425464,0.01209655594993158,0.0013201320132013201,2.008314421705862e-05,1410,1,,5297,,,0.6000000000000001,262446.0468384,30691.899182696943
reports/small_vehicle/cascade/gate_small_vehicle_mbv3large_temperature.json,,temperature,244016.919085056,27269.221122725867,0.7496696243156504,real,2971.0423814400006,1695.2160883956822,0.7354463130659767,gate_small_vehicle_mbv3large,0.4396637231582648,0.41640710734456915,0.19754444523566364,0.3788374720391501,0.31665187543444573,0.2292819404461072,0.13040917836236804,0.05077254025917671,0.012080400155136404,0.0013201320132013201,2.008314421705862e-05,1326,1,,5297,,,0.65,246987.961466496,28964.43721112155
reports/small_vehicle/cascade/gate_small_vehicle_mbv3large_temperature.json,,temperature,222670.03928576,24883.67840007413,0.7715688125353974,real,2971.0423814400006,1695.2160883956822,0.6869340232858991,gate_small_vehicle_mbv3large,0.43285118839510867,0.4098106308865833,0.1950133210697858,0.3727659476425516,0.3113664355833661,0.2287971410289009,0.13027333899674173,0.05081498961945973,0.012113200429701978,0.0013201320132013201,2.020610224287735e-05,1210,1,,5297,,,0.7000000000000001,225641.0816672,26578.894488469814
reports/small_vehicle/cascade/gate_small_vehicle_mbv3large_temperature.json,,temperature,204083.531874304,22806.61102948943,0.7906362091750048,real,2971.0423814400006,1695.2160883956822,0.6371280724450195,gate_small_vehicle_mbv3large,0.4235206512031763,0.4009764665491301,0.19057089118832254,0.3645802535725262,0.3039656240170487,0.22310416590109983,0.1262519645518006,0.05034882598138823,0.011416798535263107,0.0015232292460015233,2.0932325790718607e-05,1109,1,,5297,,,0.75,207054.574255744,24501.827117885114
reports/small_vehicle/cascade/gate_small_vehicle_mbv3large_temperature.json,,temperature,184944.94998528,20667.848588491324,0.81026996413064,real,2971.0423814400006,1695.2160883956822,0.5847347994825356,gate_small_vehicle_mbv3large,0.40844428066822436,0.38637614735875336,0.18392503454081346,0.3504324330246808,0.2958419131293484,0.21601276205861467,0.12140361190918791,0.047844160372459026,0.01135056088099549,0.0015232292460015233,2.124675986911996e-05,1005,1,,5297,,,0.8,187915.99236672,22363.064676887006
reports/small_vehicle/cascade/gate_small_vehicle_mbv3large_temperature.json,,temperature,164150.144663552,18344.000936252996,0.8316027940343591,real,2971.0423814400006,1695.2160883956822,0.5297542043984476,gate_small_vehicle_mbv3large,0.3926827852562003,0.3710208570611521,0.17839749781350722,0.3416670141868767,0.288282115720466,0.21003969071338593,0.12008201259844163,0.04739478059757968,0.011260968863448859,0.0015232292460015233,2.152389151958674e-05,892,1,,5297,,,0.8500000000000001,167121.187044992,20039.21702464868
reports/small_vehicle/cascade/gate_small_vehicle_mbv3large_temperature.json,,temperature,137098.49526272,15320.942485996056,0.8593543515197282,real,2971.0423814400006,1695.2160883956822,0.4521345407503234,gate_small_vehicle_mbv3large,0.371108039150684,0.3559549359244288,0.16906264416614453,0.3211695498433458,0.2748703404684436,0.198698705572643,0.11193302002579845,0.04445473213470365,0.010891887095176453,0.0015232292460015233,2.2002200220022003e-05,745,1,,5297,,,0.9,140069.53764416,17016.15857439174
reports/small_vehicle/cascade/gate_small_vehicle_mbv3large_temperature.json,,temperature,91644.363276288,10241.381688625552,0.9059845195393619,real,2971.0423814400006,1695.2160883956822,0.31241914618369987,gate_small_vehicle_mbv3large,0.3117323354152337,0.2987652801125668,0.14492009372310657,0.2731793445147232,0.2323944517559909,0.17422648659840542,0.1017454878948303,0.04154132741189306,0.0140281568260152,0.001563314226159458,2.4752475247524754e-05,498,1,,5297,,,0.9500000000000001,94615.405657728,11936.597777021234
reports/small_vehicle/cascade/gate_small_vehicle_mbv3large_temperature.json,,temperature,0.0,0.0,1.0,real,2971.0423814400006,1695.2160883956822,0.0,gate_small_vehicle_mbv3large,0.0,0.0,0.0,0.0,0.0,0.0,0.0,0.0,0.0,0.0,0.0,0,1,,5297,,,1.0,2971.0423814400006,1695.2160883956822
reports/small_vehicle/cascade/gate_small_vehicle_mbv3small_context_adaptive.json,,context_adaptive,974779.5025592321,108932.92932660552,0.0,real,764.76475712,868.7368913233513,1.0,gate_small_vehicle_mbv3small,0.46409681496513056,0.43910574660454144,0.2072207906798532,0.3949619886839381,0.33074709716487083,0.24060801291396436,0.13539707857177424,0.05324152294588788,0.012709671271698286,0.0013201320132013201,1.984166352506994e-05,5297,1,,5297,,,0.0,975544.2673163521,109801.66621792887
reports/small_vehicle/cascade/gate_small_vehicle_mbv3small_context_adaptive.json,,context_adaptive,610778.397016064,68255.31290069921,0.37341891636775537,real,764.76475712,868.7368913233513,1.0,gate_small_vehicle_mbv3small,0.46409663086649183,0.43910635287015215,0.20722063909471222,0.39496174336212314,0.3307469918855232,0.2406086578219402,0.13539669536830917,0.053239632411228456,0.012709712684627287,0.0013201320132013201,1.984166352506994e-05,3319,1,,5297,,,0.05,611543.1617731841,69124.04979202256
reports/small_vehicle/cascade/gate_small_vehicle_mbv3small_context_adaptive.json,,context_adaptive,610778.397016064,68255.31290069921,0.37341891636775537,real,764.76475712,868.7368913233513,1.0,gate_small_vehicle_mbv3small,0.46409663086649183,0.43910635287015215,0.20722063909471222,0.39496174336212314,0.3307469918855232,0.2406086578219402,0.13539669536830917,0.053239632411228456,0.012709712684627287,0.0013201320132013201,1.984166352506994e-05,3319,1,,5297,,,0.1,611543.1617731841,69124.04979202256
reports/small_vehicle/cascade/gate_small_vehicle_mbv3small_context_adaptive.json,,context_adaptive,610410.347364352,68214.18285375694,0.3737964885784406,real,764.76475712,868.7368913233513,1.0,gate_small_vehicle_mbv3small,0.46409663086649183,0.4391064286099194,0.20722064666868895,0.39496174336212314,0.3307469918855232,0.2406086578219402,0.13539669536830917,0.053239632411228456,0.012709712684627287,0.0013201320132013201,1.984166352506994e-05,3317,1,,5297,,,0.15000000000000002,611175.112121472,69082.91974508029
reports/small_vehicle/cascade/gate_small_vehicle_mbv3small_context_adaptive.json,,context_adaptive,592559.93925632,66219.37557705678,0.39210874079667735,real,764.76475712,868.7368913233513,0.999353169469599,gate_small_vehicle_mbv3small,0.46409654347613044,0.43910507100889745,0.2072201713289466,0.3949610876452428,0.3307446458851084,0.24060834276824483,0.13539669536830917,0.053239632411228456,0.012709721049577787,0.0013201320132013201,1.984166352506994e-05,3220,1,,5297,,,0.2,593324.7040134401,67088.11246838013
reports/small_vehicle/cascade/gate_small_vehicle_mbv3small_context_adaptive.json,,context_adaptive,554098.750652416,61921.28567158943,0.4315650368132905,real,764.76475712,868.7368913233513,0.9974126778783958,gate_small_vehicle_mbv3small,0.4640903620805575,0.43909030310861535,0.20722731220622567,0.3949696837588337,0.330766006354247,0.24064184801224237,0.13541107579134737,0.05325176905325669,0.01271210022643027,0.0013201320132013201,1.984166352506994e-05,3011,1,,5297,,,0.25,554863.5154095361,62790.02256291278
reports/small_vehicle/cascade/gate_small_vehicle_mbv3small_context_adaptive.json,,context_adaptive,510484.86692454404,57047.37510893028,0.4763073437794978,real,764.76475712,868.7368913233513,0.9902975420439845,gate_small_vehicle_mbv3small,0.46405246217054524,0.43904889945570225,0.2072195338794381,0.3949459714523598,0.33075825517464336,0.24065947665683662,0.1354134479425961,0.053262624213179136,0.012714228051791399,0.0013201320132013201,1.984166352506994e-05,2774,1,,5297,,,0.30000000000000004,511249.63168166403,57916.11200025363
reports/small_vehicle/cascade/gate_small_vehicle_mbv3small_context_adaptive.json,,context_adaptive,481776.99409100803,53839.23144743312,0.5057579762129507,real,764.76475712,868.7368913233513,0.9831824062095731,gate_small_vehicle_mbv3small,0.46405424457177824,0.4390581919711549,0.20722284879415134,0.39495328626932164,0.33075624933647385,0.24066228891908978,0.1354199305682693,0.05326783772089314,0.012716484907806034,0.0013201320132013201,1.984166352506994e-05,2618,1,,5297,,,0.35000000000000003,482541.758848128,54707.96833875647
reports/small_vehicle/cascade/gate_small_vehicle_mbv3small_context_adaptive.json,,context_adaptive,458221.81638144003,51206.90844312776,0.5299225976968095,real,764.76475712,868.7368913233513,0.9760672703751617,gate_small_vehicle_mbv3small,0.46272004669677863,0.43270486242869843,0.20570447906200817,0.39386818602406765,0.32977718908678644,0.23635722076648355,0.1350309392749864,0.05310281259334645,0.012143560072207744,0.0013201320132013201,1.984166352506994e-05,2490,1,,5297,,,0.4,458986.58113856,52075.64533445111
reports/small_vehicle/cascade/gate_small_vehicle_mbv3small_context_adaptive.json,,context_adaptive,435034.68832358404,48615.71548576467,0.5537096469699829,real,764.76475712,868.7368913233513,0.963130659767141,gate_small_vehicle_mbv3small,0.4624074179105582,0.43260188150417295,0.20570645138304786,0.3938987925441205,0.3299587626887143,0.23649873155598836,0.135097564654199,0.05311493111239625,0.012146458183602405,0.0013201320132013201,1.984166352506994e-05,2364,1,,5297,,,0.45,435799.453080704,49484.45237708802
reports/small_vehicle/cascade/gate_small_vehicle_mbv3small_context_adaptive.json,,context_adaptive,414975.98230528,46374.12792741088,0.5742873324523314,real,764.76475712,868.7368913233513,0.9501940491591203,gate_small_vehicle_mbv3small,0.4619453684089095,0.43218018227785626,0.20550246138263786,0.3934852116005997,0.3295339765669886,0.2362903730805356,0.13501869803033126,0.05308316101662949,0.012147669167801575,0.0013201320132013201,1.984166352506994e-05,2255,1,,5297,,,0.5,415740.7470624,47242.86481873423
reports/small_vehicle/cascade/gate_small_vehicle_mbv3small_context_adaptive.json,,context_adaptive,398597.772804096,44543.84083847981,0.5910892958278271,real,764.76475712,868.7368913233513,0.9411384217335058,gate_small_vehicle_mbv3small,0.4559436998653594,0.4316728954198075,0.20467627118224319,0.39292975290777443,0.3290226941246279,0.23600004193039728,0.13477879049355476,0.05290461949880637,0.012124521285264698,0.0013656538067599864,2.004249007896741e-05,2166,1,,5297,,,0.55,399362.537561216,45412.57772980316
reports/small_vehicle/cascade/gate_small_vehicle_mbv3small_context_adaptive.json,,context_adaptive,383875.78673561604,42898.63896078896,0.6061921842552388,real,764.76475712,868.7368913233513,0.925614489003881,gate_small_vehicle_mbv3small,0.45350200382478273,0.4245695173475284,0.20239865561564022,0.3866905498152681,0.32362459610811734,0.23517719675442675,0.13424050604674398,0.05260738205039153,0.012087660285989815,0.0014668133480014668,2.033057515197105e-05,2086,1,,5297,,,0.6000000000000001,384640.55149273603,43767.37585211231
reports/small_vehicle/cascade/gate_small_vehicle_mbv3small_context_adaptive.json,,context_adaptive,368969.77584128,41232.87205962697,0.6214838587879932,real,764.76475712,868.7368913233513,0.9100905562742562,gate_small_vehicle_mbv3small,0.4476113954596343,0.4241416431257532,0.2016651161607578,0.3863082398670754,0.32333756118728335,0.23500200391339446,0.1341119173137033,0.05256313397870173,0.01208812283887884,0.0014668133480014668,2.033057515197105e-05,2005,1,,5297,,,0.65,369734.5405984,42101.60895095032
reports/small_vehicle/cascade/gate_small_vehicle_mbv3small_context_adaptive.json,,context_adaptive,354983.889076224,39669.93027582066,0.6358316027940343,real,764.76475712,868.7368913233513,0.8945666235446313,gate_small_vehicle_mbv3small,0.4469712465162535,0.42361281222692,0.2014241446065917,0.38592637410287667,0.3230483886506962,0.23477005847235044,0.13388677596017232,0.052456392528298014,0.012082253685196486,0.0014668133480014668,2.033057515197105e-05,1929,1,,5297,,,0.7000000000000001,355748.653833344,40538.66716714401
reports/small_vehicle/cascade/gate_small_vehicle_mbv3small_context_adaptive.json,,context_adaptive,342470.200918016,38271.50867978344,0.6486690579573343,real,764.76475712,868.7368913233513,0.8771021992238034,gate_small_vehicle_mbv3small,0.4458956835790888,0.42268739726121946,0.2002880523419024,0.3803461299294155,0.32249656977580615,0.2342932428340954,0.13120457860143547,0.05238133659844385,0.012088440916365926,0.0014668133480014668,2.033057515197105e-05,1861,1,,5297,,,0.75,343234.965675136,39140.24557110679
reports/small_vehicle/cascade/gate_small_vehicle_mbv3small_context_adaptive.json,,context_adaptive,330508.587237376,36934.78215415962,0.6609401548046063,real,764.76475712,868.7368913233513,0.8609314359637775,gate_small_vehicle_mbv3small,0.43860062692055546,0.41552519983487135,0.19717617369135354,0.37825546928462994,0.3159396188515361,0.22887331325154037,0.13029325182325674,0.05060438493257072,0.012063363733949745,0.0015841584158415843,2.2349864783318057e-05,1796,1,,5297,,,0.8,331273.351994496,37803.51904548297
reports/small_vehicle/cascade/gate_small_vehicle_mbv3small_context_adaptive.json,,context_adaptive,315602.57634304004,35269.01525299763,0.6762318293373608,real,764.76475712,868.7368913233513,0.8415265200517464,gate_small_vehicle_mbv3small,0.438461761427213,0.4154185922434586,0.1971141812093734,0.3781271294305464,0.31583702369334127,0.2288250053251643,0.13021427866853613,0.05059642092815598,0.01205509209669357,0.0015841584158415843,2.2349864783318057e-05,1715,1,,5297,,,0.8500000000000001,316367.34110016003,36137.752144320984
reports/small_vehicle/cascade/gate_small_vehicle_mbv3small_context_adaptive.json,,context_adaptive,301248.63992627204,33664.94342224905,0.6909571455540873,real,764.76475712,868.7368913233513,0.8221216041397154,gate_small_vehicle_mbv3small,0.43792550167360556,0.4149102573580031,0.19688678327193876,0.37765748260862114,0.315505774039385,0.22853434885790805,0.1300703398513172,0.05059885429552591,0.012058765754396801,0.0015841584158415843,2.2349864783318057e-05,1637,1,,5297,,,0.9,302013.40468339203,34533.680313572404
reports/small_vehicle/cascade/gate_small_vehicle_mbv3small_context_adaptive.json,,context_adaptive,286526.65385779203,32019.7415445582,0.706060033981499,real,764.76475712,868.7368913233513,0.8007761966364813,gate_small_vehicle_mbv3small,0.4312829647227735,0.40845430818944917,0.1947679899625877,0.37166783200385584,0.31444147665181654,0.2278146156702562,0.12980011150145596,0.05056122310805434,0.012050859497590407,0.0015841584158415843,2.2349864783318057e-05,1557,1,,5297,,,0.9500000000000001,287291.418614912,32888.47843588155
reports/small_vehicle/cascade/gate_small_vehicle_mbv3small_context_adaptive.json,,context_adaptive,271068.568485888,30292.279572982807,0.7219180668302814,real,764.76475712,868.7368913233513,0.7710219922380336,gate_small_vehicle_mbv3small,0.4281371104316718,0.4054631766590989,0.19215937681095818,0.368391360651425,0.30667666654221826,0.22103919789024484,0.12811358288533453,0.05010505348047726,0.012053728450269299,0.0015841584158415843,2.9732703000029733e-05,1473,1,,5297,,,1.0,271833.333243008,31161.016464306158
reports/small_vehicle/cascade/gate_small_vehicle_mbv3small_identity.json,,identity,974779.5025592321,108932.92932660552,0.0,real,764.76475712,868.7368913233513,1.0,gate_small_vehicle_mbv3small,0.46409681496513056,0.43910574660454144,0.2072207906798532,0.3949619886839381,0.33074709716487083,0.24060801291396436,0.13539707857177424,0.05324152294588788,0.012709671271698286,0.0013201320132013201,1.984166352506994e-05,5297,1,,5297,,,0.0,975544.2673163521,109801.66621792887
reports/small_vehicle/cascade/gate_small_vehicle_mbv3small_identity.json,,identity,562195.84299008,62826.1467043194,0.4232584481782141,real,764.76475712,868.7368913233513,0.9974126778783958,gate_small_vehicle_mbv3small,0.46408954570884176,0.43908938911118767,0.20722703070119156,0.3949692793954322,0.3307656253612949,0.24064165720816594,0.13541101960252827,0.05325173346049056,0.01271208348724781,0.0013201320132013201,1.984166352506994e-05,3055,1,,5297,,,0.05,562960.6077472001,63694.88359564275
reports/small_vehicle/cascade/gate_small_vehicle_mbv3small_identity.json,,identity,515453.537222656,57602.630742650945,0.47121011893524634,real,764.76475712,868.7368913233513,0.9902975420439845,gate_small_vehicle_mbv3small,0.46405200173522315,0.4390483188820233,0.20721935612112183,0.39494564959568307,0.3307580787032878,0.24065933851862925,0.13541339180869158,0.05326258861540781,0.012714219675545903,0.0013201320132013201,1.984166352506994e-05,2801,1,,5297,,,0.1,516218.301979776,58471.367633974296
reports/small_vehicle/cascade/gate_small_vehicle_mbv3small_identity.json,,identity,485089.440956416,54209.40186991356,0.5023598263167831,real,764.76475712,868.7368913233513,0.9831824062095731,gate_small_vehicle_mbv3small,0.46404230039397304,0.43904759128633913,0.2072187011976741,0.39494612717967137,0.3307505504613264,0.24065809100759913,0.13541879064203866,0.05326734697280015,0.012716240356266664,0.0013201320132013201,1.984166352506994e-05,2636,1,,5297,,,0.15000000000000002,485854.205713536,55078.138761236914
reports/small_vehicle/cascade/gate_small_vehicle_mbv3small_identity.json,,identity,460982.18876928004,51515.38379519479,0.5270908061166698,real,764.76475712,868.7368913233513,0.9767141009055628,gate_small_vehicle_mbv3small,0.4627114575383716,0.43270036182157184,0.20570213124096406,0.39386300291098825,0.3297734943993557,0.23635666506693925,0.13503020948197972,0.05310258744149984,0.012143560072207744,0.0013201320132013201,1.984166352506994e-05,2505,1,,5297,,,0.2,461746.95352640003,52384.120686518145
reports/small_vehicle/cascade/gate_small_vehicle_mbv3small_identity.json,,identity,437795.06071142404,48924.1908378317,0.5508778553898432,real,764.76475712,868.7368913233513,0.964424320827943,gate_small_vehicle_mbv3small,0.46243130491063705,0.4326297231757728,0.20571509573930533,0.3939143780141725,0.32997290630989,0.23650403326953703,0.1350974222757302,0.05311475757698487,0.012146458183602405,0.0013201320132013201,1.984166352506994e-05,2379,1,,5297,,,0.25,438559.82546854403,49792.92772915505
reports/small_vehicle/cascade/gate_small_vehicle_mbv3small_identity.json,,identity,417000.255389696,46600.343185593374,0.5722106852935624,real,764.76475712,868.7368913233513,0.9501940491591203,gate_small_vehicle_mbv3small,0.46194165548580673,0.43217776254830886,0.20550133891105546,0.3934828965057159,0.3295322953358284,0.23628984405174222,0.13501825665279282,0.0530830356858315,0.012147669167801575,0.0013201320132013201,1.984166352506994e-05,2266,1,,5297,,,0.30000000000000004,417765.020146816,47469.080076916725
reports/small_vehicle/cascade/gate_small_vehicle_mbv3small_identity.json,,identity,400438.021062656,44749.491073191166,0.5892014347744006,real,764.76475712,868.7368913233513,0.9411384217335058,gate_small_vehicle_mbv3small,0.4559432153815171,0.43167242801800865,0.2046760915306456,0.39292939732635807,0.32902235949715397,0.23599996714459956,0.1347787411543799,0.05290458920233466,0.012124521285264698,0.0013656538067599864,2.004249007896741e-05,2176,1,,5297,,,0.35000000000000003,401202.785819776,45618.22796451452
reports/small_vehicle/cascade/gate_small_vehicle_mbv3small_identity.json,,identity,384795.910864896,43001.464078144636,0.6052482537285255,real,764.76475712,868.7368913233513,0.925614489003881,gate_small_vehicle_mbv3small,0.4534928283553361,0.42456297616915395,0.20239572107779216,0.38668497898286014,0.3236210227431192,0.2351747211005921,0.1342390365489446,0.05260684266877235,0.012087660285989815,0.0014668133480014668,2.033057515197105e-05,2091,1,,5297,,,0.4,385560.675622016,43870.20096946799
reports/small_vehicle/cascade/gate_small_vehicle_mbv3small_identity.json,,identity,369889.89997056,41335.69717698265,0.62053992826128,real,764.76475712,868.7368913233513,0.9100905562742562,gate_small_vehicle_mbv3small,0.4476113954596343,0.4241416431257532,0.2016651161607578,0.3863082398670754,0.32333756118728335,0.23500200391339446,0.1341119173137033,0.05256313397870173,0.01208812283887884,0.0014668133480014668,2.033057515197105e-05,2010,1,,5297,,,0.45,370654.66472768,42204.434068306
reports/small_vehicle/cascade/gate_small_vehicle_mbv3small_identity.json,,identity,355904.013205504,39772.75539317634,0.6348876722673211,real,764.76475712,868.7368913233513,0.8945666235446313,gate_small_vehicle_mbv3small,0.4469712465162535,0.42361281222692,0.20142413316994734,0.3859262981643229,0.3230483886506962,0.23477005847235044,0.13388673753228245,0.052456392528298014,0.012082253685196486,0.0014668133480014668,2.033057515197105e-05,1934,1,,5297,,,0.5,356668.777962624,40641.49228449969
reports/small_vehicle/cascade/gate_small_vehicle_mbv3small_identity.json,,identity,342838.250569728,38312.63872672571,0.6482914857466491,real,764.76475712,868.7368913233513,0.8771021992238034,gate_small_vehicle_mbv3small,0.4458955998616273,0.4226873175070077,0.20028802143182106,0.3803461299294155,0.32249650177945144,0.23429318711537953,0.13120457860143547,0.05238131468437415,0.012088440916365926,0.0014668133480014668,2.033057515197105e-05,1863,1,,5297,,,0.55,343603.015326848,39181.37561804906
reports/small_vehicle/cascade/gate_small_vehicle_mbv3small_identity.json,,identity,332164.81067008,37119.86736539984,0.6592410798565226,real,764.76475712,868.7368913233513,0.8628719275549805,gate_small_vehicle_mbv3small,0.43859486751229565,0.41551953250644086,0.1971700855168381,0.37824880911079184,0.31592021698356765,0.22885889470018775,0.13028626219611333,0.050602582475287324,0.012063181403071686,0.0015841584158415843,2.2349864783318057e-05,1805,1,,5297,,,0.6000000000000001,332929.5754272,37988.60425672319
reports/small_vehicle/cascade/gate_small_vehicle_mbv3small_identity.json,,identity,316154.650820608,35330.71032341104,0.6756654710213328,real,764.76475712,868.7368913233513,0.8415265200517464,gate_small_vehicle_mbv3small,0.43845800054998335,0.41541504839688875,0.1971128576223626,0.3781243201274262,0.3158353227096913,0.22882393091819322,0.13021398787634134,0.050596365267783404,0.01205509209669357,0.0015841584158415843,2.2349864783318057e-05,1718,1,,5297,,,0.65,316919.415577728,36199.44721473439
reports/small_vehicle/cascade/gate_small_vehicle_mbv3small_identity.json,,identity,301616.689577984,33706.073469191324,0.6905795733434019,real,764.76475712,868.7368913233513,0.8227684346701164,gate_small_vehicle_mbv3small,0.43795113206246866,0.41492901201237886,0.19689275281735047,0.37766541874627374,0.3155116836805533,0.2285361846849241,0.13006996865635845,0.05059885429552591,0.012058765754396801,0.0015841584158415843,2.2349864783318057e-05,1639,1,,5297,,,0.7000000000000001,302381.454335104,34574.810360514675
reports/small_vehicle/cascade/gate_small_vehicle_mbv3small_identity.json,,identity,287078.72833536,32081.436614971608,0.705493675665471,real,764.76475712,868.7368913233513,0.8014230271668823,gate_small_vehicle_mbv3small,0.4312715960705209,0.4084459117196922,0.1947654671414984,0.3716654287788538,0.31444377809639174,0.22781866808026974,0.12979567432946057,0.050556800775894355,0.012050305283275881,0.0015841584158415843,2.2349864783318057e-05,1560,1,,5297,,,0.75,287843.49309248,32950.17350629496
reports/small_vehicle/cascade/gate_small_vehicle_mbv3small_identity.json,,identity,271804.667789312,30374.53966686735,0.7211629224089107,real,764.76475712,868.7368913233513,0.7736093143596378,gate_small_vehicle_mbv3small,0.4281942726309562,0.40551143892304464,0.19220093551120776,0.368467878489357,0.3067367383063019,0.22109706949968166,0.1281718850763733,0.05015399454374889,0.01206218652377223,0.0015841584158415843,2.9732703000029733e-05,1477,1,,5297,,,0.8,272569.432546432,31243.2765581907
reports/small_vehicle/cascade/gate_small_vehicle_mbv3small_identity.json,,identity,253402.185203712,28318.037319753785,0.7400415329431753,real,764.76475712,868.7368913233513,0.7341526520051747,gate_small_vehicle_mbv3small,0.4101736930186454,0.38776681605737173,0.1837765324734726,0.3513317735136131,0.2946580331072236,0.21042590509730238,0.1209828544714554,0.04862002952276082,0.011964086580474294,0.0018001800180018003,4.19533478771606e-05,1377,1,,5297,,,0.8500000000000001,254166.949960832,29186.774211077136
reports/small_vehicle/cascade/gate_small_vehicle_mbv3small_identity.json,,identity,230215.057145856,25726.844362390693,0.7638285822163489,real,764.76475712,868.7368913233513,0.6785252263906857,gate_small_vehicle_mbv3small,0.40163264987107455,0.3794660678700607,0.1797413092360428,0.3434199586026181,0.287607427726444,0.20834502501378901,0.11725395637007736,0.04668195891161781,0.011862321287273977,0.0011001100110011,4.361669647140926e-05,1251,1,,5297,,,0.9,230979.821902976,26595.581253714045
reports/small_vehicle/cascade/gate_small_vehicle_mbv3small_identity.json,,identity,191385.81889024,21387.624409981072,0.8036624504436474,real,764.76475712,868.7368913233513,0.5892626131953428,gate_small_vehicle_mbv3small,0.385567343453814,0.36376459967411984,0.17303103065722797,0.33376363466211195,0.2788697469215709,0.1975952535492067,0.11215893852334723,0.04575251758536644,0.011625618968109548,0.0011648223645894002,4.783087004352609e-05,1040,1,,5297,,,0.9500000000000001,192150.58364736,22256.361301304423
reports/small_vehicle/cascade/gate_small_vehicle_mbv3small_identity.json,,identity,0.0,0.0,1.0,real,764.76475712,868.7368913233513,0.0,gate_small_vehicle_mbv3small,0.0,0.0,0.0,0.0,0.0,0.0,0.0,0.0,0.0,0.0,0.0,0,1,,5297,,,1.0,764.76475712,868.7368913233513
reports/small_vehicle/cascade/gate_small_vehicle_mbv3small_isotonic.json,,isotonic,974779.5025592321,108932.92932660552,0.0,real,764.76475712,868.7368913233513,1.0,gate_small_vehicle_mbv3small,0.46409681496513056,0.43910574660454144,0.2072207906798532,0.3949619886839381,0.33074709716487083,0.24060801291396436,0.13539707857177424,0.05324152294588788,0.012709671271698286,0.0013201320132013201,1.984166352506994e-05,5297,1,,5297,,,0.0,975544.2673163521,109801.66621792887
reports/small_vehicle/cascade/gate_small_vehicle_mbv3small_isotonic.json,,isotonic,519686.10821734404,58075.626282487065,0.46686803851236547,real,764.76475712,868.7368913233513,0.9922380336351876,gate_small_vehicle_mbv3small,0.46405638406224303,0.43905196658695905,0.20722291711588192,0.3949533689938317,0.33076443736317535,0.24066812286916897,0.13541721994590836,0.05326351944251334,0.012714178218292902,0.0013201320132013201,1.984166352506994e-05,2824,1,,5297,,,0.05,520450.87297446403,58944.363173810416
reports/small_vehicle/cascade/gate_small_vehicle_mbv3small_isotonic.json,,isotonic,457669.741903872,51145.21337271435,0.5304889560128374,real,764.76475712,868.7368913233513,0.9760672703751617,gate_small_vehicle_mbv3small,0.46273500446451354,0.4327149321310458,0.20570917230025695,0.393877709398663,0.3297844011468098,0.23635974076339972,0.13503285406156684,0.053103547287636874,0.012143560072207744,0.0013201320132013201,1.984166352506994e-05,2487,1,,5297,,,0.1,458434.506660992,52013.9502640377
reports/small_vehicle/cascade/gate_small_vehicle_mbv3small_isotonic.json,,isotonic,457669.741903872,51145.21337271435,0.5304889560128374,real,764.76475712,868.7368913233513,0.9760672703751617,gate_small_vehicle_mbv3small,0.46273500446451354,0.4327149321310458,0.20570917230025695,0.393877709398663,0.3297844011468098,0.23635974076339972,0.13503285406156684,0.053103547287636874,0.012143560072207744,0.0013201320132013201,1.984166352506994e-05,2487,1,,5297,,,0.15000000000000002,458434.506660992,52013.9502640377
reports/small_vehicle/cascade/gate_small_vehicle_mbv3small_isotonic.json,,isotonic,398965.822455808,44584.97088542208,0.5907117236171417,real,764.76475712,868.7368913233513,0.9411384217335058,gate_small_vehicle_mbv3small,0.4559436998653594,0.4316728954198075,0.20467625796581407,0.3929296828173528,0.3290226320507588,0.23600004193039728,0.13477879049355476,0.05290461949880637,0.012124521285264698,0.0013656538067599864,2.004249007896741e-05,2168,1,,5297,,,0.2,399730.587212928,45453.70777674543
reports/small_vehicle/cascade/gate_small_vehicle_mbv3small_isotonic.json,,isotonic,398965.822455808,44584.97088542208,0.5907117236171417,real,764.76475712,868.7368913233513,0.9411384217335058,gate_small_vehicle_mbv3small,0.4559436998653594,0.4316728954198075,0.20467625796581407,0.3929296828173528,0.3290226320507588,0.23600004193039728,0.13477879049355476,0.05290461949880637,0.012124521285264698,0.0013656538067599864,2.004249007896741e-05,2168,1,,5297,,,0.25,399730.587212928,45453.70777674543
reports/small_vehicle/cascade/gate_small_vehicle_mbv3small_isotonic.json,,isotonic,358664.385593344,40081.230745243374,0.6320558806871814,real,764.76475712,868.7368913233513,0.9003880983182406,gate_small_vehicle_mbv3small,0.4473487888506356,0.4239819649201414,0.20161904959475777,0.38630243130263975,0.32334451908210105,0.2349957059354503,0.1341008594953295,0.05253751365710411,0.012091568781022593,0.0014668133480014668,2.033057515197105e-05,1949,1,,5297,,,0.30000000000000004,359429.150350464,40949.967636566726
reports/small_vehicle/cascade/gate_small_vehicle_mbv3small_isotonic.json,,isotonic,358664.385593344,40081.230745243374,0.6320558806871814,real,764.76475712,868.7368913233513,0.9003880983182406,gate_small_vehicle_mbv3small,0.4473487888506356,0.4239819649201414,0.20161904959475777,0.38630243130263975,0.32334451908210105,0.2349957059354503,0.1341008594953295,0.05253751365710411,0.012091568781022593,0.0014668133480014668,2.033057515197105e-05,1949,1,,5297,,,0.35000000000000003,359429.150350464,40949.967636566726
reports/small_vehicle/cascade/gate_small_vehicle_mbv3small_isotonic.json,,isotonic,292047.39863347204,32636.69224869227,0.7003964508212195,real,764.76475712,868.7368913233513,0.8124191461836999,gate_small_vehicle_mbv3small,0.4376628646875458,0.4146630644214809,0.1967486895184901,0.3774075959395042,0.31524866755653574,0.228313673652374,0.12996898842781512,0.050559821268837554,0.01205571095018283,0.0015841584158415843,2.2349864783318057e-05,1587,1,,5297,,,0.4,292812.16339059203,33505.42914001562
reports/small_vehicle/cascade/gate_small_vehicle_mbv3small_isotonic.json,,isotonic,292047.39863347204,32636.69224869227,0.7003964508212195,real,764.76475712,868.7368913233513,0.8124191461836999,gate_small_vehicle_mbv3small,0.4376628646875458,0.4146630644214809,0.1967486895184901,0.3774075959395042,0.31524866755653574,0.228313673652374,0.12996898842781512,0.050559821268837554,0.01205571095018283,0.0015841584158415843,2.2349864783318057e-05,1587,1,,5297,,,0.45,292812.16339059203,33505.42914001562
reports/small_vehicle/cascade/gate_small_vehicle_mbv3small_isotonic.json,,isotonic,292047.39863347204,32636.69224869227,0.7003964508212195,real,764.76475712,868.7368913233513,0.8124191461836999,gate_small_vehicle_mbv3small,0.4376628646875458,0.4146630644214809,0.1967486895184901,0.3774075959395042,0.31524866755653574,0.228313673652374,0.12996898842781512,0.050559821268837554,0.01205571095018283,0.0015841584158415843,2.2349864783318057e-05,1587,1,,5297,,,0.5,292812.16339059203,33505.42914001562
reports/small_vehicle/cascade/gate_small_vehicle_mbv3small_isotonic.json,,isotonic,280637.8594304,31361.66079348186,0.7121011893524636,real,764.76475712,868.7368913233513,0.7917205692108668,gate_small_vehicle_mbv3small,0.42872578503981845,0.40593457550697587,0.1924326264994894,0.36887377842222485,0.3070920392545275,0.221410739047583,0.12836286058084037,0.050230679987806864,0.012082181506837802,0.0015841584158415843,2.9467232437529467e-05,1525,1,,5297,,,0.55,281402.62418752,32230.39768480521
reports/small_vehicle/cascade/gate_small_vehicle_mbv3small_isotonic.json,,isotonic,255242.43346227202,28523.68755446514,0.7381536718897489,real,764.76475712,868.7368913233513,0.7393272962483829,gate_small_vehicle_mbv3small,0.4102854645552732,0.38790207477316,0.18384588494651316,0.35146373403040343,0.2948273794198037,0.21052754238575472,0.12099760242373189,0.04864397513903691,0.011969120390434154,0.0018001800180018003,4.177632953168734e-05,1387,1,,5297,,,0.6000000000000001,256007.198219392,29392.424445788492
reports/small_vehicle/cascade/gate_small_vehicle_mbv3small_isotonic.json,,isotonic,220461.741375488,24636.898118420504,0.7738342457995091,real,764.76475712,868.7368913233513,0.6610608020698577,gate_small_vehicle_mbv3small,0.4004751155084352,0.3784131851419151,0.17897293000534137,0.3426880520085928,0.28701941844014967,0.20437508305781835,0.1170971938385219,0.046657361666334635,0.011859775980205357,0.0011001100110011,4.4004400440044006e-05,1198,1,,5297,,,0.65,221226.506132608,25505.635009743855
reports/small_vehicle/cascade/gate_small_vehicle_mbv3small_isotonic.json,,isotonic,192121.918193664,21469.884503865615,0.8029073060222768,real,764.76475712,868.7368913233513,0.591849935316947,gate_small_vehicle_mbv3small,0.3858984877073103,0.36405536954982487,0.173152574863716,0.3340874972765265,0.27909499280728955,0.19764915252537085,0.11214637760395736,0.04575531152964926,0.011625906402597981,0.0011648223645894002,4.783087004352609e-05,1044,1,,5297,,,0.7000000000000001,192886.682950784,22338.621395188966
reports/small_vehicle/cascade/gate_small_vehicle_mbv3small_isotonic.json,,isotonic,192121.918193664,21469.884503865615,0.8029073060222768,real,764.76475712,868.7368913233513,0.591849935316947,gate_small_vehicle_mbv3small,0.3858984877073103,0.36405536954982487,0.173152574863716,0.3340874972765265,0.27909499280728955,0.19764915252537085,0.11214637760395736,0.04575531152964926,0.011625906402597981,0.0011648223645894002,4.783087004352609e-05,1044,1,,5297,,,0.75,192886.682950784,22338.621395188966
reports/small_vehicle/cascade/gate_small_vehicle_mbv3small_isotonic.json,,isotonic,163966.119837696,18323.43591278186,0.8317915801397018,real,764.76475712,868.7368913233513,0.5168175937904269,gate_small_vehicle_mbv3small,0.3605061440233859,0.34522818540194217,0.16261789975376298,0.3111847695744097,0.25881776163708153,0.18913801250504086,0.10649461256943826,0.04275248591592093,0.01068394742609149,0.0013201320132013201,5.2946471117700005e-05,891,1,,5297,,,0.8,164730.884594816,19192.172804105212
reports/small_vehicle/cascade/gate_small_vehicle_mbv3small_isotonic.json,,isotonic,144827.53794867202,16184.673471783753,0.851425335095337,real,764.76475712,868.7368913233513,0.46054333764553684,gate_small_vehicle_mbv3small,0.3425042638513717,0.3281939527063101,0.15583085919001857,0.30067778519201516,0.24987227629575096,0.17827536835076635,0.10163426622180473,0.04211608165848943,0.013909049785613954,0.0010662604722010663,5.928736586233474e-05,787,1,,5297,,,0.8500000000000001,145592.302705792,17053.410363107105
reports/small_vehicle/cascade/gate_small_vehicle_mbv3small_isotonic.json,,isotonic,68641.260044288,7670.753754733596,0.9295827827071927,real,764.76475712,868.7368913233513,0.22833117723156532,gate_small_vehicle_mbv3small,0.23528494865503982,0.22281514522674234,0.10568353814010037,0.20464992757146436,0.16639070083733976,0.11644891146910666,0.06802565981580143,0.027717109987223536,0.012019296136782409,0.0033003300330033,0.00018335166850018335,373,1,,5297,,,0.9,69406.02480140801,8539.490646056947
reports/small_vehicle/cascade/gate_small_vehicle_mbv3small_isotonic.json,,isotonic,28339.823181824002,3167.0136145548895,0.9709269397772324,real,764.76475712,868.7368913233513,0.09896507115135834,gate_small_vehicle_mbv3small,0.1327548013994162,0.13027157643660056,0.06353929564628072,0.11764606855229931,0.1000877820112762,0.07274391480322324,0.0413288341566073,0.01906648854989287,0.011010089272186765,0.009900990099009901,0.0005824111822947001,154,1,,5297,,,0.9500000000000001,29104.587938944,4035.750505878241
reports/small_vehicle/cascade/gate_small_vehicle_mbv3small_isotonic.json,,isotonic,21346.879799296003,2385.542722651735,0.978100811780253,real,764.76475712,868.7368913233513,0.07503234152652005,gate_small_vehicle_mbv3small,0.11308235585004221,0.10311735291137257,0.05323992838685073,0.09907924944103937,0.08345393259270192,0.05886156355953308,0.035562822545983044,0.01838019352513495,0.010954257700388624,0.009900990099009901,6.565643301730703e-06,116,1,,5297,,,1.0,22111.644556416002,3254.2796139750862
reports/small_vehicle/cascade/gate_small_vehicle_mbv3small_platt.json,,platt,974779.5025592321,108932.92932660552,0.0,real,764.76475712,868.7368913233513,1.0,gate_small_vehicle_mbv3small,0.46409681496513056,0.43910574660454144,0.2072207906798532,0.3949619886839381,0.33074709716487083,0.24060801291396436,0.13539707857177424,0.05324152294588788,0.012709671271698286,0.0013201320132013201,1.984166352506994e-05,5297,1,,5297,,,0.0,975544.2673163521,109801.66621792887
reports/small_vehicle/cascade/gate_small_vehicle_mbv3small_platt.json,,platt,574709.531148288,64224.56830035662,0.4104209930149141,real,764.76475712,868.7368913233513,0.9987063389391979,gate_small_vehicle_mbv3small,0.4641198596643227,0.43912663712593214,0.20722981490848089,0.3949796956128687,0.3307597860776323,0.24061853527443156,0.13540209185634772,0.05324152013211553,0.01271004966443184,0.0013201320132013201,1.984166352506994e-05,3123,1,,5297,,,0.05,575474.2959054081,65093.305191679974
reports/small_vehicle/cascade/gate_small_vehicle_mbv3small_platt.json,,platt,508460.59384012804,56821.15985074779,0.4783839909382669,real,764.76475712,868.7368913233513,0.9896507115135834,gate_small_vehicle_mbv3small,0.4640556730691061,0.43905190497150964,0.20722069099301757,0.39494811942942454,0.330759745794465,0.24066061834322394,0.13541384688524644,0.05326275782368544,0.012714269936787996,0.0013201320132013201,1.984166352506994e-05,2763,1,,5297,,,0.1,509225.35859724804,57689.89674207114
reports/small_vehicle/cascade/gate_small_vehicle_mbv3small_platt.json,,platt,457301.69225216,51104.08332577208,0.5308665282235228,real,764.76475712,868.7368913233513,0.9747736093143596,gate_small_vehicle_mbv3small,0.46273500446451354,0.4327149321310458,0.20570917230025695,0.393877709398663,0.3297844011468098,0.23635974076339972,0.13503285406156684,0.053103547287636874,0.012143560072207744,0.0013201320132013201,1.984166352506994e-05,2485,1,,5297,,,0.15000000000000002,458066.45700928,51972.82021709543
reports/small_vehicle/cascade/gate_small_vehicle_mbv3small_platt.json,,platt,410927.436136448,45921.6974110459,0.5784406267698697,real,764.76475712,868.7368913233513,0.9469598965071151,gate_small_vehicle_mbv3small,0.4614488586873989,0.4317117837756107,0.20521810490116263,0.3929349366484873,0.3289900837088669,0.23595634565807036,0.13473665106567864,0.05289379998762754,0.012122893183046718,0.0013656538067599864,2.004249007896741e-05,2233,1,,5297,,,0.2,411692.200893568,46790.43430236925
reports/small_vehicle/cascade/gate_small_vehicle_mbv3small_platt.json,,platt,378723.09161164804,42322.81830359716,0.6114781952048329,real,764.76475712,868.7368913233513,0.9178525226390686,gate_small_vehicle_mbv3small,0.45347079573817434,0.4245546481788151,0.20239797392342446,0.3866827391775655,0.32363584233557646,0.2352022094869248,0.13425094242579363,0.052607333442008554,0.0120880845262326,0.0014668133480014668,2.033057515197105e-05,2058,1,,5297,,,0.25,379487.856368768,43191.55519492051
reports/small_vehicle/cascade/gate_small_vehicle_mbv3small_platt.json,,platt,348543.020171264,38950.154454330914,0.642439116481027,real,764.76475712,868.7368913233513,0.8842173350582148,gate_small_vehicle_mbv3small,0.4467243199289459,0.4235621925929215,0.20141410639338075,0.385944034734918,0.3231104966568065,0.23480856731795904,0.133933539717001,0.05248349740369282,0.012087271658409395,0.0014668133480014668,2.033057515197105e-05,1894,1,,5297,,,0.30000000000000004,349307.784928384,39818.891345654265
reports/small_vehicle/cascade/gate_small_vehicle_mbv3small_platt.json,,platt,326828.09072025603,36523.48168473691,0.6647158769114594,real,764.76475712,868.7368913233513,0.8557567917205692,gate_small_vehicle_mbv3small,0.4385421625869162,0.41548977436304574,0.19715335824087885,0.37822686493924385,0.31590256693434526,0.22885408135650456,0.1302563003072625,0.050599062014172504,0.012056261626672905,0.0015841584158415843,2.2349864783318057e-05,1776,1,,5297,,,0.35000000000000003,327592.855477376,37392.21857606026
reports/small_vehicle/cascade/gate_small_vehicle_mbv3small_platt.json,,platt,303640.96266240004,33932.288727373816,0.6885029261846328,real,764.76475712,868.7368913233513,0.8279430789133247,gate_small_vehicle_mbv3small,0.43810935465567513,0.4150925265691141,0.19695680407353738,0.37779593744933626,0.3156007251421188,0.2286023793652149,0.13009151761523327,0.05061179282837164,0.012057298829684765,0.0015841584158415843,2.2349864783318057e-05,1650,1,,5297,,,0.4,304405.72741952003,34801.02561869717
reports/small_vehicle/cascade/gate_small_vehicle_mbv3small_platt.json,,platt,285054.455250944,31855.221356789116,0.7075703228242401,real,764.76475712,868.7368913233513,0.7981888745148771,gate_small_vehicle_mbv3small,0.42902148025153763,0.4061035819415172,0.19251092473876266,0.36899847210699127,0.3071533341584679,0.221436860144888,0.12842545449738155,0.05026352472265156,0.012092913915912364,0.0015841584158415843,2.9467232437529467e-05,1549,1,,5297,,,0.45,285819.220008064,32723.958248112467
reports/small_vehicle/cascade/gate_small_vehicle_mbv3small_platt.json,,platt,266651.972665344,29798.71900967555,0.7264489333585048,real,764.76475712,868.7368913233513,0.7626131953428201,gate_small_vehicle_mbv3small,0.42216754364869447,0.4050642399889113,0.19143769725105378,0.36808120618528656,0.30648272710217456,0.22089940747062592,0.1279564395506731,0.05005882224500095,0.012052695200329172,0.0015841584158415843,2.9732703000029733e-05,1449,1,,5297,,,0.5,267416.737422464,30667.455900998903
reports/small_vehicle/cascade/gate_small_vehicle_mbv3small_platt.json,,platt,251561.936945152,28112.38708504243,0.7419293939966018,real,764.76475712,868.7368913233513,0.7289780077619664,gate_small_vehicle_mbv3small,0.40969107932979987,0.3872768077988977,0.18353956880551922,0.35088375524660537,0.2941745095880108,0.21013578575827582,0.12085408889430138,0.04856937719378343,0.011968150879638718,0.0018001800180018003,4.19533478771606e-05,1367,1,,5297,,,0.55,252326.701702272,28981.12397636578
reports/small_vehicle/cascade/gate_small_vehicle_mbv3small_platt.json,,platt,233711.52883712001,26117.57980834227,0.7602416462148386,real,764.76475712,868.7368913233513,0.6869340232858991,gate_small_vehicle_mbv3small,0.40242714257523954,0.3855293522920821,0.1811943449979214,0.34925074284872887,0.28832247281773343,0.20902927390905016,0.11754845376114197,0.04679757898688173,0.011894706080883685,0.0011001100110011,4.361669647140926e-05,1270,1,,5297,,,0.6000000000000001,234476.29359424,26986.316699665622
reports/small_vehicle/cascade/gate_small_vehicle_mbv3small_platt.json,,platt,214388.92212224,23958.252343873028,0.7800641872758165,real,764.76475712,868.7368913233513,0.6448900388098319,gate_small_vehicle_mbv3small,0.39376896078473517,0.37721203838876965,0.1779631076302049,0.3417458660328366,0.2862103011249938,0.20401978655756067,0.11697589690808965,0.04669256347412113,0.01186135217128505,0.0011001100110011,4.4200848656294196e-05,1165,1,,5297,,,0.65,215153.68687936,24826.98923519638
reports/small_vehicle/cascade/gate_small_vehicle_mbv3small_platt.json,,platt,196354.48918835202,21942.880043701734,0.7985652255993959,real,764.76475712,868.7368913233513,0.5989650711513583,gate_small_vehicle_mbv3small,0.3865323915181176,0.3704747522579471,0.17487746557850545,0.33501029680525585,0.2800870927175218,0.2023818551193633,0.11551946636114589,0.04589954742759838,0.011656830299577713,0.0011648223645894002,4.76009139375476e-05,1067,1,,5297,,,0.7000000000000001,197119.253945472,22811.616935025086
reports/small_vehicle/cascade/gate_small_vehicle_mbv3small_platt.json,,platt,177215.907299328,19804.117602703627,0.8181989805550312,real,764.76475712,868.7368913233513,0.5504527813712807,gate_small_vehicle_mbv3small,0.3693649828271094,0.3540338838026105,0.16690483118119576,0.31927914239801286,0.2661933440028802,0.19135413758978978,0.11091406231137521,0.04514987966920042,0.011543282538189726,0.0011648223645894002,5.077430820005077e-05,963,1,,5297,,,0.75,177980.672056448,20672.85449402698
reports/small_vehicle/cascade/gate_small_vehicle_mbv3small_platt.json,,platt,154948.903370752,17315.749762696214,0.8410420993014914,real,764.76475712,868.7368913233513,0.4890038809831824,gate_small_vehicle_mbv3small,0.3519273183410432,0.33714223402445836,0.1600857851273712,0.3086417585878609,0.25669785084256547,0.18365225754488043,0.10537877898012982,0.04237307762637083,0.013919729113971222,0.0010662604722010663,5.8585740230827815e-05,842,1,,5297,,,0.8,155713.668127872,18184.486654019565
reports/small_vehicle/cascade/gate_small_vehicle_mbv3small_platt.json,,platt,129001.402925056,14416.081453266088,0.8676609401548045,real,764.76475712,868.7368913233513,0.4113842173350582,gate_small_vehicle_mbv3small,0.325026374084605,0.3110983875522738,0.14832152973975243,0.2846518672674716,0.2355950079233905,0.1715350342556084,0.1002342135505839,0.04002907912547649,0.013847657613511866,0.0011361791916896609,6.149683291310496e-05,701,1,,5297,,,0.8500000000000001,129766.167682176,15284.81834458944
reports/small_vehicle/cascade/gate_small_vehicle_mbv3small_platt.json,,platt,96981.08322611201,10837.767369288485,0.9005097224844252,real,764.76475712,868.7368913233513,0.315006468305304,gate_small_vehicle_mbv3small,0.28681741397289706,0.2734610438701498,0.12938167713332865,0.24770086378055137,0.20601084357958066,0.14623027758790574,0.08280885314606959,0.034945224894792855,0.013267993075596738,0.0024752475247524753,9.900990099009902e-05,527,1,,5297,,,0.9,97745.84798323202,11706.504260611837
reports/small_vehicle/cascade/gate_small_vehicle_mbv3small_platt.json,,platt,59808.0684032,6683.632628119085,0.9386445157636398,real,764.76475712,868.7368913233513,0.19922380336351875,gate_small_vehicle_mbv3small,0.21718177909456207,0.21161886589233614,0.09869502269137923,0.18791796620491585,0.15692443376174264,0.1088792644340923,0.06276653826145166,0.027049257019058238,0.009450967832319634,0.0049504950495049506,0.0002106593638087213,325,1,,5297,,,0.9500000000000001,60572.83316032,7552.369519442436
reports/small_vehicle/cascade/gate_small_vehicle_mbv3small_platt.json,,platt,0.0,0.0,1.0,real,764.76475712,868.7368913233513,0.0,gate_small_vehicle_mbv3small,0.0,0.0,0.0,0.0,0.0,0.0,0.0,0.0,0.0,0.0,0.0,0,1,,5297,,,1.0,764.76475712,868.7368913233513
reports/small_vehicle/cascade/gate_small_vehicle_mbv3small_temperature.json,,temperature,974779.5025592321,108932.92932660552,0.0,real,764.76475712,868.7368913233513,1.0,gate_small_vehicle_mbv3small,0.46409681496513056,0.43910574660454144,0.2072207906798532,0.3949619886839381,0.33074709716487083,0.24060801291396436,0.13539707857177424,0.05324152294588788,0.012709671271698286,0.0013201320132013201,1.984166352506994e-05,5297,1,,5297,,,0.0,975544.2673163521,109801.66621792887
reports/small_vehicle/cascade/gate_small_vehicle_mbv3small_temperature.json,,temperature,609306.198409216,68090.79271293012,0.37492920521049655,real,764.76475712,868.7368913233513,0.999353169469599,gate_small_vehicle_mbv3small,0.46409654347613044,0.43910491959699277,0.2072201561877561,0.3949610876452428,0.3307446458851084,0.24060834276824483,0.13539669536830917,0.053239632411228456,0.012709721049577787,0.0013201320132013201,1.984166352506994e-05,3311,1,,5297,,,0.05,610070.9631663361,68959.52960425348
reports/small_vehicle/cascade/gate_small_vehicle_mbv3small_temperature.json,,temperature,593848.113037312,66363.33074135473,0.39078723805927884,real,764.76475712,868.7368913233513,0.999353169469599,gate_small_vehicle_mbv3small,0.46409654347613044,0.43910491959699277,0.2072201561877561,0.3949610876452428,0.3307446458851084,0.24060834276824483,0.13539669536830917,0.053239632411228456,0.012709721049577787,0.0013201320132013201,1.984166352506994e-05,3227,1,,5297,,,0.1,594612.8777944321,67232.06763267808
reports/small_vehicle/cascade/gate_small_vehicle_mbv3small_temperature.json,,temperature,575997.70492928,64368.52346465457,0.4090994902775156,real,764.76475712,868.7368913233513,0.9987063389391979,gate_small_vehicle_mbv3small,0.4641198596643227,0.43912663712593214,0.20722981490848089,0.3949796956128687,0.3307597860776323,0.24061853527443156,0.13540209185634772,0.05324152013211553,0.01271004966443184,0.0013201320132013201,1.984166352506994e-05,3130,1,,5297,,,0.15000000000000002,576762.4696864,65237.26035597792
reports/small_vehicle/cascade/gate_small_vehicle_mbv3small_temperature.json,,temperature,547841.906573312,61222.07487357082,0.4379837643949406,real,764.76475712,868.7368913233513,0.9954721862871928,gate_small_vehicle_mbv3small,0.46405255103358883,0.43904814143026505,0.20722149869923312,0.3949507554564635,0.33076259534224595,0.24066670065903997,0.13541679750072183,0.053263385794344156,0.012714086098935354,0.0013201320132013201,1.984166352506994e-05,2977,1,,5297,,,0.2,548606.6713304321,62090.81176489417
reports/small_vehicle/cascade/gate_small_vehicle_mbv3small_temperature.json,,temperature,509748.76762112003,56965.11501504574,0.4770624882008684,real,764.76475712,868.7368913233513,0.9896507115135834,gate_small_vehicle_mbv3small,0.46405265398564693,0.4390489196543127,0.20721957663163132,0.39494605310126535,0.3307583283803069,0.2406595289339914,0.1354134479425961,0.053262624213179136,0.012714236428288153,0.0013201320132013201,1.984166352506994e-05,2770,1,,5297,,,0.25,510513.53237824,57833.85190636909
reports/small_vehicle/cascade/gate_small_vehicle_mbv3small_temperature.json,,temperature,477176.373444608,53325.10586065473,0.5104776288465169,real,764.76475712,868.7368913233513,0.981888745148771,gate_small_vehicle_mbv3small,0.46405917700071403,0.4390618726588936,0.20722406648241715,0.3949527634376171,0.3307583618733968,0.24066333670137044,0.1354197201165483,0.05326857835468757,0.012716881004216913,0.0013201320132013201,1.984166352506994e-05,2593,1,,5297,,,0.30000000000000004,477941.138201728,54193.84275197808
reports/small_vehicle/cascade/gate_small_vehicle_mbv3small_temperature.json,,temperature,446996.30200422404,49952.442011388484,0.541438550122711,real,764.76475712,868.7368913233513,0.9689521345407504,gate_small_vehicle_mbv3small,0.4625305222452773,0.43263253470548035,0.20571202034118957,0.39389242679581177,0.3299084369525784,0.2364630438150298,0.13508825973938968,0.05311996687697613,0.012145038604625727,0.0013201320132013201,1.984166352506994e-05,2429,1,,5297,,,0.35000000000000003,447761.06676134403,50821.178902711836
reports/small_vehicle/cascade/gate_small_vehicle_mbv3small_temperature.json,,temperature,412031.585091584,46045.08755187271,0.5773079101378138,real,764.76475712,868.7368913233513,0.9476067270375161,gate_small_vehicle_mbv3small,0.4618289692652545,0.4320423148817219,0.2053799376839994,0.3933101108443356,0.3293683996258486,0.23609681258184168,0.1347494441589266,0.05289889060820088,0.012118738577025282,0.0013656538067599864,2.004249007896741e-05,2239,1,,5297,,,0.4,412796.349848704,46913.82444319606
reports/small_vehicle/cascade/gate_small_vehicle_mbv3small_temperature.json,,temperature,384059.811561472,42919.20398426009,0.6060033981498962,real,764.76475712,868.7368913233513,0.9243208279430789,gate_small_vehicle_mbv3small,0.4535012174711765,0.4245695173475284,0.20239857698027958,0.3866905498152681,0.32362459610811734,0.23517719675442675,0.13424050604674398,0.05260738205039153,0.012087660285989815,0.0014668133480014668,2.033057515197105e-05,2087,1,,5297,,,0.45,384824.576318592,43787.940875583445
reports/small_vehicle/cascade/gate_small_vehicle_mbv3small_temperature.json,,temperature,355904.013205504,39772.75539317634,0.6348876722673211,real,764.76475712,868.7368913233513,0.8945666235446313,gate_small_vehicle_mbv3small,0.4469712465162535,0.42361281222692,0.20142413316994734,0.3859262981643229,0.3230483886506962,0.23477005847235044,0.13388673753228245,0.052456392528298014,0.012082253685196486,0.0014668133480014668,2.033057515197105e-05,1934,1,,5297,,,0.5,356668.777962624,40641.49228449969
reports/small_vehicle/cascade/gate_small_vehicle_mbv3small_temperature.json,,temperature,332900.909973504,37202.127459284384,0.658485935435152,real,764.76475712,868.7368913233513,0.8628719275549805,gate_small_vehicle_mbv3small,0.43859486751229565,0.41551953250644086,0.1971700855168381,0.37824880911079184,0.31592021698356765,0.22885889470018775,0.13028626219611333,0.050602582475287324,0.012063181403071686,0.0015841584158415843,2.2349864783318057e-05,1809,1,,5297,,,0.55,333665.674730624,38070.864350607735
reports/small_vehicle/cascade/gate_small_vehicle_mbv3small_temperature.json,,temperature,306401.33505024,34240.76407944085,0.685671134604493,real,764.76475712,868.7368913233513,0.8305304010349288,gate_small_vehicle_mbv3small,0.43820410302221524,0.41519477094456914,0.19701848852717566,0.37793366861054306,0.31573563011438327,0.2287312996678225,0.13013402102371052,0.05059025348279732,0.012054630125090764,0.0015841584158415843,2.2349864783318057e-05,1665,1,,5297,,,0.6000000000000001,307166.09980736,35109.5009707642
reports/small_vehicle/cascade/gate_small_vehicle_mbv3small_temperature.json,,temperature,282478.10768896004,31567.311028193217,0.7102133282990373,real,764.76475712,868.7368913233513,0.794954721862872,gate_small_vehicle_mbv3small,0.42897214865322403,0.4060633227027921,0.1924803016546176,0.36894693504197085,0.3070902246340802,0.221403749548809,0.12836680580034981,0.05025730348747958,0.01208890102919133,0.0015841584158415843,2.9467232437529467e-05,1535,1,,5297,,,0.65,283242.87244608003,32436.047919516568
reports/small_vehicle/cascade/gate_small_vehicle_mbv3small_temperature.json,,temperature,258370.855501824,28873.292953474447,0.734944308098924,real,764.76475712,868.7368913233513,0.7445019404915912,gate_small_vehicle_mbv3small,0.4105463542526095,0.388103206686633,0.18396290365951712,0.35166665202051023,0.29503529963787084,0.21068248796249625,0.12109495288834925,0.04869015614724399,0.011967970651924719,0.0018001800180018003,4.177632953168734e-05,1404,1,,5297,,,0.7000000000000001,259135.620258944,29742.0298447978
reports/small_vehicle/cascade/gate_small_vehicle_mbv3small_temperature.json,,temperature,234447.628140544,26199.839902226813,0.759486501793468,real,764.76475712,868.7368913233513,0.6882276843467011,gate_small_vehicle_mbv3small,0.40251836952983855,0.3855483501794449,0.18119855940531543,0.3492379493539872,0.2883026203996742,0.20901019909720392,0.11753557695034583,0.046794543977310296,0.01189425785787713,0.0011001100110011,4.361669647140926e-05,1274,1,,5297,,,0.75,235212.392897664,27068.576793550164
reports/small_vehicle/cascade/gate_small_vehicle_mbv3small_temperature.json,,temperature,204819.631177728,22888.871123373974,0.7898810647536341,real,764.76475712,868.7368913233513,0.6190168175937905,gate_small_vehicle_mbv3small,0.3926552874021786,0.37091796346231076,0.17578795317052304,0.3354703175796767,0.28058104808069056,0.20293737831133907,0.11610328449129395,0.04625707786981945,0.011746301026592248,0.0011648223645894002,4.605111673958094e-05,1113,1,,5297,,,0.8,205584.395934848,23757.608014697325
reports/small_vehicle/cascade/gate_small_vehicle_mbv3small_temperature.json,,temperature,172983.33630464002,19331.122062867507,0.822541060977912,real,764.76475712,868.7368913233513,0.5407503234152652,gate_small_vehicle_mbv3small,0.3683508022096036,0.34717872873613914,0.16540443901734964,0.3181000740220172,0.2649101573458599,0.1902234557094552,0.10968147340622116,0.042954691312979694,0.011355546024347001,0.0012376237623762376,5.183764449743404e-05,940,1,,5297,,,0.8500000000000001,173748.10106176,20199.85895419086
reports/small_vehicle/cascade/gate_small_vehicle_mbv3small_temperature.json,,temperature,130105.55188019201,14539.471594092902,0.8665282235227487,real,764.76475712,868.7368913233513,0.41461836998706336,gate_small_vehicle_mbv3small,0.32522928179435534,0.3113126787026036,0.14892027194945914,0.28490070079491225,0.2405878551511658,0.17167272237619177,0.1004110882320116,0.040047040741988775,0.013843675676759492,0.0011361791916896609,6.149683291310496e-05,707,1,,5297,,,0.9,130870.31663731202,15408.208485416253
reports/small_vehicle/cascade/gate_small_vehicle_mbv3small_temperature.json,,temperature,78946.650292224,8822.395069117192,0.9190107608080045,real,764.76475712,868.7368913233513,0.25808538163001293,gate_small_vehicle_mbv3small,0.2507234712837551,0.23780718345143842,0.11100481194900338,0.21261429834695253,0.17285410505578386,0.12194263764008482,0.06886133522077033,0.029736120263473234,0.012043621693122111,0.0033003300330033,0.00016501650165016502,429,1,,5297,,,0.9500000000000001,79711.41504934401,9691.131960440543
reports/small_vehicle/cascade/gate_small_vehicle_mbv3small_temperature.json,,temperature,0.0,0.0,1.0,real,764.76475712,868.7368913233513,0.0,gate_small_vehicle_mbv3small,0.0,0.0,0.0,0.0,0.0,0.0,0.0,0.0,0.0,0.0,0.0,0,1,,5297,,,1.0,764.76475712,868.7368913233513
reports/small_vehicle/cascade/gate_small_vehicle_resnet18_context_adaptive.json,,context_adaptive,974779.5025592321,108932.92932660552,0.0,real,25232.186443776005,1802.2176906088134,1.0,gate_small_vehicle_resnet18,0.4640964474990524,0.439105822337762,0.20722043886218394,0.3949618021477602,0.3307467986261782,0.2406075726392861,0.135396789970095,0.053239510453280826,0.012709671271698286,0.0013201320132013201,1.984166352506994e-05,5297,1,,5297,,,0.0,1000011.6890030081,110735.14701721433
reports/small_vehicle/cascade/gate_small_vehicle_resnet18_context_adaptive.json,,context_adaptive,610410.347364352,68214.18285375694,0.3737964885784406,real,25232.186443776005,1802.2176906088134,1.0,gate_small_vehicle_resnet18,0.46409657406680394,0.43910628709759103,0.2072206364263724,0.3949620226890202,0.3307468975945087,0.2406084410226932,0.135396789970095,0.053239632411228456,0.01270974573505696,0.0013201320132013201,1.984166352506994e-05,3317,1,,5297,,,0.05,635642.533808128,70016.40054436575
reports/small_vehicle/cascade/gate_small_vehicle_resnet18_context_adaptive.json,,context_adaptive,610410.347364352,68214.18285375694,0.3737964885784406,real,25232.186443776005,1802.2176906088134,1.0,gate_small_vehicle_resnet18,0.46409657406680394,0.43910628709759103,0.2072206364263724,0.3949620226890202,0.3307468975945087,0.2406084410226932,0.135396789970095,0.053239632411228456,0.01270974573505696,0.0013201320132013201,1.984166352506994e-05,3317,1,,5297,,,0.1,635642.533808128,70016.40054436575
reports/small_vehicle/cascade/gate_small_vehicle_resnet18_context_adaptive.json,,context_adaptive,610410.347364352,68214.18285375694,0.3737964885784406,real,25232.186443776005,1802.2176906088134,1.0,gate_small_vehicle_resnet18,0.46409657406680394,0.43910628709759103,0.2072206364263724,0.3949620226890202,0.3307468975945087,0.2406084410226932,0.135396789970095,0.053239632411228456,0.01270974573505696,0.0013201320132013201,1.984166352506994e-05,3317,1,,5297,,,0.15000000000000002,635642.533808128,70016.40054436575
reports/small_vehicle/cascade/gate_small_vehicle_resnet18_context_adaptive.json,,context_adaptive,610410.347364352,68214.18285375694,0.3737964885784406,real,25232.186443776005,1802.2176906088134,1.0,gate_small_vehicle_resnet18,0.46409657406680394,0.43910628709759103,0.2072206364263724,0.3949620226890202,0.3307468975945087,0.2406084410226932,0.135396789970095,0.053239632411228456,0.01270974573505696,0.0013201320132013201,1.984166352506994e-05,3317,1,,5297,,,0.2,635642.533808128,70016.40054436575
reports/small_vehicle/cascade/gate_small_vehicle_resnet18_context_adaptive.json,,context_adaptive,610410.347364352,68214.18285375694,0.3737964885784406,real,25232.186443776005,1802.2176906088134,1.0,gate_small_vehicle_resnet18,0.46409657406680394,0.43910628709759103,0.2072206364263724,0.3949620226890202,0.3307468975945087,0.2406084410226932,0.135396789970095,0.053239632411228456,0.01270974573505696,0.0013201320132013201,1.984166352506994e-05,3317,1,,5297,,,0.25,635642.533808128,70016.40054436575
reports/small_vehicle/cascade/gate_small_vehicle_resnet18_context_adaptive.json,,context_adaptive,610410.347364352,68214.18285375694,0.3737964885784406,real,25232.186443776005,1802.2176906088134,1.0,gate_small_vehicle_resnet18,0.46409657406680394,0.43910628709759103,0.2072206364263724,0.3949620226890202,0.3307468975945087,0.2406084410226932,0.135396789970095,0.053239632411228456,0.01270974573505696,0.0013201320132013201,1.984166352506994e-05,3317,1,,5297,,,0.30000000000000004,635642.533808128,70016.40054436575
reports/small_vehicle/cascade/gate_small_vehicle_resnet18_context_adaptive.json,,context_adaptive,610410.347364352,68214.18285375694,0.3737964885784406,real,25232.186443776005,1802.2176906088134,1.0,gate_small_vehicle_resnet18,0.46409657406680394,0.43910628709759103,0.2072206364263724,0.3949620226890202,0.3307468975945087,0.2406084410226932,0.135396789970095,0.053239632411228456,0.01270974573505696,0.0013201320132013201,1.984166352506994e-05,3317,1,,5297,,,0.35000000000000003,635642.533808128,70016.40054436575
reports/small_vehicle/cascade/gate_small_vehicle_resnet18_context_adaptive.json,,context_adaptive,610410.347364352,68214.18285375694,0.3737964885784406,real,25232.186443776005,1802.2176906088134,1.0,gate_small_vehicle_resnet18,0.46409657406680394,0.43910628709759103,0.2072206364263724,0.3949620226890202,0.3307468975945087,0.2406084410226932,0.135396789970095,0.053239632411228456,0.01270974573505696,0.0013201320132013201,1.984166352506994e-05,3317,1,,5297,,,0.4,635642.533808128,70016.40054436575
reports/small_vehicle/cascade/gate_small_vehicle_resnet18_context_adaptive.json,,context_adaptive,610410.347364352,68214.18285375694,0.3737964885784406,real,25232.186443776005,1802.2176906088134,1.0,gate_small_vehicle_resnet18,0.46409657406680394,0.43910628709759103,0.2072206364263724,0.3949620226890202,0.3307468975945087,0.2406084410226932,0.135396789970095,0.053239632411228456,0.01270974573505696,0.0013201320132013201,1.984166352506994e-05,3317,1,,5297,,,0.45,635642.533808128,70016.40054436575
reports/small_vehicle/cascade/gate_small_vehicle_resnet18_context_adaptive.json,,context_adaptive,381851.5136512,42672.423702606466,0.6082688314140079,real,25232.186443776005,1802.2176906088134,0.9501940491591203,gate_small_vehicle_resnet18,0.46327686172743887,0.43873614463700006,0.20708599497625496,0.39480724220105234,0.33074163721358424,0.24054249967033783,0.1354500030261268,0.05324629104233004,0.012719136231277814,0.0013201320132013201,2.0002000200020003e-05,2075,1,,5297,,,0.5,407083.700094976,44474.64139321528
reports/small_vehicle/cascade/gate_small_vehicle_resnet18_context_adaptive.json,,context_adaptive,349279.119474688,39032.414548215456,0.6416839720596563,real,25232.186443776005,1802.2176906088134,0.9230271668822768,gate_small_vehicle_resnet18,0.46305935239034596,0.4332968639464557,0.2064913904971951,0.3946084961309668,0.33060846921142295,0.24059106043651377,0.13543267547561233,0.05324205312958111,0.012734759747771671,0.0013201320132013201,2.004249007896741e-05,1898,1,,5297,,,0.55,374511.30591846403,40834.63223882427
reports/small_vehicle/cascade/gate_small_vehicle_resnet18_context_adaptive.json,,context_adaptive,329588.46310809604,36831.95703680394,0.6618840853313196,real,25232.186443776005,1802.2176906088134,0.8978007761966365,gate_small_vehicle_resnet18,0.4569838527694358,0.43298131877381674,0.2053865742816457,0.39444931194716637,0.3305401606786557,0.2369509950548329,0.1352979571140543,0.053170667070569555,0.012151304904644894,0.0013201320132013201,2.004249007896741e-05,1791,1,,5297,,,0.6000000000000001,354820.64955187205,38634.174727412756
reports/small_vehicle/cascade/gate_small_vehicle_resnet18_context_adaptive.json,,context_adaptive,318178.923905024,35556.92558159353,0.6735888238625637,real,25232.186443776005,1802.2176906088134,0.8868046571798189,gate_small_vehicle_resnet18,0.45672008656669333,0.43287962184125445,0.20536023353194244,0.3944510221060351,0.33059715179263677,0.23699682735176744,0.13529945236218605,0.05317028230187851,0.01214767583955455,0.0013201320132013201,2.008314421705862e-05,1729,1,,5297,,,0.65,343411.1103488,37359.143272202346
reports/small_vehicle/cascade/gate_small_vehicle_resnet18_context_adaptive.json,,context_adaptive,303824.987488256,33952.85375084495,0.6883141400792901,real,25232.186443776005,1802.2176906088134,0.8622250970245796,gate_small_vehicle_resnet18,0.45637858983924023,0.4326135572540067,0.20522447403328575,0.3941779855303124,0.3303997501693905,0.23686123609911183,0.1352081574304698,0.0531137858191157,0.012151463033791937,0.0013201320132013201,2.008314421705862e-05,1651,1,,5297,,,0.7000000000000001,329057.173932032,35755.071441453765
reports/small_vehicle/cascade/gate_small_vehicle_resnet18_context_adaptive.json,,context_adaptive,293703.62206617603,32821.77745993249,0.6986973758731357,real,25232.186443776005,1802.2176906088134,0.8467011642949547,gate_small_vehicle_resnet18,0.45662850910043123,0.43280723489960243,0.2043267147010246,0.3892680000898758,0.3259413249327631,0.23686604524078872,0.13515431004041062,0.05310714099247271,0.01215436655648267,0.0013201320132013201,2.008314421705862e-05,1596,1,,5297,,,0.75,318935.80850995204,34623.995150541305
reports/small_vehicle/cascade/gate_small_vehicle_resnet18_context_adaptive.json,,context_adaptive,285422.504902656,31896.351403731387,0.7071927506135549,real,25232.186443776005,1802.2176906088134,0.8285899094437258,gate_small_vehicle_resnet18,0.45647572263546293,0.42719112063477915,0.20374177869667132,0.38929247805111744,0.3259799941047782,0.2367981585865695,0.13512820548660534,0.05305169273904572,0.012160199570936682,0.0013201320132013201,2.008314421705862e-05,1551,1,,5297,,,0.8,310654.691346432,33698.5690943402
reports/small_vehicle/cascade/gate_small_vehicle_resnet18_context_adaptive.json,,context_adaptive,276957.36291328,30950.360324059147,0.7158769114593166,real,25232.186443776005,1802.2176906088134,0.8124191461836999,gate_small_vehicle_resnet18,0.4500735159778357,0.42660632481557376,0.20287039144272262,0.388646243235165,0.3254377253644231,0.23642183679314555,0.1350334649697705,0.05297931538004517,0.012165272733848887,0.0013201320132013201,2.008314421705862e-05,1505,1,,5297,,,0.8500000000000001,302189.54935705604,32752.57801466796
reports/small_vehicle/cascade/gate_small_vehicle_resnet18_context_adaptive.json,,context_adaptive,269228.320227328,30086.62933827145,0.7238059278837077,real,25232.186443776005,1802.2176906088134,0.8001293661060802,gate_small_vehicle_resnet18,0.44985110809580553,0.4264068656447443,0.20278018059916106,0.3884681249610997,0.32530672707953007,0.2363108845516106,0.1349871467848005,0.05296602746398828,0.012164706252613058,0.0013201320132013201,2.008314421705862e-05,1463,1,,5297,,,0.9,294460.506671104,31888.847028880264
reports/small_vehicle/cascade/gate_small_vehicle_resnet18_context_adaptive.json,,context_adaptive,262235.3768448,29305.158446368296,0.7309797998867283,real,25232.186443776005,1802.2176906088134,0.7884864165588615,gate_small_vehicle_resnet18,0.4490182833900226,0.4255944548873813,0.20238249109816508,0.3876623946088989,0.32461793402326045,0.23589739827586562,0.13469005881285243,0.052847635941567675,0.012156535884383327,0.0013201320132013201,2.008314421705862e-05,1425,1,,5297,,,0.9500000000000001,287467.563288576,31107.37613697711
reports/small_vehicle/cascade/gate_small_vehicle_resnet18_context_adaptive.json,,context_adaptive,256162.557591552,28626.51267182082,0.7372097413630356,real,25232.186443776005,1802.2176906088134,0.7723156532988357,gate_small_vehicle_resnet18,0.44856259462204734,0.4251755245926157,0.20130612254541735,0.3819079395122556,0.3241474714990286,0.23546383502941814,0.1316888833176747,0.05263034821637297,0.012144413507342059,0.0013201320132013201,2.008314421705862e-05,1392,1,,5297,,,1.0,281394.744035328,30428.730362429633
reports/small_vehicle/cascade/gate_small_vehicle_resnet18_identity.json,,identity,974779.5025592321,108932.92932660552,0.0,real,25232.186443776005,1802.2176906088134,1.0,gate_small_vehicle_resnet18,0.4640964474990524,0.439105822337762,0.20722043886218394,0.3949618021477602,0.3307467986261782,0.2406075726392861,0.135396789970095,0.053239510453280826,0.012709671271698286,0.0013201320132013201,1.984166352506994e-05,5297,1,,5297,,,0.0,1000011.6890030081,110735.14701721433
reports/small_vehicle/cascade/gate_small_vehicle_resnet18_identity.json,,identity,380931.38952192,42569.59858525079,0.6092127619407212,real,25232.186443776005,1802.2176906088134,0.9489003880983182,gate_small_vehicle_resnet18,0.46326407054009855,0.4387196873960468,0.20709427250073031,0.3948053965659332,0.3307330405081556,0.24060742549171638,0.13549169070059905,0.053260203171856875,0.012721076619495423,0.0013201320132013201,2.0002000200020003e-05,2070,1,,5297,,,0.05,406163.575965696,44371.8162758596
reports/small_vehicle/cascade/gate_small_vehicle_resnet18_identity.json,,identity,347806.92086784,38867.89436044637,0.6431942609023975,real,25232.186443776005,1802.2176906088134,0.9223803363518758,gate_small_vehicle_resnet18,0.463060055143354,0.433297161185699,0.20649157572189325,0.3946087571684297,0.3306087136310972,0.24059130078682936,0.13543273086303154,0.05324208692737359,0.012734777009837583,0.0013201320132013201,2.004249007896741e-05,1890,1,,5297,,,0.1,373039.107311616,40670.112051055185
reports/small_vehicle/cascade/gate_small_vehicle_resnet18_identity.json,,identity,329404.43828224,36811.39201333281,0.6620728714366623,real,25232.186443776005,1802.2176906088134,0.8978007761966365,gate_small_vehicle_resnet18,0.4569838527694358,0.43298131877381674,0.2053865742816457,0.39444931194716637,0.3305401606786557,0.2369509950548329,0.1352979571140543,0.053170667070569555,0.012151304904644894,0.0013201320132013201,2.004249007896741e-05,1790,1,,5297,,,0.15000000000000002,354636.624726016,38613.60970394162
reports/small_vehicle/cascade/gate_small_vehicle_resnet18_identity.json,,identity,316890.750124032,35412.97041729558,0.6749103265999623,real,25232.186443776005,1802.2176906088134,0.8848641655886158,gate_small_vehicle_resnet18,0.4566956067605412,0.4328525200822919,0.20533195822111075,0.39440967827069306,0.33054138988968235,0.23693493336867286,0.13524301646803208,0.053153508916256295,0.012148713297518952,0.0013201320132013201,2.008314421705862e-05,1722,1,,5297,,,0.2,342122.93656780804,37215.188107904396
reports/small_vehicle/cascade/gate_small_vehicle_resnet18_identity.json,,identity,303456.937836544,33911.72370390268,0.6886917122899754,real,25232.186443776005,1802.2176906088134,0.8609314359637775,gate_small_vehicle_resnet18,0.45630995594400464,0.4325569571134998,0.2046870945181242,0.38908851748248346,0.33034469023681584,0.23681534992737996,0.13516616119168545,0.0530995929888009,0.012149505139153534,0.0013201320132013201,2.008314421705862e-05,1649,1,,5297,,,0.25,328689.12428032,35713.941394511494
reports/small_vehicle/cascade/gate_small_vehicle_resnet18_identity.json,,identity,293519.59724032,32801.212436461356,0.6988861619784783,real,25232.186443776005,1802.2176906088134,0.8467011642949547,gate_small_vehicle_resnet18,0.45662850910043123,0.43280723489960243,0.2043267147010246,0.3892680000898758,0.3259413249327631,0.23686604524078872,0.13515431004041062,0.05310714099247271,0.01215436655648267,0.0013201320132013201,2.008314421705862e-05,1595,1,,5297,,,0.30000000000000004,318751.783684096,34603.43012707017
reports/small_vehicle/cascade/gate_small_vehicle_resnet18_identity.json,,identity,284686.405599232,31814.091309846845,0.7079478950349254,real,25232.186443776005,1802.2176906088134,0.8272962483829237,gate_small_vehicle_resnet18,0.45645327026537025,0.42716583035993694,0.20373134515141297,0.3892700625353255,0.3259664988986069,0.23678013858613045,0.1351287256697664,0.05304847728989358,0.012160232751681238,0.0013201320132013201,2.008314421705862e-05,1547,1,,5297,,,0.35000000000000003,309918.592043008,33616.30900045566
reports/small_vehicle/cascade/gate_small_vehicle_resnet18_identity.json,,identity,276773.338087424,30929.79530058801,0.7160656975646593,real,25232.186443776005,1802.2176906088134,0.8124191461836999,gate_small_vehicle_resnet18,0.4500757931414495,0.4266082837309105,0.2028712569474958,0.38864804414875265,0.32543880603387126,0.2364225249426872,0.1350340139814909,0.05297961560452863,0.012165272733848887,0.0013201320132013201,2.008314421705862e-05,1504,1,,5297,,,0.4,302005.5245312,32732.012991196825
reports/small_vehicle/cascade/gate_small_vehicle_resnet18_identity.json,,identity,268308.196098048,29983.804220915772,0.724749858410421,real,25232.186443776005,1802.2176906088134,0.8001293661060802,gate_small_vehicle_resnet18,0.4498575642296087,0.42641234725902266,0.20278252235216257,0.38847249929273037,0.3253099786312787,0.23631294311888412,0.1349884006297282,0.05296656895034121,0.012164706252613058,0.0013201320132013201,2.008314421705862e-05,1458,1,,5297,,,0.45,293540.382541824,31786.021911524585
reports/small_vehicle/cascade/gate_small_vehicle_resnet18_identity.json,,identity,262235.3768448,29305.158446368296,0.7309797998867283,real,25232.186443776005,1802.2176906088134,0.7884864165588615,gate_small_vehicle_resnet18,0.4490182833900226,0.4255944548873813,0.20238249109816508,0.3876623946088989,0.32461793402326045,0.23589739827586562,0.13469005881285243,0.052847635941567675,0.012156535884383327,0.0013201320132013201,2.008314421705862e-05,1425,1,,5297,,,0.5,287467.563288576,31107.37613697711
reports/small_vehicle/cascade/gate_small_vehicle_resnet18_identity.json,,identity,255978.532765696,28605.947648349684,0.7373985274683783,real,25232.186443776005,1802.2176906088134,0.7716688227684346,gate_small_vehicle_resnet18,0.44853130825247395,0.4251380496655268,0.20129075371769783,0.381875701515257,0.32411201008590196,0.23544111591614147,0.13168951030609666,0.05263456844429896,0.012145057833862662,0.0013201320132013201,2.008314421705862e-05,1391,1,,5297,,,0.55,281210.719209472,30408.165338958497
reports/small_vehicle/cascade/gate_small_vehicle_resnet18_identity.json,,identity,246593.26664704,27557.131451321766,0.7470266188408533,real,25232.186443776005,1802.2176906088134,0.7522639068564037,gate_small_vehicle_resnet18,0.44174043355016157,0.41858238272062426,0.19872511217853445,0.3811186273339251,0.31865093792363763,0.23109215652376913,0.13153600099876292,0.051046689015770794,0.01214367856127466,0.0013201320132013201,2.008314421705862e-05,1340,1,,5297,,,0.6000000000000001,271825.453090816,29359.34914193058
reports/small_vehicle/cascade/gate_small_vehicle_resnet18_identity.json,,identity,241072.52187136002,26940.180747187696,0.7526902020011327,real,25232.186443776005,1802.2176906088134,0.7399741267787839,gate_small_vehicle_resnet18,0.4414291481146759,0.41822766750245965,0.19854421500195174,0.38079329184180877,0.3183494075309818,0.2308343786170743,0.1313535100581593,0.05097197720443002,0.01214251317311067,0.0013201320132013201,2.0123963615873785e-05,1310,1,,5297,,,0.65,266304.708315136,28742.39843779651
reports/small_vehicle/cascade/gate_small_vehicle_resnet18_identity.json,,identity,236471.90122496002,26426.055160409305,0.7574098546346989,real,25232.186443776005,1802.2176906088134,0.7283311772315654,gate_small_vehicle_resnet18,0.4412933431931906,0.41809824698218995,0.19840079038326125,0.38056909198747046,0.31819340773717536,0.23052394146981595,0.13105616327453054,0.05073764065657985,0.012101268967047286,0.0014144271570014143,2.0372407611131484e-05,1285,1,,5297,,,0.7000000000000001,261704.08766873603,28228.27285101812
reports/small_vehicle/cascade/gate_small_vehicle_resnet18_identity.json,,identity,228374.808887296,25521.194127679337,0.7657164432697754,real,25232.186443776005,1802.2176906088134,0.7095730918499353,gate_small_vehicle_resnet18,0.4411613820899308,0.41793810560061057,0.19818665581339748,0.3803037514354258,0.31789662868288554,0.23026557505818704,0.13074442517189808,0.05059721085297736,0.01141566581705804,0.0015232292460015233,2.0584179000020584e-05,1241,1,,5297,,,0.75,253606.99533107202,27323.41181828815
reports/small_vehicle/cascade/gate_small_vehicle_resnet18_identity.json,,identity,219541.617246208,24534.073001064826,0.7747781763262224,real,25232.186443776005,1802.2176906088134,0.6901681759379042,gate_small_vehicle_resnet18,0.43577066355030203,0.412650273945888,0.19662306207676408,0.37530583128625783,0.31804741562296407,0.2303232335019087,0.13067058658609312,0.050526247052496406,0.011392512913022812,0.0015232292460015233,2.0627062706270627e-05,1193,1,,5297,,,0.8,244773.80368998402,26336.29069167364
reports/small_vehicle/cascade/gate_small_vehicle_resnet18_identity.json,,identity,209052.202172416,23361.866663210094,0.7855389843307532,real,25232.186443776005,1802.2176906088134,0.6649417852522639,gate_small_vehicle_resnet18,0.4347588687924523,0.4114949819672252,0.19501498011634205,0.3741199029615129,0.3118022983328683,0.2250329567559128,0.1297247831022194,0.050147754374994045,0.01132532234426761,0.0017219113215669393,2.1021210401294905e-05,1136,1,,5297,,,0.8500000000000001,234284.388616192,25164.084353818907
reports/small_vehicle/cascade/gate_small_vehicle_resnet18_identity.json,,identity,193042.042322944,21572.709621221293,0.8019633754955635,real,25232.186443776005,1802.2176906088134,0.6183699870633894,gate_small_vehicle_resnet18,0.426771813803283,0.40377947126091124,0.1920322449390078,0.3668480859648261,0.31064464646916246,0.2242104815776318,0.12610492986545935,0.049896614022325494,0.010296619371396495,0.0017472335468841002,2.255350819820023e-05,1049,1,,5297,,,0.9,218274.22876672,23374.927311830106
reports/small_vehicle/cascade/gate_small_vehicle_resnet18_identity.json,,identity,171327.112871936,19146.036851627287,0.8242401359259959,real,25232.186443776005,1802.2176906088134,0.553686934023286,gate_small_vehicle_resnet18,0.4106992971929712,0.3882399317043278,0.18566724705567922,0.35810534895750473,0.29752562531745813,0.21791666756027658,0.12476019399616566,0.047413762416050366,0.010241648968374616,0.0017472335468841002,2.2760896779333107e-05,931,1,,5297,,,0.9500000000000001,196559.299315712,20948.2545422361
reports/small_vehicle/cascade/gate_small_vehicle_resnet18_identity.json,,identity,10673.439899648001,1192.7713613258675,0.9890504058901265,real,25232.186443776005,1802.2176906088134,0.037516170763260026,gate_small_vehicle_resnet18,0.06740761831549105,0.05760979038043479,0.03166768327729668,0.055779125391450385,0.05212715817960687,0.03965723204586962,0.026683659094497315,0.013124468979886346,0.0039603960396039604,0.00031938677738741617,7.997568739103313e-06,58,1,,5297,,,1.0,35905.62634342401,2994.989051934681
reports/small_vehicle/cascade/gate_small_vehicle_resnet18_isotonic.json,,isotonic,974779.5025592321,108932.92932660552,0.0,real,25232.186443776005,1802.2176906088134,1.0,gate_small_vehicle_resnet18,0.4640964474990524,0.439105822337762,0.20722043886218394,0.3949618021477602,0.3307467986261782,0.2406075726392861,0.135396789970095,0.053239510453280826,0.012709671271698286,0.0013201320132013201,1.984166352506994e-05,5297,1,,5297,,,0.0,1000011.6890030081,110735.14701721433
reports/small_vehicle/cascade/gate_small_vehicle_resnet18_isotonic.json,,isotonic,450492.773695488,50343.17745734006,0.5378516141212006,real,25232.186443776005,1802.2176906088134,0.9773609314359638,gate_small_vehicle_resnet18,0.46344729645348315,0.43891833556239296,0.20721924058029847,0.3950094681250525,0.33106369203356484,0.24085186071567588,0.13554916801701072,0.05329018477137933,0.01272242644769855,0.0013201320132013201,1.984166352506994e-05,2448,1,,5297,,,0.05,475724.960139264,52145.395147948875
reports/small_vehicle/cascade/gate_small_vehicle_resnet18_isotonic.json,,isotonic,423993.198772224,47381.81407749653,0.5650368132905419,real,25232.186443776005,1802.2176906088134,0.9695989650711514,gate_small_vehicle_resnet18,0.4634238571062217,0.4389122522846974,0.20721201826297234,0.3949999784931691,0.33103613521775066,0.24085543463728523,0.1355446189558513,0.053284505719402325,0.012723426538619015,0.0013201320132013201,1.984166352506994e-05,2304,1,,5297,,,0.1,449225.385216,49184.03176810534
reports/small_vehicle/cascade/gate_small_vehicle_resnet18_isotonic.json,,isotonic,399701.921759232,44667.23097930662,0.5899565791957713,real,25232.186443776005,1802.2176906088134,0.9605433376455369,gate_small_vehicle_resnet18,0.4634421448070821,0.43893472403129813,0.207218158459461,0.3950209110752769,0.3310150333529829,0.2408725053042831,0.13554729842373886,0.05328328620561334,0.012725707717608122,0.0013201320132013201,1.984166352506994e-05,2172,1,,5297,,,0.15000000000000002,424934.108203008,46469.44866991544
reports/small_vehicle/cascade/gate_small_vehicle_resnet18_isotonic.json,,isotonic,368049.651712,41130.04694227129,0.6224277893147064,real,25232.186443776005,1802.2176906088134,0.943078913324709,gate_small_vehicle_resnet18,0.4633719651083175,0.4388167990081587,0.2071326063069884,0.3948792787170479,0.330783485738153,0.24064045548005666,0.1355017956267903,0.053267461485035784,0.012724687892922255,0.0013201320132013201,2.0002000200020003e-05,2000,1,,5297,,,0.2,393281.83815577603,42932.264632880106
reports/small_vehicle/cascade/gate_small_vehicle_resnet18_isotonic.json,,isotonic,368049.651712,41130.04694227129,0.6224277893147064,real,25232.186443776005,1802.2176906088134,0.943078913324709,gate_small_vehicle_resnet18,0.4633719651083175,0.4388167990081587,0.2071326063069884,0.3948792787170479,0.330783485738153,0.24064045548005666,0.1355017956267903,0.053267461485035784,0.012724687892922255,0.0013201320132013201,2.0002000200020003e-05,2000,1,,5297,,,0.25,393281.83815577603,42932.264632880106
reports/small_vehicle/cascade/gate_small_vehicle_resnet18_isotonic.json,,isotonic,347254.846390272,38806.199290032964,0.6437606192184255,real,25232.186443776005,1802.2176906088134,0.9223803363518758,gate_small_vehicle_resnet18,0.4631447193397056,0.4333513887060759,0.2065186905544238,0.3946595578722131,0.33064643647086606,0.2406200912446289,0.13544154088950705,0.05324570533189746,0.012737291186063194,0.0013201320132013201,2.004249007896741e-05,1887,1,,5297,,,0.30000000000000004,372487.03283404803,40608.41698064178
reports/small_vehicle/cascade/gate_small_vehicle_resnet18_isotonic.json,,isotonic,317810.874253312,35515.79553465126,0.6739663960732489,real,25232.186443776005,1802.2176906088134,0.8868046571798189,gate_small_vehicle_resnet18,0.45672008656669333,0.43287962184125445,0.20536023353194244,0.3944510221060351,0.33059715179263677,0.23699682735176744,0.13529945236218605,0.05317028230187851,0.01214767583955455,0.0013201320132013201,2.008314421705862e-05,1727,1,,5297,,,0.35000000000000003,343043.060697088,37318.013225260074
reports/small_vehicle/cascade/gate_small_vehicle_resnet18_isotonic.json,,isotonic,310081.83156736003,34652.064548863564,0.6818954124976402,real,25232.186443776005,1802.2176906088134,0.8764553686934023,gate_small_vehicle_resnet18,0.45654371111840797,0.43280229546536264,0.2053271814902001,0.39438362624437573,0.33056852006820403,0.23698609511205462,0.1353152022338985,0.05317775463657787,0.01215439486570095,0.0013201320132013201,2.008314421705862e-05,1685,1,,5297,,,0.4,335314.01801113604,36454.28223947238
reports/small_vehicle/cascade/gate_small_vehicle_resnet18_isotonic.json,,isotonic,310081.83156736003,34652.064548863564,0.6818954124976402,real,25232.186443776005,1802.2176906088134,0.8764553686934023,gate_small_vehicle_resnet18,0.45654371111840797,0.43280229546536264,0.2053271814902001,0.39438362624437573,0.33056852006820403,0.23698609511205462,0.1353152022338985,0.05317775463657787,0.01215439486570095,0.0013201320132013201,2.008314421705862e-05,1685,1,,5297,,,0.45,335314.01801113604,36454.28223947238
reports/small_vehicle/cascade/gate_small_vehicle_resnet18_isotonic.json,,isotonic,291863.373807616,32616.127225221135,0.7005852369265622,real,25232.186443776005,1802.2176906088134,0.8454075032341527,gate_small_vehicle_resnet18,0.45678579011196674,0.43294864452728915,0.20438017386399726,0.38936316856844444,0.32601344507656904,0.23690407556660018,0.13517413036819823,0.053117492405246755,0.012154776858239505,0.0013201320132013201,2.008314421705862e-05,1586,1,,5297,,,0.5,317095.560251392,34418.34491582995
reports/small_vehicle/cascade/gate_small_vehicle_resnet18_isotonic.json,,isotonic,262787.451322368,29366.853516781703,0.7304134415707004,real,25232.186443776005,1802.2176906088134,0.7904269081500647,gate_small_vehicle_resnet18,0.4497376388220298,0.4263038415469545,0.2027396326643108,0.388366342418868,0.3252681620814417,0.23630392666641076,0.13496284904706443,0.05295191416149223,0.012161436741428494,0.0013201320132013201,2.008314421705862e-05,1428,1,,5297,,,0.55,288019.637766144,31169.071207390516
reports/small_vehicle/cascade/gate_small_vehicle_resnet18_isotonic.json,,isotonic,262787.451322368,29366.853516781703,0.7304134415707004,real,25232.186443776005,1802.2176906088134,0.7904269081500647,gate_small_vehicle_resnet18,0.4497376388220298,0.4263038415469545,0.2027396326643108,0.388366342418868,0.3252681620814417,0.23630392666641076,0.13496284904706443,0.05295191416149223,0.012161436741428494,0.0013201320132013201,2.008314421705862e-05,1428,1,,5297,,,0.6000000000000001,288019.637766144,31169.071207390516
reports/small_vehicle/cascade/gate_small_vehicle_resnet18_isotonic.json,,isotonic,212548.67386368001,23752.60210916167,0.781952048329243,real,25232.186443776005,1802.2176906088134,0.6759379042690815,gate_small_vehicle_resnet18,0.43512905327493906,0.41187825375772147,0.19568638547158243,0.3745187579934809,0.31217917220704117,0.22963491198506153,0.130225140715155,0.05038825753516487,0.011366450938552554,0.0015232292460015233,2.0627062706270627e-05,1155,1,,5297,,,0.65,237780.86030745602,25554.819799770485
reports/small_vehicle/cascade/gate_small_vehicle_resnet18_isotonic.json,,isotonic,212548.67386368001,23752.60210916167,0.781952048329243,real,25232.186443776005,1802.2176906088134,0.6759379042690815,gate_small_vehicle_resnet18,0.43512905327493906,0.41187825375772147,0.19568638547158243,0.3745187579934809,0.31217917220704117,0.22963491198506153,0.130225140715155,0.05038825753516487,0.011366450938552554,0.0015232292460015233,2.0627062706270627e-05,1155,1,,5297,,,0.7000000000000001,237780.86030745602,25554.819799770485
reports/small_vehicle/cascade/gate_small_vehicle_resnet18_isotonic.json,,isotonic,212548.67386368001,23752.60210916167,0.781952048329243,real,25232.186443776005,1802.2176906088134,0.6759379042690815,gate_small_vehicle_resnet18,0.43512905327493906,0.41187825375772147,0.19568638547158243,0.3745187579934809,0.31217917220704117,0.22963491198506153,0.130225140715155,0.05038825753516487,0.011366450938552554,0.0015232292460015233,2.0627062706270627e-05,1155,1,,5297,,,0.75,237780.86030745602,25554.819799770485
reports/small_vehicle/cascade/gate_small_vehicle_resnet18_isotonic.json,,isotonic,212548.67386368001,23752.60210916167,0.781952048329243,real,25232.186443776005,1802.2176906088134,0.6759379042690815,gate_small_vehicle_resnet18,0.43512905327493906,0.41187825375772147,0.19568638547158243,0.3745187579934809,0.31217917220704117,0.22963491198506153,0.130225140715155,0.05038825753516487,0.011366450938552554,0.0015232292460015233,2.0627062706270627e-05,1155,1,,5297,,,0.8,237780.86030745602,25554.819799770485
reports/small_vehicle/cascade/gate_small_vehicle_resnet18_isotonic.json,,isotonic,149612.183420928,16719.36408203328,0.8465168963564281,real,25232.186443776005,1802.2176906088134,0.49288486416558863,gate_small_vehicle_resnet18,0.3869144364777334,0.371419580911256,0.17600288797207272,0.336096754422092,0.283275253547266,0.20634797574733518,0.11683763420085845,0.0470399498795394,0.010217833332712528,0.0018564356435643563,2.302555836979047e-05,813,1,,5297,,,0.8500000000000001,174844.369864704,18521.581772642094
reports/small_vehicle/cascade/gate_small_vehicle_resnet18_isotonic.json,,isotonic,149612.183420928,16719.36408203328,0.8465168963564281,real,25232.186443776005,1802.2176906088134,0.49288486416558863,gate_small_vehicle_resnet18,0.3869144364777334,0.371419580911256,0.17600288797207272,0.336096754422092,0.283275253547266,0.20634797574733518,0.11683763420085845,0.0470399498795394,0.010217833332712528,0.0018564356435643563,2.302555836979047e-05,813,1,,5297,,,0.9,174844.369864704,18521.581772642094
reports/small_vehicle/cascade/gate_small_vehicle_resnet18_isotonic.json,,isotonic,58519.894622208005,6539.6774638211355,0.9399660185010383,real,25232.186443776005,1802.2176906088134,0.1998706338939198,gate_small_vehicle_resnet18,0.23522314223530458,0.23081656545087262,0.11088858842197843,0.2081189727383253,0.1796630664803001,0.13566020764960354,0.07876227723634259,0.030715489193240134,0.007615056793586534,0.002284843869002285,2.626257320692281e-05,318,1,,5297,,,0.9500000000000001,83752.081065984,8341.895154429949
reports/small_vehicle/cascade/gate_small_vehicle_resnet18_isotonic.json,,isotonic,12513.688158208,1398.421596037224,0.9871625448367001,real,25232.186443776005,1802.2176906088134,0.04398447606727038,gate_small_vehicle_resnet18,0.06770047870316209,0.06662648415294224,0.033487097578776014,0.06417429494521945,0.05248874502897206,0.03964042218797521,0.026776379237897815,0.013176701610485753,0.0039603960396039604,0.00031938677738741617,7.68710411413812e-06,68,1,,5297,,,1.0,37745.874601984004,3200.6392866460374
reports/small_vehicle/cascade/gate_small_vehicle_resnet18_platt.json,,platt,974779.5025592321,108932.92932660552,0.0,real,25232.186443776005,1802.2176906088134,1.0,gate_small_vehicle_resnet18,0.4640964474990524,0.439105822337762,0.20722043886218394,0.3949618021477602,0.3307467986261782,0.2406075726392861,0.135396789970095,0.053239510453280826,0.012709671271698286,0.0013201320132013201,1.984166352506994e-05,5297,1,,5297,,,0.0,1000011.6890030081,110735.14701721433
reports/small_vehicle/cascade/gate_small_vehicle_resnet18_platt.json,,platt,515453.537222656,57602.630742650945,0.47121011893524634,real,25232.186443776005,1802.2176906088134,0.9877102199223803,gate_small_vehicle_resnet18,0.4635847037215001,0.43891940576255606,0.20721602404253572,0.3950192054870213,0.3310114529966778,0.24080498044823595,0.13549020416100477,0.05327254244064335,0.012717771730991494,0.0013201320132013201,1.984166352506994e-05,2801,1,,5297,,,0.05,540685.723666432,59404.84843325976
reports/small_vehicle/cascade/gate_small_vehicle_resnet18_platt.json,,platt,438531.160014848,49006.450931716245,0.5501227109684728,real,25232.186443776005,1802.2176906088134,0.9715394566623544,gate_small_vehicle_resnet18,0.4634174118413078,0.43890336352868287,0.20720968179252575,0.39499235964438284,0.33104088718810126,0.24085336890363349,0.135542521662203,0.05328383164167213,0.01272309983854761,0.0013201320132013201,1.984166352506994e-05,2383,1,,5297,,,0.1,463763.346458624,50808.66862232506
reports/small_vehicle/cascade/gate_small_vehicle_resnet18_platt.json,,platt,400253.99623680004,44728.92604972003,0.5893902208797432,real,25232.186443776005,1802.2176906088134,0.9605433376455369,gate_small_vehicle_resnet18,0.46344135850662344,0.43893397563654807,0.2072178966083154,0.39502051251597,0.33101465163191923,0.24087231215289853,0.1355472413794079,0.05328325026499244,0.012725690318068033,0.0013201320132013201,1.984166352506994e-05,2175,1,,5297,,,0.15000000000000002,425486.18268057605,46531.143740328844
reports/small_vehicle/cascade/gate_small_vehicle_resnet18_platt.json,,platt,374490.52061696,41849.82276376104,0.6158202756277138,real,25232.186443776005,1802.2176906088134,0.9456662354463131,gate_small_vehicle_resnet18,0.46338431251220646,0.43883066961158074,0.20713664986576555,0.3948793295991,0.3307878646716947,0.24064739530485932,0.13550687703869513,0.05326582957307566,0.012724086333041973,0.0013201320132013201,2.0002000200020003e-05,2035,1,,5297,,,0.2,399722.707060736,43652.04045436985
reports/small_vehicle/cascade/gate_small_vehicle_resnet18_platt.json,,platt,349463.144300544,39052.97957168659,0.6414951859543138,real,25232.186443776005,1802.2176906088134,0.9236739974126779,gate_small_vehicle_resnet18,0.4630595996991626,0.4332968639464557,0.20649141002058397,0.3946084961309668,0.33060846921142295,0.2405910083615857,0.13543267547561233,0.05324205312958111,0.012734759747771671,0.0013201320132013201,2.004249007896741e-05,1899,1,,5297,,,0.25,374695.33074432,40855.197262295405
reports/small_vehicle/cascade/gate_small_vehicle_resnet18_platt.json,,platt,329404.43828224,36811.39201333281,0.6620728714366623,real,25232.186443776005,1802.2176906088134,0.8978007761966365,gate_small_vehicle_resnet18,0.4569838527694358,0.43298131877381674,0.2053865742816457,0.39444931194716637,0.3305401606786557,0.2369509950548329,0.1352979571140543,0.053170667070569555,0.012151304904644894,0.0013201320132013201,2.004249007896741e-05,1790,1,,5297,,,0.30000000000000004,354636.624726016,38613.60970394162
reports/small_vehicle/cascade/gate_small_vehicle_resnet18_platt.json,,platt,311554.030174208,34816.58473663265,0.680385123654899,real,25232.186443776005,1802.2176906088134,0.8771021992238034,gate_small_vehicle_resnet18,0.45644666848329324,0.43271871914892357,0.2052935196845366,0.394312566854309,0.33052344308640935,0.23696918499225225,0.13530073108480167,0.053169551847043355,0.012154116190915235,0.0013201320132013201,2.008314421705862e-05,1693,1,,5297,,,0.35000000000000003,336786.216617984,36618.80242724146
reports/small_vehicle/cascade/gate_small_vehicle_resnet18_platt.json,,platt,293703.62206617603,32821.77745993249,0.6986973758731357,real,25232.186443776005,1802.2176906088134,0.8467011642949547,gate_small_vehicle_resnet18,0.45662850910043123,0.43280723489960243,0.2043267147010246,0.3892680000898758,0.3259413249327631,0.23686604524078872,0.13515431004041062,0.05310714099247271,0.01215436655648267,0.0013201320132013201,2.008314421705862e-05,1596,1,,5297,,,0.4,318935.80850995204,34623.995150541305
reports/small_vehicle/cascade/gate_small_vehicle_resnet18_platt.json,,platt,278061.511868416,31073.75046488596,0.7147441948272607,real,25232.186443776005,1802.2176906088134,0.8137128072445019,gate_small_vehicle_resnet18,0.45008197670596006,0.4266183121254799,0.20287401341374883,0.38865136677751333,0.3254438721848044,0.23642698650157357,0.1350297479936482,0.0529826631974481,0.012164993493642308,0.0013201320132013201,2.008314421705862e-05,1511,1,,5297,,,0.45,303293.698312192,32875.968155494775
reports/small_vehicle/cascade/gate_small_vehicle_resnet18_platt.json,,platt,264443.674755072,29551.938728021923,0.7287143666226166,real,25232.186443776005,1802.2176906088134,0.7923673997412678,gate_small_vehicle_resnet18,0.4497426336772194,0.4263085166647972,0.20274626965926373,0.38836984633278526,0.32528268843001185,0.2363184688258439,0.13497478353135509,0.0529625739985704,0.012162969974635507,0.0013201320132013201,2.008314421705862e-05,1437,1,,5297,,,0.5,289675.861198848,31354.156418630737
reports/small_vehicle/cascade/gate_small_vehicle_resnet18_platt.json,,platt,249537.663860736,27886.171826859936,0.744006041155371,real,25232.186443776005,1802.2176906088134,0.7574385510996119,gate_small_vehicle_resnet18,0.4417213679032576,0.41857788805766766,0.1987223080887717,0.3811284127304363,0.3186441869844348,0.2310923444946468,0.131531964543888,0.05104340672432674,0.012143294291640586,0.0013201320132013201,2.008314421705862e-05,1356,1,,5297,,,0.55,274769.850304512,29688.38951746875
reports/small_vehicle/cascade/gate_small_vehicle_resnet18_platt.json,,platt,238496.17430937602,26652.270418591797,0.7553332074759298,real,25232.186443776005,1802.2176906088134,0.7341526520051747,gate_small_vehicle_resnet18,0.4415815737872672,0.418350924450903,0.19860009369921028,0.3809119955735486,0.3184704042876682,0.23088013395327542,0.13136809973904506,0.05095132708971389,0.012146222133864192,0.0013201320132013201,2.0123963615873785e-05,1296,1,,5297,,,0.6000000000000001,263728.360753152,28454.48810920061
reports/small_vehicle/cascade/gate_small_vehicle_resnet18_platt.json,,platt,226718.58545459202,25336.108916439116,0.7674155182178591,real,25232.186443776005,1802.2176906088134,0.705045278137128,gate_small_vehicle_resnet18,0.4409629791508235,0.4177685086372262,0.1981113602212858,0.3801801140753992,0.31776491909337884,0.2302113797358478,0.1306969973112927,0.050568092280455376,0.011416798503433247,0.0015232292460015233,2.0584179000020584e-05,1232,1,,5297,,,0.65,251950.77189836802,27138.32660704793
reports/small_vehicle/cascade/gate_small_vehicle_resnet18_platt.json,,platt,211996.599386112,23690.907038748264,0.782518406645271,real,25232.186443776005,1802.2176906088134,0.6739974126778784,gate_small_vehicle_resnet18,0.43498185566506964,0.4117322047231907,0.19555488316177216,0.374327263987941,0.3119959058301027,0.22939676168171302,0.12995107192723399,0.05021789886631828,0.011340866330628635,0.0015841584158415843,2.0844189682126108e-05,1152,1,,5297,,,0.7000000000000001,237228.78582988802,25493.124729357078
reports/small_vehicle/cascade/gate_small_vehicle_resnet18_platt.json,,platt,196906.56366592,22004.57511411514,0.797998867283368,real,25232.186443776005,1802.2176906088134,0.630012936610608,gate_small_vehicle_resnet18,0.42724665595469963,0.4042659580410317,0.19223202330594558,0.367248243601051,0.31092817186007926,0.22444446346330799,0.12617662923132728,0.04993342559813459,0.010306898254742104,0.0017472335468841002,2.255350819820023e-05,1070,1,,5297,,,0.75,222138.750109696,23806.792804723955
reports/small_vehicle/cascade/gate_small_vehicle_resnet18_platt.json,,platt,179240.180383744,20030.33286088612,0.8161223333962621,real,25232.186443776005,1802.2176906088134,0.5756791720569211,gate_small_vehicle_resnet18,0.41755471847636727,0.3948448070042108,0.18764539453931042,0.35832224285603165,0.3030198213617274,0.21805644591628653,0.12505351718588087,0.047555069594720716,0.0102773807581075,0.0017472335468841002,2.270869288763739e-05,974,1,,5297,,,0.8,204472.36682752002,21832.550551494933
reports/small_vehicle/cascade/gate_small_vehicle_resnet18_platt.json,,platt,161389.772275712,18035.52558418596,0.8344345856144988,real,25232.186443776005,1802.2176906088134,0.5265200517464425,gate_small_vehicle_resnet18,0.39412903050333553,0.3786338105002835,0.17975832827218222,0.34315431394579493,0.2898095558468251,0.21182498589592094,0.1206905651540199,0.047222547061671984,0.01023906603560526,0.0018564356435643563,2.297213480048701e-05,877,1,,5297,,,0.8500000000000001,186621.958719488,19837.743274794775
reports/small_vehicle/cascade/gate_small_vehicle_resnet18_platt.json,,platt,135994.346307584,15197.552345169242,0.860487068151784,real,25232.186443776005,1802.2176906088134,0.4476067270375162,gate_small_vehicle_resnet18,0.3687358486851595,0.3538719343998753,0.16911372905945238,0.3253875810413589,0.2735742590099496,0.19849493366891152,0.11465369360177244,0.04441965508802496,0.00999605392523283,0.0019801980198019802,2.313315443693902e-05,739,1,,5297,,,0.9,161226.53275136,16999.770035778056
reports/small_vehicle/cascade/gate_small_vehicle_resnet18_platt.json,,platt,99557.430788096,11125.677697884385,0.8978667170096281,real,25232.186443776005,1802.2176906088134,0.3318240620957309,gate_small_vehicle_resnet18,0.3230419629150293,0.3090074169921262,0.1463530462972357,0.2823673444339704,0.2344160387717919,0.16936348726561665,0.09794222634802939,0.03631522553787934,0.008767039979366191,0.002284843869002285,2.487685954525101e-05,541,1,,5297,,,0.9500000000000001,124789.617231872,12927.895388493198
reports/small_vehicle/cascade/gate_small_vehicle_resnet18_platt.json,,platt,0.0,0.0,1.0,real,25232.186443776005,1802.2176906088134,0.0,gate_small_vehicle_resnet18,0.0,0.0,0.0,0.0,0.0,0.0,0.0,0.0,0.0,0.0,0.0,0,1,,5297,,,1.0,25232.186443776005,1802.2176906088134
reports/small_vehicle/cascade/gate_small_vehicle_resnet18_temperature.json,,temperature,974779.5025592321,108932.92932660552,0.0,real,25232.186443776005,1802.2176906088134,1.0,gate_small_vehicle_resnet18,0.4640964474990524,0.439105822337762,0.20722043886218394,0.3949618021477602,0.3307467986261782,0.2406075726392861,0.135396789970095,0.053239510453280826,0.012709671271698286,0.0013201320132013201,1.984166352506994e-05,5297,1,,5297,,,0.0,1000011.6890030081,110735.14701721433
reports/small_vehicle/cascade/gate_small_vehicle_resnet18_temperature.json,,temperature,513981.338615808,57438.11055488186,0.4727204077779875,real,25232.186443776005,1802.2176906088134,0.9870633893919794,gate_small_vehicle_resnet18,0.4635847037215001,0.43891940576255606,0.20721602404253572,0.3950192054870213,0.3310114529966778,0.24080498044823595,0.13549020416100477,0.05327254244064335,0.012717771730991494,0.0013201320132013201,1.984166352506994e-05,2793,1,,5297,,,0.05,539213.525059584,59240.32824549067
reports/small_vehicle/cascade/gate_small_vehicle_resnet18_temperature.json,,temperature,437242.986233856,48862.495767418295,0.5514442137058713,real,25232.186443776005,1802.2176906088134,0.9715394566623544,gate_small_vehicle_resnet18,0.4634174118413078,0.43890336352868287,0.20720968179252575,0.39499235964438284,0.33104088718810126,0.24085336890363349,0.135542521662203,0.05328383164167213,0.01272309983854761,0.0013201320132013201,1.984166352506994e-05,2376,1,,5297,,,0.1,462475.172677632,50664.71345802711
reports/small_vehicle/cascade/gate_small_vehicle_resnet18_temperature.json,,temperature,399149.847281664,44605.53590889322,0.5905229375117991,real,25232.186443776005,1802.2176906088134,0.9592496765847348,gate_small_vehicle_resnet18,0.4634438952715893,0.43893655194151526,0.207218730770919,0.3950217652825091,0.3310155482768031,0.24087308850708167,0.135547412518647,0.05328328620561334,0.012725786028705078,0.0013201320132013201,1.984166352506994e-05,2169,1,,5297,,,0.15000000000000002,424382.03372544004,46407.75359950203
reports/small_vehicle/cascade/gate_small_vehicle_resnet18_temperature.json,,temperature,372650.2723584,41644.17252904968,0.6177081366811403,real,25232.186443776005,1802.2176906088134,0.9456662354463131,gate_small_vehicle_resnet18,0.463390115183721,0.43883602223579304,0.20713862062336888,0.39488282386306106,0.33079035758940084,0.24064907426375395,0.1355073815129752,0.05326603932004446,0.012724258251537784,0.0013201320132013201,2.0002000200020003e-05,2025,1,,5297,,,0.2,397882.458802176,43446.3902196585
reports/small_vehicle/cascade/gate_small_vehicle_resnet18_temperature.json,,temperature,347254.846390272,38806.199290032964,0.6437606192184255,real,25232.186443776005,1802.2176906088134,0.9223803363518758,gate_small_vehicle_resnet18,0.4631447193397056,0.4333513887060759,0.2065186905544238,0.3946595578722131,0.33064643647086606,0.2406200912446289,0.13544154088950705,0.05324570533189746,0.012737291186063194,0.0013201320132013201,2.004249007896741e-05,1887,1,,5297,,,0.25,372487.03283404803,40608.41698064178
reports/small_vehicle/cascade/gate_small_vehicle_resnet18_temperature.json,,temperature,328116.264501248,36667.43684903486,0.6633943741740608,real,25232.186443776005,1802.2176906088134,0.8965071151358344,gate_small_vehicle_resnet18,0.45701865164764377,0.4330155374307334,0.20539997960382533,0.39447951045614804,0.3305597852320113,0.23696125648417826,0.13530033744172634,0.053173237937886704,0.012151304904644894,0.0013201320132013201,2.004249007896741e-05,1783,1,,5297,,,0.30000000000000004,353348.45094502403,38469.65453964367
reports/small_vehicle/cascade/gate_small_vehicle_resnet18_temperature.json,,temperature,310265.856393216,34672.6295723347,0.6817066263922975,real,25232.186443776005,1802.2176906088134,0.8764553686934023,gate_small_vehicle_resnet18,0.45654371111840797,0.43280229546536264,0.2053271814902001,0.39438362624437573,0.33056852006820403,0.23698609511205462,0.1353152022338985,0.05317775463657787,0.01215439486570095,0.0013201320132013201,2.008314421705862e-05,1686,1,,5297,,,0.35000000000000003,335498.042836992,36474.84726294351
reports/small_vehicle/cascade/gate_small_vehicle_resnet18_temperature.json,,temperature,290759.22485248,32492.73708439432,0.7017179535586181,real,25232.186443776005,1802.2176906088134,0.8428201811125485,gate_small_vehicle_resnet18,0.45674466565320115,0.4329123174998737,0.20436138600832293,0.389333502710081,0.3259821831932296,0.2368791489313888,0.13515555189667577,0.05311143204465551,0.01215484299670504,0.0013201320132013201,2.008314421705862e-05,1580,1,,5297,,,0.4,315991.411296256,34294.954775003134
reports/small_vehicle/cascade/gate_small_vehicle_resnet18_temperature.json,,temperature,276773.338087424,30929.79530058801,0.7160656975646593,real,25232.186443776005,1802.2176906088134,0.8124191461836999,gate_small_vehicle_resnet18,0.4500757931414495,0.4266082837309105,0.2028712569474958,0.38864804414875265,0.32543880603387126,0.2364225249426872,0.1350340139814909,0.05297961560452863,0.012165272733848887,0.0013201320132013201,2.008314421705862e-05,1504,1,,5297,,,0.45,302005.5245312,32732.012991196825
reports/small_vehicle/cascade/gate_small_vehicle_resnet18_temperature.json,,temperature,262235.3768448,29305.158446368296,0.7309797998867283,real,25232.186443776005,1802.2176906088134,0.7884864165588615,gate_small_vehicle_resnet18,0.4490182833900226,0.4255944548873813,0.20238249109816508,0.3876623946088989,0.32461793402326045,0.23589739827586562,0.13469005881285243,0.052847635941567675,0.012156535884383327,0.0013201320132013201,2.008314421705862e-05,1425,1,,5297,,,0.5,287467.563288576,31107.37613697711
reports/small_vehicle/cascade/gate_small_vehicle_resnet18_temperature.json,,temperature,246961.316298752,27598.261498264037,0.7466490466301681,real,25232.186443776005,1802.2176906088134,0.7535575679172057,gate_small_vehicle_resnet18,0.44173834581839866,0.41858051831993737,0.19872437590730785,0.38111718247921067,0.3186500507770601,0.2310915199424678,0.13153561813650252,0.05104662988080866,0.01214367856127466,0.0013201320132013201,2.008314421705862e-05,1342,1,,5297,,,0.55,272193.502742528,29400.47918887285
reports/small_vehicle/cascade/gate_small_vehicle_resnet18_temperature.json,,temperature,237392.02535424,26528.880277764983,0.7564659241079856,real,25232.186443776005,1802.2176906088134,0.7315653298835705,gate_small_vehicle_resnet18,0.4413907730344109,0.41817847432913896,0.19845428394286774,0.380680840939696,0.3182733029271985,0.23059881291243392,0.1311314310222694,0.0507532909537195,0.012101113745197864,0.0014144271570014143,2.0372407611131484e-05,1290,1,,5297,,,0.6000000000000001,262624.211798016,28331.097968373797
reports/small_vehicle/cascade/gate_small_vehicle_resnet18_temperature.json,,temperature,224510.28754432002,25089.32863478549,0.7696809514819709,real,25232.186443776005,1802.2176906088134,0.7011642949547219,gate_small_vehicle_resnet18,0.4408624756466747,0.4176606834034281,0.19803695082137493,0.3800519873711403,0.3176072256098541,0.23008599661701437,0.1306151405074853,0.050528844625709515,0.011413341007441445,0.0015232292460015233,2.0584179000020584e-05,1220,1,,5297,,,0.65,249742.47398809603,26891.5463253943
reports/small_vehicle/cascade/gate_small_vehicle_resnet18_temperature.json,,temperature,210524.40077926402,23526.38685097918,0.784028695488012,real,25232.186443776005,1802.2176906088134,0.6688227684346701,gate_small_vehicle_resnet18,0.4348334824180034,0.41157559016417833,0.19550269999653375,0.37423452590937584,0.31192833379128765,0.22930199013573924,0.12990672075946452,0.050228507696315816,0.01134679590970494,0.00165016501650165,2.088816476584367e-05,1144,1,,5297,,,0.7000000000000001,235756.58722304003,25328.604541587993
reports/small_vehicle/cascade/gate_small_vehicle_resnet18_temperature.json,,temperature,194698.265755648,21757.794832461514,0.8002643005474797,real,25232.186443776005,1802.2176906088134,0.6235446313065977,gate_small_vehicle_resnet18,0.4270358042006178,0.40403194922871233,0.19217178966784362,0.3670934644800857,0.31089873905547766,0.2244197761875711,0.1261949709053666,0.04996066052887575,0.0103127450366471,0.0017472335468841002,2.255350819820023e-05,1058,1,,5297,,,0.75,219930.452199424,23560.012523070327
reports/small_vehicle/cascade/gate_small_vehicle_resnet18_temperature.json,,temperature,177767.98177689602,19865.812673117034,0.8176326222390032,real,25232.186443776005,1802.2176906088134,0.5711513583441138,gate_small_vehicle_resnet18,0.4108684609413229,0.3947059866735974,0.18694895738461295,0.358236937390449,0.3029708352926503,0.21804652346005396,0.12504872024588096,0.04756380270681929,0.010278364895584011,0.0017472335468841002,2.270869288763739e-05,966,1,,5297,,,0.8,203000.16822067203,21668.030363725848
reports/small_vehicle/cascade/gate_small_vehicle_resnet18_temperature.json,,temperature,158445.375062016,17706.48520864779,0.8374551632999812,real,25232.186443776005,1802.2176906088134,0.5168175937904269,gate_small_vehicle_resnet18,0.3929716310273413,0.3710045599742049,0.17846992785381255,0.3419227205030771,0.288613589143583,0.21088632799518556,0.12012864059739782,0.04706792158533037,0.01022447993364059,0.0018564356435643563,2.297213480048701e-05,861,1,,5297,,,0.8500000000000001,183677.56150579202,19508.702899256605
reports/small_vehicle/cascade/gate_small_vehicle_resnet18_temperature.json,,temperature,133233.973919744,14889.076993102208,0.8633188597319237,real,25232.186443776005,1802.2176906088134,0.4385510996119017,gate_small_vehicle_resnet18,0.36795820901728205,0.35289920568772987,0.16767856293680725,0.3184507519055428,0.2725837307111322,0.19770531635440944,0.11100960677949609,0.04424033012809588,0.009935093434139643,0.0019801980198019802,2.318733044264614e-05,724,1,,5297,,,0.9,158466.16036352,16691.29468371102
reports/small_vehicle/cascade/gate_small_vehicle_resnet18_temperature.json,,temperature,98453.28183296,11002.28755705757,0.898999433641684,real,25232.186443776005,1802.2176906088134,0.3279430789133247,gate_small_vehicle_resnet18,0.3228087991539115,0.302041361563702,0.14494876235618462,0.27586312101974014,0.23429889747210225,0.16926599059851283,0.0978530594167321,0.03628526993365411,0.00876140367494388,0.002284843869002285,2.487685954525101e-05,535,1,,5297,,,0.9500000000000001,123685.468276736,12804.505247666384
reports/small_vehicle/cascade/gate_small_vehicle_resnet18_temperature.json,,temperature,0.0,0.0,1.0,real,25232.186443776005,1802.2176906088134,0.0,gate_small_vehicle_resnet18,0.0,0.0,0.0,0.0,0.0,0.0,0.0,0.0,0.0,0.0,0.0,0,1,,5297,,,1.0,25232.186443776005,1802.2176906088134
reports/small_vehicle/cascade/gate_small_vehicle_resnet18_temperature_strat_boundary.json,,temperature,482027.0,116534.0,0.0,real,9534.6,10594.0,1.0,gate_small_vehicle_resnet18_temperature,0.4640968289428479,0.43910605536221886,0.20722060253697983,0.39496202318464096,0.33074662856862086,0.24060838850990615,0.13539684372616997,0.053239546028309596,0.012709737370357202,0.0013201320132013201,1.984166352506994e-05,5297,1,,5297,,,0.0,491561.6,127128.0
reports/small_vehicle/cascade/gate_small_vehicle_resnet18_temperature_strat_boundary.json,,temperature,254163.0,61446.0,0.4727204077779875,real,9534.6,10594.0,0.9870633893919794,gate_small_vehicle_resnet18_temperature,0.46358481044010863,0.43891948701964567,0.20721605190764247,0.39501920322971024,0.3310116052834875,0.2408051295335092,0.13549011767954974,0.05327242048269573,0.012717771730991494,0.0013201320132013201,1.984166352506994e-05,2793,1,,5297,,,0.05,263697.6,72040.0
reports/small_vehicle/cascade/gate_small_vehicle_resnet18_temperature_strat_boundary.json,,temperature,216216.0,52272.0,0.5514442137058713,real,9534.6,10594.0,0.9715394566623544,gate_small_vehicle_resnet18_temperature,0.46341744026253884,0.43890341282551254,0.2072097381662102,0.39499285325740546,0.33104106851908455,0.24085327452021119,0.1355425495679544,0.05328370919412063,0.01272309983854761,0.0013201320132013201,1.984166352506994e-05,2376,1,,5297,,,0.1,225750.6,62866.0
reports/small_vehicle/cascade/gate_small_vehicle_resnet18_temperature_strat_boundary.json,,temperature,197379.0,47718.0,0.5905229375117991,real,9534.6,10594.0,0.9592496765847348,gate_small_vehicle_resnet18_temperature,0.46344396126108867,0.43893654844128666,0.20721877011284512,0.39502241316546727,0.33101548420473864,0.24087293016797817,0.1355474404243984,0.05328316375806184,0.012725786028705078,0.0013201320132013201,1.984166352506994e-05,2169,1,,5297,,,0.15000000000000002,206913.6,58312.0
reports/small_vehicle/cascade/gate_small_vehicle_resnet18_temperature_strat_boundary.json,,temperature,184275.0,44550.0,0.6177081366811403,real,9534.6,10594.0,0.9456662354463131,gate_small_vehicle_resnet18_temperature,0.46339026633442665,0.4388359982356481,0.2071387737384395,0.3948822359567265,0.33079089473988116,0.24064886813931446,0.13550910104340597,0.053266013915163495,0.012724225006427243,0.0013201320132013201,2.0002000200020003e-05,2025,1,,5297,,,0.2,193809.6,55144.0
reports/small_vehicle/cascade/gate_small_vehicle_resnet18_temperature_strat_boundary.json,,temperature,171717.0,41514.0,0.6437606192184255,real,9534.6,10594.0,0.9223803363518758,gate_small_vehicle_resnet18_temperature,0.46314467966931516,0.4333517365799859,0.20651859140283507,0.3946592818024401,0.3306464516603408,0.24061886473647104,0.13544154088950705,0.05324592638419598,0.012737257802814452,0.0013201320132013201,2.004249007896741e-05,1887,1,,5297,,,0.25,181251.6,52108.0
reports/small_vehicle/cascade/gate_small_vehicle_resnet18_temperature_strat_boundary.json,,temperature,162253.0,39226.0,0.6633943741740608,real,9534.6,10594.0,0.8965071151358344,gate_small_vehicle_resnet18_temperature,0.45701875588827096,0.4330154622235728,0.20539996394353038,0.39447957623710644,0.33055988206311354,0.23696121372124307,0.13530036249316268,0.053172812508818314,0.012151399796735414,0.0013201320132013201,2.004249007896741e-05,1783,1,,5297,,,0.30000000000000004,171787.6,49820.0
reports/small_vehicle/cascade/gate_small_vehicle_resnet18_temperature_strat_boundary.json,,temperature,153426.0,37092.0,0.6817066263922975,real,9534.6,10594.0,0.8764553686934023,gate_small_vehicle_resnet18_temperature,0.45654346076606905,0.4328023381564978,0.20532721770661128,0.3943838391420998,0.3305686244267963,0.23698609511205462,0.13531545480289783,0.05317775463657787,0.01215439486570095,0.0013201320132013201,2.008314421705862e-05,1686,1,,5297,,,0.35000000000000003,162960.6,47686.0
reports/small_vehicle/cascade/gate_small_vehicle_resnet18_temperature_strat_boundary.json,,temperature,143780.0,34760.0,0.7017179535586181,real,9534.6,10594.0,0.8428201811125485,gate_small_vehicle_resnet18_temperature,0.45674452695908796,0.43291236160896845,0.20436131224863224,0.389333502710081,0.32598213829793277,0.23687913307883465,0.135155080600548,0.053111321076745995,0.01215484299670504,0.0013201320132013201,2.008314421705862e-05,1580,1,,5297,,,0.4,153314.6,45354.0
reports/small_vehicle/cascade/gate_small_vehicle_resnet18_temperature_strat_boundary.json,,temperature,136864.0,33088.0,0.7160656975646593,real,9534.6,10594.0,0.8124191461836999,gate_small_vehicle_resnet18_temperature,0.4500760958226295,0.4266082746383311,0.20287138419102554,0.38864798284506247,0.3254386909579744,0.23642231875927752,0.1350355265321648,0.052979464463548134,0.012165272733848887,0.0013201320132013201,2.008314421705862e-05,1504,1,,5297,,,0.45,146398.6,43682.0
reports/small_vehicle/cascade/gate_small_vehicle_resnet18_temperature_strat_boundary.json,,temperature,129675.0,31350.0,0.7309797998867283,real,9534.6,10594.0,0.7884864165588615,gate_small_vehicle_resnet18_temperature,0.4490181892289063,0.4255940709564355,0.20238248701865555,0.38766254297689307,0.3246180083358031,0.23589766000124582,0.1346899356396391,0.05284771200583122,0.012156535884383327,0.0013201320132013201,2.008314421705862e-05,1425,1,,5297,,,0.5,139209.6,41944.0
reports/small_vehicle/cascade/gate_small_vehicle_resnet18_temperature_strat_boundary.json,,temperature,122122.0,29524.0,0.7466490466301681,real,9534.6,10594.0,0.7535575679172057,gate_small_vehicle_resnet18_temperature,0.44173835670693656,0.4185806044901037,0.19872452657091966,0.38111735337714814,0.31865045556092586,0.23109208490050284,0.13153600238109645,0.05104651457379,0.01214367856127466,0.0013201320132013201,2.008314421705862e-05,1342,1,,5297,,,0.55,131656.6,40118.0
reports/small_vehicle/cascade/gate_small_vehicle_resnet18_temperature_strat_boundary.json,,temperature,117390.0,28380.0,0.7564659241079856,real,9534.6,10594.0,0.7315653298835705,gate_small_vehicle_resnet18_temperature,0.4413907510685475,0.41817913190269373,0.19845448046538317,0.3806807182245846,0.3182735387420348,0.23059953276810846,0.13113195498900915,0.050753349380159914,0.012101028014081163,0.0014144271570014143,2.0372407611131484e-05,1290,1,,5297,,,0.6000000000000001,126924.6,38974.0
reports/small_vehicle/cascade/gate_small_vehicle_resnet18_temperature_strat_boundary.json,,temperature,111020.0,26840.0,0.7696809514819709,real,9534.6,10594.0,0.7011642949547219,gate_small_vehicle_resnet18_temperature,0.4408623022322653,0.4176604854019364,0.19803654950773722,0.38005111386990553,0.31760693242195437,0.23008494961309114,0.1306151405074853,0.05052741659829139,0.011413341007441445,0.0015232292460015233,2.0584179000020584e-05,1220,1,,5297,,,0.65,120554.6,37434.0
reports/small_vehicle/cascade/gate_small_vehicle_resnet18_temperature_strat_boundary.json,,temperature,104104.0,25168.0,0.784028695488012,real,9534.6,10594.0,0.6688227684346701,gate_small_vehicle_resnet18_temperature,0.43483347413883044,0.41157550665301845,0.19550266578584863,0.3742345435925932,0.31192828565594316,0.2293021259502673,0.12990636508054532,0.050228507696315816,0.01134679590970494,0.00165016501650165,2.088816476584367e-05,1144,1,,5297,,,0.7000000000000001,113638.6,35762.0
reports/small_vehicle/cascade/gate_small_vehicle_resnet18_temperature_strat_boundary.json,,temperature,96278.0,23276.0,0.8002643005474797,real,9534.6,10594.0,0.6235446313065977,gate_small_vehicle_resnet18_temperature,0.4270359981283858,0.40403135347417285,0.19217161411671235,0.3670924311343097,0.31089807660719493,0.22441931672304455,0.1261949709053666,0.04996146210291975,0.0103127450366471,0.0017472335468841002,2.255350819820023e-05,1058,1,,5297,,,0.75,105812.6,33870.0
reports/small_vehicle/cascade/gate_small_vehicle_resnet18_temperature_strat_boundary.json,,temperature,87906.0,21252.0,0.8176326222390032,real,9534.6,10594.0,0.5711513583441138,gate_small_vehicle_resnet18_temperature,0.4108683880070717,0.3947062313060772,0.1869488196726812,0.358235924042763,0.3029712454729666,0.2180462808233936,0.12504801723236514,0.04756380270681929,0.010278364895584011,0.0017472335468841002,2.270869288763739e-05,966,1,,5297,,,0.8,97440.6,31846.0
reports/small_vehicle/cascade/gate_small_vehicle_resnet18_temperature_strat_boundary.json,,temperature,78351.0,18942.0,0.8374551632999812,real,9534.6,10594.0,0.5168175937904269,gate_small_vehicle_resnet18_temperature,0.3929714942570943,0.3710043953105455,0.17846982120421986,0.34192302149787884,0.2886126336691467,0.21088605017392228,0.12012880783627512,0.04706792158533037,0.01022447993364059,0.0018564356435643563,2.297213480048701e-05,861,1,,5297,,,0.8500000000000001,87885.6,29536.0
reports/small_vehicle/cascade/gate_small_vehicle_resnet18_temperature_strat_boundary.json,,temperature,65884.0,15928.0,0.8633188597319237,real,9534.6,10594.0,0.4385510996119017,gate_small_vehicle_resnet18_temperature,0.3679581938915871,0.35289950652292895,0.16767859755713657,0.3184505607925145,0.27258338898889634,0.19770518731551923,0.1110105113448525,0.044240271449640635,0.009934969915181929,0.0019801980198019802,2.318733044264614e-05,724,1,,5297,,,0.9,75418.6,26522.0
reports/small_vehicle/cascade/gate_small_vehicle_resnet18_temperature_strat_boundary.json,,temperature,48685.0,11770.0,0.898999433641684,real,9534.6,10594.0,0.3279430789133247,gate_small_vehicle_resnet18_temperature,0.32280884321208575,0.3020413070761189,0.14494871261162387,0.27586312994079304,0.23429880839910036,0.16926562261027986,0.09785302054071529,0.03628526993365411,0.00876140367494388,0.002284843869002285,2.487685954525101e-05,535,1,,5297,,,0.9500000000000001,58219.6,22364.0
reports/small_vehicle/cascade/gate_small_vehicle_resnet18_temperature_strat_boundary.json,,temperature,0.0,0.0,1.0,real,9534.6,10594.0,0.0,gate_small_vehicle_resnet18_temperature,0.0,0.0,0.0,0.0,0.0,0.0,0.0,0.0,0.0,0.0,0.0,0,1,,5297,,,1.0,9534.6,10594.0
reports/small_vehicle/cascade/gate_small_vehicle_resnet18_temperature_strat_boundary.stratified_boundary.json,boundary,temperature,,,0.0,real,,,1.0,gate_small_vehicle_resnet18_temperature,0.8349164999966739,0.7966580818099717,0.35594545818094125,0.7051533291086184,0.5475434642681482,0.37089521954375737,0.1928446698620942,0.08308662739813633,0.026423102079843424,0.0016978498826683646,0.00023573785950023574,,1,124,124,,boundary,0.0,,
reports/small_vehicle/cascade/gate_small_vehicle_resnet18_temperature_strat_boundary.stratified_boundary.json,interior,temperature,,,0.0,real,,,1.0,gate_small_vehicle_resnet18_temperature,0.4551094366612207,0.43044258141991304,0.20334282538373025,0.38699415421610367,0.3242016660618571,0.2357536239837001,0.13476695750739223,0.05272313738383498,0.012050628383944878,0.0013656538067599864,2.0414412575278145e-05,,1,5173,5173,,boundary,0.0,,
reports/small_vehicle/cascade/gate_small_vehicle_resnet18_temperature_strat_boundary.stratified_boundary.json,boundary,temperature,,,0.10483870967741936,real,,,1.0,gate_small_vehicle_resnet18_temperature,0.8350604700446966,0.7967958283339789,0.35599636148118685,0.705247586233216,0.5475923023852233,0.37095632550940993,0.19285960906591623,0.0830948034174161,0.026423102079843424,0.0016978498826683646,0.00023573785950023574,,1,124,124,,boundary,0.05,,
reports/small_vehicle/cascade/gate_small_vehicle_resnet18_temperature_strat_boundary.stratified_boundary.json,interior,temperature,,,0.4815387589406534,real,,,0.986449864498645,gate_small_vehicle_resnet18_temperature,0.4545952285439277,0.4301837688878755,0.20333130134247993,0.38706948235832767,0.3244643342212238,0.23594654744018612,0.13485687516081918,0.05275749246355261,0.012053216129550938,0.0013656538067599864,2.0414412575278145e-05,,1,5173,5173,,boundary,0.05,,
reports/small_vehicle/cascade/gate_small_vehicle_resnet18_temperature_strat_boundary.stratified_boundary.json,boundary,temperature,,,0.16129032258064516,real,,,0.9857142857142858,gate_small_vehicle_resnet18_temperature,0.8349634035016364,0.7966577851114871,0.3557989379528842,0.7050581475854415,0.5473115809484617,0.3706501706180508,0.19241466566765636,0.08256783261317742,0.026432051618399583,0.0016980040050308244,0.00023573785950023574,,1,124,124,,boundary,0.1,,
reports/small_vehicle/cascade/gate_small_vehicle_resnet18_temperature_strat_boundary.stratified_boundary.json,interior,temperature,,,0.5607964430697854,real,,,0.9708672086720868,gate_small_vehicle_resnet18_temperature,0.4544412835197649,0.430161787251933,0.20333062877870675,0.38707822632779604,0.32448836643785844,0.23600027457860523,0.1349137428871356,0.05278112219716514,0.012055416367473485,0.0013656538067599864,2.0414412575278145e-05,,1,5173,5173,,boundary,0.1,,
reports/small_vehicle/cascade/gate_small_vehicle_resnet18_temperature_strat_boundary.stratified_boundary.json,boundary,temperature,,,0.20967741935483872,real,,,0.9857142857142858,gate_small_vehicle_resnet18_temperature,0.8349634035016364,0.7966577851114871,0.3557989379528842,0.7050581475854415,0.5473115809484617,0.3706501706180508,0.19241466566765636,0.08256783261317742,0.026432051618399583,0.0016980040050308244,0.00023573785950023574,,1,124,124,,boundary,0.15000000000000002,,
reports/small_vehicle/cascade/gate_small_vehicle_resnet18_temperature_strat_boundary.stratified_boundary.json,interior,temperature,,,0.5996520394355307,real,,,0.9579945799457995,gate_small_vehicle_resnet18_temperature,0.45445716883883586,0.43019830406147824,0.20334224402719223,0.38710415927229186,0.32449372576707974,0.23602135512988892,0.13492234295825214,0.052783663187943176,0.012055652836816368,0.0013656538067599864,2.0414412575278145e-05,,1,5173,5173,,boundary,0.15000000000000002,,
reports/small_vehicle/cascade/gate_small_vehicle_resnet18_temperature_strat_boundary.stratified_boundary.json,boundary,temperature,,,0.24193548387096775,real,,,0.9714285714285714,gate_small_vehicle_resnet18_temperature,0.8345084948522955,0.7887151268595117,0.35417711180602185,0.704309109009932,0.5463556653656989,0.3649956099895672,0.19194614541982358,0.08256209662186338,0.026444508857299306,0.0016986232247262337,0.00023573785950023574,,1,124,124,,boundary,0.2,,
reports/small_vehicle/cascade/gate_small_vehicle_resnet18_temperature_strat_boundary.stratified_boundary.json,interior,temperature,,,0.6267156388942586,real,,,0.9444444444444444,gate_small_vehicle_resnet18_temperature,0.45442849588747164,0.4301435449808298,0.20328149566217749,0.38696658135794176,0.32429205313881254,0.23586316774762212,0.13488950824170862,0.05278823984215434,0.012057127439473842,0.0013656538067599864,2.0584179000020584e-05,,1,5173,5173,,boundary,0.2,,
reports/small_vehicle/cascade/gate_small_vehicle_resnet18_temperature_strat_boundary.stratified_boundary.json,boundary,temperature,,,0.25806451612903225,real,,,0.9571428571428572,gate_small_vehicle_resnet18_temperature,0.8343425407046777,0.7886172320891354,0.3540681548993826,0.7041473248053008,0.546130980049603,0.36477278577361877,0.19170309143882766,0.08258643462816316,0.026446642929157427,0.0016987787158421245,0.00023573785950023574,,1,124,124,,boundary,0.25,,
reports/small_vehicle/cascade/gate_small_vehicle_resnet18_temperature_strat_boundary.stratified_boundary.json,interior,temperature,,,0.6530059926541658,real,,,0.9207317073170732,gate_small_vehicle_resnet18_temperature,0.4541482940525176,0.42464230841598,0.202641818768813,0.3866593160061055,0.3241148952818546,0.2358088049414343,0.13481192166655634,0.0527797473069294,0.0120666191472861,0.0013656538067599864,2.0627062706270627e-05,,1,5173,5173,,boundary,0.25,,
reports/small_vehicle/cascade/gate_small_vehicle_resnet18_temperature_strat_boundary.stratified_boundary.json,boundary,temperature,,,0.2903225806451613,real,,,0.9428571428571428,gate_small_vehicle_resnet18_temperature,0.8276111384863906,0.7894827763664364,0.35359973157559377,0.7046522439442717,0.5464551355917676,0.364526157338248,0.1920535693554282,0.08279155861663623,0.02648975134949705,0.0016992468477616993,0.00023573785950023574,,1,124,124,,boundary,0.30000000000000004,,
reports/small_vehicle/cascade/gate_small_vehicle_resnet18_temperature_strat_boundary.stratified_boundary.json,interior,temperature,,,0.6723371351246858,real,,,0.8943089430894309,gate_small_vehicle_resnet18_temperature,0.4480473597460267,0.42429977728948315,0.20194185693958264,0.38645826438548486,0.3240365796092629,0.23573599878275414,0.13469015899219644,0.05270865471220532,0.012055495008946569,0.0013656538067599864,2.0627062706270627e-05,,1,5173,5173,,boundary,0.30000000000000004,,
reports/small_vehicle/cascade/gate_small_vehicle_resnet18_temperature_strat_boundary.stratified_boundary.json,boundary,temperature,,,0.3387096774193548,real,,,0.9285714285714286,gate_small_vehicle_resnet18_temperature,0.8271914981939201,0.7889713459937199,0.3521105388927968,0.6974116096642968,0.5401718315887927,0.3641933329115393,0.19194028611729463,0.08279991850413342,0.02649042464771928,0.0016994034470515216,0.00023573785950023574,,1,124,124,,boundary,0.35000000000000003,,
reports/small_vehicle/cascade/gate_small_vehicle_resnet18_temperature_strat_boundary.stratified_boundary.json,interior,temperature,,,0.6899284747728591,real,,,0.8739837398373984,gate_small_vehicle_resnet18_temperature,0.4475711364034385,0.42406262167776954,0.20186509235426836,0.38638226155189437,0.3240229781358647,0.23577028071719952,0.1347051773334165,0.05269277770781093,0.012057366083061594,0.0013656538067599864,2.0670125467661587e-05,,1,5173,5173,,boundary,0.35000000000000003,,
reports/small_vehicle/cascade/gate_small_vehicle_resnet18_temperature_strat_boundary.stratified_boundary.json,boundary,temperature,,,0.4112903225806452,real,,,0.8857142857142857,gate_small_vehicle_resnet18_temperature,0.8270130212282293,0.7886436950599602,0.3515562903841069,0.6970769988344176,0.53969676616194,0.36371861279522455,0.18835199794052382,0.0826246079139654,0.026501748564247564,0.0016997174830605233,0.00023573785950023574,,1,124,124,,boundary,0.4,,
reports/small_vehicle/cascade/gate_small_vehicle_resnet18_temperature_strat_boundary.stratified_boundary.json,interior,temperature,,,0.7086796829692635,real,,,0.8407859078590786,gate_small_vehicle_resnet18_temperature,0.4477621076642019,0.4242316527203734,0.2018751697557569,0.38644796752689664,0.3240365221760058,0.23566149446815113,0.1345383822511235,0.05262692045153391,0.012060326367054817,0.0013656538067599864,2.0670125467661587e-05,,1,5173,5173,,boundary,0.4,,
reports/small_vehicle/cascade/gate_small_vehicle_resnet18_temperature_strat_boundary.stratified_boundary.json,boundary,temperature,,,0.43548387096774194,real,,,0.8714285714285714,gate_small_vehicle_resnet18_temperature,0.8187407475787356,0.780724876247432,0.3493186653379784,0.6962704507977092,0.539196631590939,0.3588535280772847,0.1883729548965321,0.08258793694068406,0.026503914469692785,0.0016998749212737785,0.00023573785950023574,,1,124,124,,boundary,0.45,,
reports/small_vehicle/cascade/gate_small_vehicle_resnet18_temperature_strat_boundary.stratified_boundary.json,interior,temperature,,,0.7227914169727431,real,,,0.809620596205962,gate_small_vehicle_resnet18_temperature,0.4411252229906578,0.41789720294307736,0.19911822109290542,0.3806932442776316,0.3187567138610961,0.23508911959209292,0.1317020713247108,0.05246053345117905,0.012071778556380992,0.0013656538067599864,2.0670125467661587e-05,,1,5173,5173,,boundary,0.45,,
reports/small_vehicle/cascade/gate_small_vehicle_resnet18_temperature_strat_boundary.stratified_boundary.json,boundary,temperature,,,0.47580645161290325,real,,,0.8285714285714286,gate_small_vehicle_resnet18_temperature,0.8097942844124223,0.7718206144383961,0.3447919385507875,0.6810953621964511,0.531641754861268,0.3570096744323586,0.18733449330058305,0.08080113189325473,0.02648502750614664,0.0017013046074945072,0.00023573785950023574,,1,124,124,,boundary,0.5,,
reports/small_vehicle/cascade/gate_small_vehicle_resnet18_temperature_strat_boundary.stratified_boundary.json,interior,temperature,,,0.7370964624009279,real,,,0.7865853658536586,gate_small_vehicle_resnet18_temperature,0.4400877476443825,0.41694312467233074,0.19813862587232178,0.3797092523535454,0.3180528704472055,0.23088651892326495,0.13147281959192691,0.05078530166273564,0.012062299495598562,0.0013656538067599864,2.0670125467661587e-05,,1,5173,5173,,boundary,0.5,,
reports/small_vehicle/cascade/gate_small_vehicle_resnet18_temperature_strat_boundary.stratified_boundary.json,boundary,temperature,,,0.5161290322580645,real,,,0.8,gate_small_vehicle_resnet18_temperature,0.8096324176933921,0.7716139461361012,0.34457657674505787,0.6807828349933399,0.5313607267922373,0.35664615229384117,0.18688971661115583,0.08040856300695871,0.026494207172703815,0.0017014648913482363,0.00023573785950023574,,1,124,124,,boundary,0.55,,
reports/small_vehicle/cascade/gate_small_vehicle_resnet18_temperature_strat_boundary.stratified_boundary.json,interior,temperature,,,0.7521747535279335,real,,,0.7513550135501355,gate_small_vehicle_resnet18_temperature,0.43280201160399123,0.4099272835984098,0.1957773883282595,0.37309539505706923,0.31682919935554915,0.23002093050657438,0.1310028545221174,0.050664198486298315,0.012045686220357822,0.0013656538067599864,2.0670125467661587e-05,,1,5173,5173,,boundary,0.55,,
reports/small_vehicle/cascade/gate_small_vehicle_resnet18_temperature_strat_boundary.stratified_boundary.json,boundary,temperature,,,0.532258064516129,real,,,0.7714285714285715,gate_small_vehicle_resnet18_temperature,0.8091386690286907,0.7708383650155912,0.3426456927825302,0.6797483860334079,0.5239695788691372,0.3501994705817967,0.18354749909536042,0.08054518285182193,0.026531280865045567,0.0017027576249500254,0.00023573785950023574,,1,124,124,,boundary,0.6000000000000001,,
reports/small_vehicle/cascade/gate_small_vehicle_resnet18_temperature_strat_boundary.stratified_boundary.json,interior,temperature,,,0.7618403247631935,real,,,0.7296747967479674,gate_small_vehicle_resnet18_temperature,0.43248631061167997,0.4094989416012013,0.19551087738315695,0.37273848459132586,0.31638987041171013,0.229542267315641,0.13060834647862885,0.05035925077734162,0.011997512022100892,0.0014668133480014668,2.09766739385803e-05,,1,5173,5173,,boundary,0.6000000000000001,,
reports/small_vehicle/cascade/gate_small_vehicle_resnet18_temperature_strat_boundary.stratified_boundary.json,boundary,temperature,,,0.5564516129032258,real,,,0.7571428571428571,gate_small_vehicle_resnet18_temperature,0.8001047475894665,0.7622414503379619,0.33985529393876157,0.6713843581204009,0.5225818951038749,0.35028083954178524,0.18318863850407682,0.08036573209125719,0.026465470991482186,0.0017040692478099233,0.00023573785950023574,,1,124,124,,boundary,0.65,,
reports/small_vehicle/cascade/gate_small_vehicle_resnet18_temperature_strat_boundary.stratified_boundary.json,interior,temperature,,,0.7747921902184419,real,,,0.698509485094851,gate_small_vehicle_resnet18_temperature,0.43198442116928093,0.4090023146116808,0.19451682943985502,0.37210604557183635,0.3110188505623844,0.22892600681853464,0.13006778773201425,0.05013782497986378,0.010319683273518161,0.0015841584158415843,2.120126359531028e-05,,1,5173,5173,,boundary,0.65,,
reports/small_vehicle/cascade/gate_small_vehicle_resnet18_temperature_strat_boundary.stratified_boundary.json,boundary,temperature,,,0.5645161290322581,real,,,0.7428571428571429,gate_small_vehicle_resnet18_temperature,0.8001047475894665,0.7622414503379619,0.33985529393876157,0.6713843581204009,0.5225818951038749,0.35028083954178524,0.18318863850407682,0.08036573209125719,0.026465470991482186,0.0017040692478099233,0.00023573785950023574,,1,124,124,,boundary,0.7000000000000001,,
reports/small_vehicle/cascade/gate_small_vehicle_resnet18_temperature_strat_boundary.stratified_boundary.json,interior,temperature,,,0.789290547071332,real,,,0.6653116531165312,gate_small_vehicle_resnet18_temperature,0.4259021534070983,0.4028845089891849,0.19177763505962275,0.36625111269406185,0.3102379768228345,0.224283065749906,0.12643299412458145,0.04980757089717239,0.01023353269830179,0.0017219113215669393,2.152389151958674e-05,,1,5173,5173,,boundary,0.7000000000000001,,
reports/small_vehicle/cascade/gate_small_vehicle_resnet18_temperature_strat_boundary.stratified_boundary.json,boundary,temperature,,,0.6290322580645161,real,,,0.6285714285714286,gate_small_vehicle_resnet18_temperature,0.7834533605668894,0.7454358627499599,0.3305955449968859,0.6545092478534013,0.5064143383971991,0.3360257834112653,0.17558484016567813,0.07681185504594187,0.025786200429411654,0.0016982234896119309,0.00023573785950023574,,1,124,124,,boundary,0.75,,
reports/small_vehicle/cascade/gate_small_vehicle_resnet18_temperature_strat_boundary.stratified_boundary.json,interior,temperature,,,0.8043688381983375,real,,,0.6233062330623306,gate_small_vehicle_resnet18_temperature,0.4181559372092712,0.3954396264527705,0.1887423205371681,0.359098039626422,0.30425627379992115,0.22345567714420225,0.12588093900306446,0.04954408052036011,0.009712899524813284,0.0018564356435643563,2.3296447291788e-05,,1,5173,5173,,boundary,0.75,,
reports/small_vehicle/cascade/gate_small_vehicle_resnet18_temperature_strat_boundary.stratified_boundary.json,boundary,temperature,,,0.6532258064516129,real,,,0.6,gate_small_vehicle_resnet18_temperature,0.7832086935595493,0.7451731429301556,0.3303455408328906,0.6541718627262834,0.5059331831615052,0.33544437150330547,0.17523094763933908,0.07656433812898086,0.025794581153147755,0.0016985496671396297,0.00023573785950023574,,1,124,124,,boundary,0.8,,
reports/small_vehicle/cascade/gate_small_vehicle_resnet18_temperature_strat_boundary.stratified_boundary.json,interior,temperature,,,0.8215735549971003,real,,,0.5697831978319783,gate_small_vehicle_resnet18_temperature,0.40838241726384955,0.3859846722705153,0.18382143717903296,0.35019239101488536,0.2962851545017878,0.21717465553865764,0.1214293668446571,0.04719416374879347,0.00969165290177302,0.0018564356435643563,2.3462061845995027e-05,,1,5173,5173,,boundary,0.8,,
reports/small_vehicle/cascade/gate_small_vehicle_resnet18_temperature_strat_boundary.stratified_boundary.json,boundary,temperature,,,0.6854838709677419,real,,,0.5571428571428572,gate_small_vehicle_resnet18_temperature,0.7657745740119076,0.7281861190203833,0.3246352208155198,0.6466570220796855,0.4996376682107766,0.3309196319624522,0.1716447378363786,0.07577410582663492,0.02582090125529068,0.001701710092188609,0.00023573785950023574,,1,124,124,,boundary,0.8500000000000001,,
reports/small_vehicle/cascade/gate_small_vehicle_resnet18_temperature_strat_boundary.stratified_boundary.json,interior,temperature,,,0.8410980088923256,real,,,0.5149051490514905,gate_small_vehicle_resnet18_temperature,0.38401438088609613,0.3622464873085072,0.17426298039718247,0.3338135861737251,0.2818385402288536,0.20568070129963467,0.11649213306428434,0.04668486371719931,0.009855169892189751,0.0019801980198019802,2.374338153239784e-05,,1,5173,5173,,boundary,0.8500000000000001,,
reports/small_vehicle/cascade/gate_small_vehicle_resnet18_temperature_strat_boundary.stratified_boundary.json,boundary,temperature,,,0.75,real,,,0.44285714285714284,gate_small_vehicle_resnet18_temperature,0.683191730746236,0.6485902004882629,0.29379880925077256,0.5779638593564291,0.4555797525492395,0.30773709192956067,0.16440189974083638,0.07398077809930674,0.024593814814546432,0.0017132269238076835,0.00023573785950023574,,1,124,124,,boundary,0.9,,
reports/small_vehicle/cascade/gate_small_vehicle_resnet18_temperature_strat_boundary.stratified_boundary.json,interior,temperature,,,0.8660351826792964,real,,,0.4383468834688347,gate_small_vehicle_resnet18_temperature,0.35931677331710044,0.34456208703171376,0.16440170353136002,0.31663099718756227,0.2660189027356703,0.19230118844976005,0.11064890750842893,0.043878010421273296,0.008514554584944925,0.0021216407355021216,2.397334164409177e-05,,1,5173,5173,,boundary,0.9,,
reports/small_vehicle/cascade/gate_small_vehicle_resnet18_temperature_strat_boundary.stratified_boundary.json,boundary,temperature,,,0.8467741935483871,real,,,0.2714285714285714,gate_small_vehicle_resnet18_temperature,0.45555336324382706,0.4420554903496625,0.2004140827509488,0.3961864584163954,0.3196324645698017,0.21764023326508575,0.10810763252336597,0.045202725721459204,0.016462129386886886,0.0033003300330033,0.0,,1,124,124,,boundary,0.9500000000000001,,
reports/small_vehicle/cascade/gate_small_vehicle_resnet18_temperature_strat_boundary.stratified_boundary.json,interior,temperature,,,0.9002513048521168,real,,,0.33062330623306235,gate_small_vehicle_resnet18_temperature,0.31504755822004377,0.3013436797849663,0.14398257598575326,0.2752883678172506,0.2338742678592201,0.16914702975968376,0.09783713698917627,0.03623723432328549,0.008740701713244054,0.002284843869002285,2.4939521659974562e-05,,1,5173,5173,,boundary,0.9500000000000001,,
reports/small_vehicle/cascade/gate_small_vehicle_resnet18_temperature_strat_boundary.stratified_boundary.json,boundary,temperature,,,1.0,real,,,0.0,gate_small_vehicle_resnet18_temperature,0.0,0.0,0.0,0.0,0.0,0.0,0.0,0.0,0.0,0.0,0.0,,1,124,124,,boundary,1.0,,
reports/small_vehicle/cascade/gate_small_vehicle_resnet18_temperature_strat_boundary.stratified_boundary.json,interior,temperature,,,1.0,real,,,0.0,gate_small_vehicle_resnet18_temperature,0.0,0.0,0.0,0.0,0.0,0.0,0.0,0.0,0.0,0.0,0.0,,1,5173,5173,,boundary,1.0,,
reports/small_vehicle/cascade/gate_small_vehicle_resnet18_temperature_strat_gsd_bucket.json,,temperature,482027.0,116534.0,0.0,real,9534.6,10594.0,1.0,gate_small_vehicle_resnet18_temperature,0.46409647120306147,0.43910604931975056,0.20722054866915757,0.3949619886839381,0.33074662856862086,0.2406083142133001,0.13539684372616997,0.053239546028309596,0.012709671271698286,0.0013201320132013201,1.984166352506994e-05,5297,1,,5297,,,0.0,491561.6,127128.0
reports/small_vehicle/cascade/gate_small_vehicle_resnet18_temperature_strat_gsd_bucket.json,,temperature,254163.0,61446.0,0.4727204077779875,real,9534.6,10594.0,0.9870633893919794,gate_small_vehicle_resnet18_temperature,0.4635847008876291,0.4389195579474761,0.20721605771215165,0.39501920542952434,0.3310117896860042,0.24080498044823595,0.13549011767954974,0.053272479635379115,0.012717771730991494,0.0013201320132013201,1.984166352506994e-05,2793,1,,5297,,,0.05,263697.6,72040.0
reports/small_vehicle/cascade/gate_small_vehicle_resnet18_temperature_strat_gsd_bucket.json,,temperature,216216.0,52272.0,0.5514442137058713,real,9534.6,10594.0,0.9715394566623544,gate_small_vehicle_resnet18_temperature,0.46341746260677663,0.4389034904184101,0.2072095406912426,0.39499162408625693,0.33104088063787007,0.24085260360454963,0.13554244040161637,0.05328383164167213,0.01272309983854761,0.0013201320132013201,1.984166352506994e-05,2376,1,,5297,,,0.1,225750.6,62866.0
reports/small_vehicle/cascade/gate_small_vehicle_resnet18_temperature_strat_gsd_bucket.json,,temperature,197379.0,47718.0,0.5905229375117991,real,9534.6,10594.0,0.9592496765847348,gate_small_vehicle_resnet18_temperature,0.46344394603705813,0.4389366721763471,0.207218549728583,0.39502102954029966,0.3310152991398561,0.24087217322316373,0.13554733125806037,0.05328328620561334,0.012725786028705078,0.0013201320132013201,1.984166352506994e-05,2169,1,,5297,,,0.15000000000000002,206913.6,58312.0
reports/small_vehicle/cascade/gate_small_vehicle_resnet18_temperature_strat_gsd_bucket.json,,temperature,184275.0,44550.0,0.6177081366811403,real,9534.6,10594.0,0.9456662354463131,gate_small_vehicle_resnet18_temperature,0.46339018519241654,0.4388364682403344,0.20713880386094186,0.3948829353395426,0.33079078904971637,0.24064904832113262,0.13550820628617316,0.053266013915163495,0.012724258251537784,0.0013201320132013201,2.0002000200020003e-05,2025,1,,5297,,,0.2,193809.6,55144.0
reports/small_vehicle/cascade/gate_small_vehicle_resnet18_temperature_strat_gsd_bucket.json,,temperature,171717.0,41514.0,0.6437606192184255,real,9534.6,10594.0,0.9223803363518758,gate_small_vehicle_resnet18_temperature,0.46314468500864436,0.4333517704362309,0.20651872545197505,0.3946595541273643,0.3306463783218636,0.24061995770146707,0.13544158601778222,0.05324585721705406,0.012737291186063194,0.0013201320132013201,2.004249007896741e-05,1887,1,,5297,,,0.25,181251.6,52108.0
reports/small_vehicle/cascade/gate_small_vehicle_resnet18_temperature_strat_gsd_bucket.json,,temperature,162253.0,39226.0,0.6633943741740608,real,9534.6,10594.0,0.8965071151358344,gate_small_vehicle_resnet18_temperature,0.45701877983650807,0.4330161864174303,0.2054000518425267,0.39447912739012625,0.33055996490118283,0.2369615567017786,0.1353007160104792,0.05317261286774582,0.012151399796735414,0.0013201320132013201,2.004249007896741e-05,1783,1,,5297,,,0.30000000000000004,171787.6,49820.0
reports/small_vehicle/cascade/gate_small_vehicle_resnet18_temperature_strat_gsd_bucket.json,,temperature,153426.0,37092.0,0.6817066263922975,real,9534.6,10594.0,0.8764553686934023,gate_small_vehicle_resnet18_temperature,0.45654369563592245,0.4328023662183785,0.20532728913435436,0.39438395520779446,0.3305686169780442,0.23698669040980816,0.1353152022338985,0.05317775463657787,0.01215439486570095,0.0013201320132013201,2.008314421705862e-05,1686,1,,5297,,,0.35000000000000003,162960.6,47686.0
reports/small_vehicle/cascade/gate_small_vehicle_resnet18_temperature_strat_gsd_bucket.json,,temperature,143780.0,34760.0,0.7017179535586181,real,9534.6,10594.0,0.8428201811125485,gate_small_vehicle_resnet18_temperature,0.4567446609891019,0.43291235030890923,0.20436150523214378,0.38933356106746353,0.3259831793906402,0.23687930340429625,0.1351556175912628,0.05311128834310234,0.012154876069243297,0.0013201320132013201,2.008314421705862e-05,1580,1,,5297,,,0.4,153314.6,45354.0
reports/small_vehicle/cascade/gate_small_vehicle_resnet18_temperature_strat_gsd_bucket.json,,temperature,136864.0,33088.0,0.7160656975646593,real,9534.6,10594.0,0.8124191461836999,gate_small_vehicle_resnet18_temperature,0.45007618983216485,0.4266084052100714,0.2028713680583277,0.3886481027468372,0.32543927558504937,0.23642193756108287,0.1350347113028122,0.05297957045399206,0.012165272733848887,0.0013201320132013201,2.008314421705862e-05,1504,1,,5297,,,0.45,146398.6,43682.0
reports/small_vehicle/cascade/gate_small_vehicle_resnet18_temperature_strat_gsd_bucket.json,,temperature,129675.0,31350.0,0.7309797998867283,real,9534.6,10594.0,0.7884864165588615,gate_small_vehicle_resnet18_temperature,0.4490179391451947,0.42559380742717057,0.2023825210593276,0.3876626185992195,0.32461801931971496,0.23589778679957596,0.1346900322579376,0.052848256002661055,0.012156535884383327,0.0013201320132013201,2.008314421705862e-05,1425,1,,5297,,,0.5,139209.6,41944.0
reports/small_vehicle/cascade/gate_small_vehicle_resnet18_temperature_strat_gsd_bucket.json,,temperature,122122.0,29524.0,0.7466490466301681,real,9534.6,10594.0,0.7535575679172057,gate_small_vehicle_resnet18_temperature,0.44173840657578634,0.41858061840840816,0.19872446367417318,0.3811172727504138,0.3186501336372758,0.2310915199424678,0.1315360519101901,0.05104670700408037,0.012143711355691231,0.0013201320132013201,2.008314421705862e-05,1342,1,,5297,,,0.55,131656.6,40118.0
reports/small_vehicle/cascade/gate_small_vehicle_resnet18_temperature_strat_gsd_bucket.json,,temperature,117390.0,28380.0,0.7564659241079856,real,9534.6,10594.0,0.7315653298835705,gate_small_vehicle_resnet18_temperature,0.4413907760725737,0.4181783952708306,0.19845441847538772,0.38068089832014906,0.31827334417194253,0.2305995000430446,0.13113215234292336,0.0507532909537195,0.012101028014081163,0.0014144271570014143,2.0372407611131484e-05,1290,1,,5297,,,0.6000000000000001,126924.6,38974.0
reports/small_vehicle/cascade/gate_small_vehicle_resnet18_temperature_strat_gsd_bucket.json,,temperature,111020.0,26840.0,0.7696809514819709,real,9534.6,10594.0,0.7011642949547219,gate_small_vehicle_resnet18_temperature,0.44086249104894193,0.41766063800356296,0.19803663016363576,0.3800514665936185,0.3176066745633087,0.2300856970457859,0.130615276051633,0.05052690389706385,0.011413341007441445,0.0015232292460015233,2.0584179000020584e-05,1220,1,,5297,,,0.65,120554.6,37434.0
reports/small_vehicle/cascade/gate_small_vehicle_resnet18_temperature_strat_gsd_bucket.json,,temperature,104104.0,25168.0,0.784028695488012,real,9534.6,10594.0,0.6688227684346701,gate_small_vehicle_resnet18_temperature,0.4348337798584072,0.4115754677239677,0.19550282532396596,0.3742348507042951,0.3119282497798405,0.22930261203937505,0.1299066885535318,0.05022875548926998,0.01134679590970494,0.00165016501650165,2.088816476584367e-05,1144,1,,5297,,,0.7000000000000001,113638.6,35762.0
reports/small_vehicle/cascade/gate_small_vehicle_resnet18_temperature_strat_gsd_bucket.json,,temperature,96278.0,23276.0,0.8002643005474797,real,9534.6,10594.0,0.6235446313065977,gate_small_vehicle_resnet18_temperature,0.4270361772785484,0.4040318180742816,0.1921716966110058,0.3670924273682471,0.3108983855781546,0.22441946270336066,0.12619536540606352,0.04996066052887575,0.010312882117444544,0.0017472335468841002,2.255350819820023e-05,1058,1,,5297,,,0.75,105812.6,33870.0
reports/small_vehicle/cascade/gate_small_vehicle_resnet18_temperature_strat_gsd_bucket.json,,temperature,87906.0,21252.0,0.8176326222390032,real,9534.6,10594.0,0.5711513583441138,gate_small_vehicle_resnet18_temperature,0.4108684217067757,0.3947059011997112,0.18694877329003196,0.35823643205235817,0.3029712454729666,0.21804583829879362,0.12504778432753913,0.04756380270681929,0.010278364895584011,0.0017472335468841002,2.270869288763739e-05,966,1,,5297,,,0.8,97440.6,31846.0
reports/small_vehicle/cascade/gate_small_vehicle_resnet18_temperature_strat_gsd_bucket.json,,temperature,78351.0,18942.0,0.8374551632999812,real,9534.6,10594.0,0.5168175937904269,gate_small_vehicle_resnet18_temperature,0.3929714930344172,0.37100439479764585,0.1784698081979945,0.34192309045117963,0.2886126336691467,0.21088605017392228,0.12012861055629771,0.04706792158533037,0.01022447993364059,0.0018564356435643563,2.297213480048701e-05,861,1,,5297,,,0.8500000000000001,87885.6,29536.0
reports/small_vehicle/cascade/gate_small_vehicle_resnet18_temperature_strat_gsd_bucket.json,,temperature,65884.0,15928.0,0.8633188597319237,real,9534.6,10594.0,0.4385510996119017,gate_small_vehicle_resnet18_temperature,0.36795822820199187,0.3528995013159396,0.16767853524061488,0.3184506894229618,0.2725823393606517,0.19770505827309645,0.11101090911644021,0.044240271449640635,0.009934969915181929,0.0019801980198019802,2.318733044264614e-05,724,1,,5297,,,0.9,75418.6,26522.0
reports/small_vehicle/cascade/gate_small_vehicle_resnet18_temperature_strat_gsd_bucket.json,,temperature,48685.0,11770.0,0.898999433641684,real,9534.6,10594.0,0.3279430789133247,gate_small_vehicle_resnet18_temperature,0.3228087675483623,0.3020413070761189,0.1449488473999721,0.2758630490771407,0.23429940043907854,0.1692662095132767,0.09785334600859859,0.03628526993365411,0.00876140367494388,0.002284843869002285,2.487685954525101e-05,535,1,,5297,,,0.9500000000000001,58219.6,22364.0
reports/small_vehicle/cascade/gate_small_vehicle_resnet18_temperature_strat_gsd_bucket.json,,temperature,0.0,0.0,1.0,real,9534.6,10594.0,0.0,gate_small_vehicle_resnet18_temperature,0.0,0.0,0.0,0.0,0.0,0.0,0.0,0.0,0.0,0.0,0.0,0,1,,5297,,,1.0,9534.6,10594.0
reports/small_vehicle/cascade/gate_small_vehicle_resnet18_temperature_strat_gsd_bucket.stratified_gsd_bucket.json,high,temperature,,,0.0,real,,,1.0,gate_small_vehicle_resnet18_temperature,0.6712713269101485,0.6216343106170188,0.27300762412758345,0.5432589947241835,0.42661664637793467,0.2806547180740409,0.13828050897481048,0.04157596899692751,0.006510151808200823,0.0002675943270002676,6.02046556929188e-06,,1,1335,1335,,gsd_bucket,0.0,,
reports/small_vehicle/cascade/gate_small_vehicle_resnet18_temperature_strat_gsd_bucket.stratified_gsd_bucket.json,low,temperature,,,0.0,real,,,1.0,gate_small_vehicle_resnet18_temperature,0.0,0.0,0.0,0.0,0.0,0.0,0.0,0.0,0.0,0.0,0.0,,1,2209,2209,,gsd_bucket,0.0,,
reports/small_vehicle/cascade/gate_small_vehicle_resnet18_temperature_strat_gsd_bucket.stratified_gsd_bucket.json,medium,temperature,,,0.0,real,,,1.0,gate_small_vehicle_resnet18_temperature,0.0005824111822947001,0.0005824111822947001,0.00023296447291788004,0.0005824111822947001,0.0005824111822947001,0.0,0.0,0.0,0.0,0.0,0.0,,1,389,389,,gsd_bucket,0.0,,
reports/small_vehicle/cascade/gate_small_vehicle_resnet18_temperature_strat_gsd_bucket.stratified_gsd_bucket.json,unknown,temperature,,,0.0,real,,,1.0,gate_small_vehicle_resnet18_temperature,0.49181944166336855,0.34335951758809574,0.13708386719770177,0.22795615451038043,0.14074723818897977,0.0789063062321676,0.04287214041676483,0.023325163912765987,0.011951719365484937,0.009900990099009901,0.0,,1,134,134,,gsd_bucket,0.0,,
reports/small_vehicle/cascade/gate_small_vehicle_resnet18_temperature_strat_gsd_bucket.stratified_gsd_bucket.json,very_high,temperature,,,0.0,real,,,1.0,gate_small_vehicle_resnet18_temperature,0.8171822132808843,0.804125533701812,0.42472792060369596,0.777811323196958,0.7097667125128331,0.5774299258558848,0.3690401096057995,0.1580854856033141,0.031334382532014135,0.002483105334883585,2.0414412575278145e-05,,1,1143,1143,,gsd_bucket,0.0,,
reports/small_vehicle/cascade/gate_small_vehicle_resnet18_temperature_strat_gsd_bucket.stratified_gsd_bucket.json,very_low,temperature,,,0.0,real,,,nan,gate_small_vehicle_resnet18_temperature,0.0,,0.0,,,,,,,,,,0,87,87,,gsd_bucket,0.0,,
reports/small_vehicle/cascade/gate_small_vehicle_resnet18_temperature_strat_gsd_bucket.stratified_gsd_bucket.json,high,temperature,,,0.06142322097378277,real,,,0.9890643985419199,gate_small_vehicle_resnet18_temperature,0.6710420917764803,0.6218514971245969,0.2726135543960857,0.5379019935898048,0.42731753847494863,0.28112216965802084,0.13847945212248997,0.041630467658100336,0.006516711840962079,0.0002675943270002676,6.027388453131027e-06,,1,1335,1335,,gsd_bucket,0.05,,
reports/small_vehicle/cascade/gate_small_vehicle_resnet18_temperature_strat_gsd_bucket.stratified_gsd_bucket.json,low,temperature,,,0.9121774558623812,real,,,0.7272727272727273,gate_small_vehicle_resnet18_temperature,0.0,0.0,0.0,0.0,0.0,0.0,0.0,0.0,0.0,0.0,0.0,,1,2209,2209,,gsd_bucket,0.05,,
reports/small_vehicle/cascade/gate_small_vehicle_resnet18_temperature_strat_gsd_bucket.stratified_gsd_bucket.json,medium,temperature,,,0.2390745501285347,real,,,0.9774436090225563,gate_small_vehicle_resnet18_temperature,0.0005824111822947001,0.0005824111822947001,0.00023296447291788004,0.0005824111822947001,0.0005824111822947001,0.0,0.0,0.0,0.0,0.0,0.0,,1,389,389,,gsd_bucket,0.05,,
reports/small_vehicle/cascade/gate_small_vehicle_resnet18_temperature_strat_gsd_bucket.stratified_gsd_bucket.json,unknown,temperature,,,0.5223880597014925,real,,,0.8461538461538461,gate_small_vehicle_resnet18_temperature,0.493298381173627,0.33926981522336874,0.13696814360413195,0.228477044740085,0.14118289045469218,0.07925813233950366,0.043017298732782046,0.023325163912765987,0.011951719365484937,0.009900990099009901,0.0,,1,134,134,,gsd_bucket,0.05,,
reports/small_vehicle/cascade/gate_small_vehicle_resnet18_temperature_strat_gsd_bucket.stratified_gsd_bucket.json,very_high,temperature,,,0.13823272090988625,real,,,0.9946996466431095,gate_small_vehicle_resnet18_temperature,0.8172017199735003,0.8041127212348707,0.4247274482123441,0.7778097108043519,0.70975823775501,0.5774372255000925,0.3690290568879685,0.15808720510488733,0.03133474831831422,0.0024834421318692284,2.0414412575278145e-05,,1,1143,1143,,gsd_bucket,0.05,,
reports/small_vehicle/cascade/gate_small_vehicle_resnet18_temperature_strat_gsd_bucket.stratified_gsd_bucket.json,very_low,temperature,,,0.9885057471264368,real,,,nan,gate_small_vehicle_resnet18_temperature,0.0,,0.0,,,,,,,,,,0,87,87,,gsd_bucket,0.05,,
reports/small_vehicle/cascade/gate_small_vehicle_resnet18_temperature_strat_gsd_bucket.stratified_gsd_bucket.json,high,temperature,,,0.12808988764044943,real,,,0.9805589307411907,gate_small_vehicle_resnet18_temperature,0.6710614928876926,0.6155102936582986,0.27205245155401114,0.5380972130678626,0.4275052818224387,0.28133490979387776,0.1385648944750264,0.04165680207345104,0.006520002782670607,0.0002675943270002676,6.030651792845771e-06,,1,1335,1335,,gsd_bucket,0.1,,
reports/small_vehicle/cascade/gate_small_vehicle_resnet18_temperature_strat_gsd_bucket.stratified_gsd_bucket.json,low,temperature,,,0.9628791308284291,real,,,0.36363636363636365,gate_small_vehicle_resnet18_temperature,0.0,0.0,0.0,0.0,0.0,0.0,0.0,0.0,0.0,0.0,0.0,,1,2209,2209,,gsd_bucket,0.1,,
reports/small_vehicle/cascade/gate_small_vehicle_resnet18_temperature_strat_gsd_bucket.stratified_gsd_bucket.json,medium,temperature,,,0.38817480719794345,real,,,0.9398496240601504,gate_small_vehicle_resnet18_temperature,0.0005824111822947001,0.0005824111822947001,0.00023296447291788004,0.0005824111822947001,0.0005824111822947001,0.0,0.0,0.0,0.0,0.0,0.0,,1,389,389,,gsd_bucket,0.1,,
reports/small_vehicle/cascade/gate_small_vehicle_resnet18_temperature_strat_gsd_bucket.stratified_gsd_bucket.json,unknown,temperature,,,0.7761194029850746,real,,,0.6923076923076923,gate_small_vehicle_resnet18_temperature,0.4943197747417558,0.3398461092590547,0.1372093660078271,0.22883860574181628,0.14141128321712454,0.07941937539620564,0.04308063834505315,0.023325163912765987,0.011951719365484937,0.009900990099009901,0.0,,1,134,134,,gsd_bucket,0.1,,
reports/small_vehicle/cascade/gate_small_vehicle_resnet18_temperature_strat_gsd_bucket.stratified_gsd_bucket.json,very_high,temperature,,,0.2458442694663167,real,,,0.9840989399293286,gate_small_vehicle_resnet18_temperature,0.8171649029396618,0.804069252691189,0.42392793773805976,0.7699915960328898,0.7097022971908196,0.5773359605923464,0.369073120599273,0.15809541027524357,0.03134240397350564,0.0024840186730930892,2.0414412575278145e-05,,1,1143,1143,,gsd_bucket,0.1,,
reports/small_vehicle/cascade/gate_small_vehicle_resnet18_temperature_strat_gsd_bucket.stratified_gsd_bucket.json,very_low,temperature,,,1.0,real,,,nan,gate_small_vehicle_resnet18_temperature,0.0,,0.0,,,,,,,,,,0,87,87,,gsd_bucket,0.1,,
reports/small_vehicle/cascade/gate_small_vehicle_resnet18_temperature_strat_gsd_bucket.stratified_gsd_bucket.json,high,temperature,,,0.1745318352059925,real,,,0.9756986634264885,gate_small_vehicle_resnet18_temperature,0.6710832972474093,0.6155437910996825,0.27207010208251736,0.5381385346624148,0.427531083838147,0.28136639472318015,0.1385817356625502,0.04166214958784821,0.006520408616982551,0.0002675943270002676,6.031059958787757e-06,,1,1335,1335,,gsd_bucket,0.15000000000000002,,
reports/small_vehicle/cascade/gate_small_vehicle_resnet18_temperature_strat_gsd_bucket.stratified_gsd_bucket.json,low,temperature,,,0.9778180172023541,real,,,0.2727272727272727,gate_small_vehicle_resnet18_temperature,0.0,0.0,0.0,0.0,0.0,0.0,0.0,0.0,0.0,0.0,0.0,,1,2209,2209,,gsd_bucket,0.15000000000000002,,
reports/small_vehicle/cascade/gate_small_vehicle_resnet18_temperature_strat_gsd_bucket.stratified_gsd_bucket.json,medium,temperature,,,0.4498714652956298,real,,,0.8947368421052632,gate_small_vehicle_resnet18_temperature,0.0005824111822947001,0.0005824111822947001,0.00023296447291788004,0.0005824111822947001,0.0005824111822947001,0.0,0.0,0.0,0.0,0.0,0.0,,1,389,389,,gsd_bucket,0.15000000000000002,,
reports/small_vehicle/cascade/gate_small_vehicle_resnet18_temperature_strat_gsd_bucket.stratified_gsd_bucket.json,unknown,temperature,,,0.8432835820895522,real,,,0.6153846153846154,gate_small_vehicle_resnet18_temperature,0.4951896414183244,0.34036544907078764,0.13744469203487522,0.22925734698168077,0.14164633590846537,0.07962913410665506,0.04318113948557809,0.023325163912765987,0.011951719365484937,0.009900990099009901,0.0,,1,134,134,,gsd_bucket,0.15000000000000002,,
reports/small_vehicle/cascade/gate_small_vehicle_resnet18_temperature_strat_gsd_bucket.stratified_gsd_bucket.json,very_high,temperature,,,0.31496062992125984,real,,,0.9717314487632509,gate_small_vehicle_resnet18_temperature,0.8172931033733382,0.8042179530889562,0.4239828019621689,0.7700911059291222,0.7097926329796859,0.5773932899999528,0.3690995438746394,0.15808950465422433,0.0313453225049332,0.002485148804261754,2.0414412575278145e-05,,1,1143,1143,,gsd_bucket,0.15000000000000002,,
reports/small_vehicle/cascade/gate_small_vehicle_resnet18_temperature_strat_gsd_bucket.stratified_gsd_bucket.json,very_low,temperature,,,1.0,real,,,nan,gate_small_vehicle_resnet18_temperature,0.0,,0.0,,,,,,,,,,0,87,87,,gsd_bucket,0.15000000000000002,,
reports/small_vehicle/cascade/gate_small_vehicle_resnet18_temperature_strat_gsd_bucket.stratified_gsd_bucket.json,high,temperature,,,0.2209737827715356,real,,,0.9623329283110571,gate_small_vehicle_resnet18_temperature,0.6712428341170574,0.6156569892600215,0.2720896155819605,0.5381898291068036,0.4275204821390864,0.2813059751838955,0.1385467486679386,0.041642634702504136,0.0065170323530341695,0.0002675943270002676,6.03596226316393e-06,,1,1335,1335,,gsd_bucket,0.2,,
reports/small_vehicle/cascade/gate_small_vehicle_resnet18_temperature_strat_gsd_bucket.stratified_gsd_bucket.json,low,temperature,,,0.9818922589406971,real,,,0.2727272727272727,gate_small_vehicle_resnet18_temperature,0.0,0.0,0.0,0.0,0.0,0.0,0.0,0.0,0.0,0.0,0.0,,1,2209,2209,,gsd_bucket,0.2,,
reports/small_vehicle/cascade/gate_small_vehicle_resnet18_temperature_strat_gsd_bucket.stratified_gsd_bucket.json,medium,temperature,,,0.4961439588688946,real,,,0.8571428571428571,gate_small_vehicle_resnet18_temperature,0.0005824111822947001,0.0005824111822947001,0.00023296447291788004,0.0005824111822947001,0.0005824111822947001,0.0,0.0,0.0,0.0,0.0,0.0,,1,389,389,,gsd_bucket,0.2,,
reports/small_vehicle/cascade/gate_small_vehicle_resnet18_temperature_strat_gsd_bucket.stratified_gsd_bucket.json,unknown,temperature,,,0.8805970149253731,real,,,0.5384615384615384,gate_small_vehicle_resnet18_temperature,0.49525261625744227,0.34041627937025204,0.13746837521852942,0.229308414260008,0.1416769559494874,0.07965770527655164,0.04319390769429186,0.023325163912765987,0.011951719365484937,0.009900990099009901,0.0,,1,134,134,,gsd_bucket,0.2,,
reports/small_vehicle/cascade/gate_small_vehicle_resnet18_temperature_strat_gsd_bucket.stratified_gsd_bucket.json,very_high,temperature,,,0.35870516185476814,real,,,0.9646643109540636,gate_small_vehicle_resnet18_temperature,0.8087681330255941,0.7958352521822893,0.4205145985065548,0.7696723339136262,0.7018942155438133,0.5705977045473142,0.369326690652226,0.15515504202420907,0.03138641279727138,0.0024896162002043185,2.0584179000020584e-05,,1,1143,1143,,gsd_bucket,0.2,,
reports/small_vehicle/cascade/gate_small_vehicle_resnet18_temperature_strat_gsd_bucket.stratified_gsd_bucket.json,very_low,temperature,,,1.0,real,,,nan,gate_small_vehicle_resnet18_temperature,0.0,,0.0,,,,,,,,,,0,87,87,,gsd_bucket,0.2,,
reports/small_vehicle/cascade/gate_small_vehicle_resnet18_temperature_strat_gsd_bucket.stratified_gsd_bucket.json,high,temperature,,,0.2614232209737828,real,,,0.9441069258809235,gate_small_vehicle_resnet18_temperature,0.6638683047475339,0.6152694083463579,0.2707172067404329,0.5377588561128658,0.42195824004673077,0.2811096206971094,0.13835025600941447,0.04205051063388585,0.006525794644166835,0.000275027502750275,6.048663514192853e-06,,1,1335,1335,,gsd_bucket,0.25,,
reports/small_vehicle/cascade/gate_small_vehicle_resnet18_temperature_strat_gsd_bucket.stratified_gsd_bucket.json,low,temperature,,,0.9859665006790402,real,,,0.2727272727272727,gate_small_vehicle_resnet18_temperature,0.0,0.0,0.0,0.0,0.0,0.0,0.0,0.0,0.0,0.0,0.0,,1,2209,2209,,gsd_bucket,0.25,,
reports/small_vehicle/cascade/gate_small_vehicle_resnet18_temperature_strat_gsd_bucket.stratified_gsd_bucket.json,medium,temperature,,,0.5526992287917738,real,,,0.7819548872180451,gate_small_vehicle_resnet18_temperature,0.0005824111822947001,0.0005824111822947001,0.00023296447291788004,0.0005824111822947001,0.0005824111822947001,0.0,0.0,0.0,0.0,0.0,0.0,,1,389,389,,gsd_bucket,0.25,,
reports/small_vehicle/cascade/gate_small_vehicle_resnet18_temperature_strat_gsd_bucket.stratified_gsd_bucket.json,unknown,temperature,,,0.9029850746268657,real,,,0.5384615384615384,gate_small_vehicle_resnet18_temperature,0.49531412951995285,0.34043249637413314,0.13748624983669383,0.22935844897619276,0.1416950297047432,0.0796781612551375,0.043206359159518024,0.023325163912765987,0.011951719365484937,0.009900990099009901,0.0,,1,134,134,,gsd_bucket,0.25,,
reports/small_vehicle/cascade/gate_small_vehicle_resnet18_temperature_strat_gsd_bucket.stratified_gsd_bucket.json,very_high,temperature,,,0.40244969378827644,real,,,0.9452296819787986,gate_small_vehicle_resnet18_temperature,0.8085747102616524,0.7956230300329376,0.42050456847023465,0.7696090690822392,0.7018699183678204,0.5708047878460214,0.369373208990239,0.15526971656704358,0.031413341507244404,0.0024873178681475818,2.0584179000020584e-05,,1,1143,1143,,gsd_bucket,0.25,,
reports/small_vehicle/cascade/gate_small_vehicle_resnet18_temperature_strat_gsd_bucket.stratified_gsd_bucket.json,very_low,temperature,,,1.0,real,,,nan,gate_small_vehicle_resnet18_temperature,0.0,,0.0,,,,,,,,,,0,87,87,,gsd_bucket,0.25,,
reports/small_vehicle/cascade/gate_small_vehicle_resnet18_temperature_strat_gsd_bucket.stratified_gsd_bucket.json,high,temperature,,,0.2958801498127341,real,,,0.9173754556500607,gate_small_vehicle_resnet18_temperature,0.6635532049411983,0.6151861663117558,0.2702587709278482,0.537772037925005,0.4221325650450575,0.2768802727231065,0.1381973610677815,0.04206702400486325,0.00651797304454668,0.000275027502750275,6.076712417559268e-06,,1,1335,1335,,gsd_bucket,0.30000000000000004,,
reports/small_vehicle/cascade/gate_small_vehicle_resnet18_temperature_strat_gsd_bucket.stratified_gsd_bucket.json,low,temperature,,,0.9882299683114532,real,,,0.18181818181818182,gate_small_vehicle_resnet18_temperature,0.0,0.0,0.0,0.0,0.0,0.0,0.0,0.0,0.0,0.0,0.0,,1,2209,2209,,gsd_bucket,0.30000000000000004,,
reports/small_vehicle/cascade/gate_small_vehicle_resnet18_temperature_strat_gsd_bucket.stratified_gsd_bucket.json,medium,temperature,,,0.5861182519280206,real,,,0.7368421052631579,gate_small_vehicle_resnet18_temperature,0.0005824111822947001,0.0005824111822947001,0.00023296447291788004,0.0005824111822947001,0.0005824111822947001,0.0,0.0,0.0,0.0,0.0,0.0,,1,389,389,,gsd_bucket,0.30000000000000004,,
reports/small_vehicle/cascade/gate_small_vehicle_resnet18_temperature_strat_gsd_bucket.stratified_gsd_bucket.json,unknown,temperature,,,0.9029850746268657,real,,,0.5384615384615384,gate_small_vehicle_resnet18_temperature,0.49531412951995285,0.34043249637413314,0.13748624983669383,0.22935844897619276,0.1416950297047432,0.0796781612551375,0.043206359159518024,0.023325163912765987,0.011951719365484937,0.009900990099009901,0.0,,1,134,134,,gsd_bucket,0.30000000000000004,,
reports/small_vehicle/cascade/gate_small_vehicle_resnet18_temperature_strat_gsd_bucket.stratified_gsd_bucket.json,very_high,temperature,,,0.4374453193350831,real,,,0.9257950530035336,gate_small_vehicle_resnet18_temperature,0.8084431839403328,0.7954689693319259,0.4198751430590158,0.7694563360921479,0.7017402109067699,0.5706086424927833,0.3640762770492638,0.15508314941819784,0.031365555967065493,0.0024885212126705587,2.0584179000020584e-05,,1,1143,1143,,gsd_bucket,0.30000000000000004,,
reports/small_vehicle/cascade/gate_small_vehicle_resnet18_temperature_strat_gsd_bucket.stratified_gsd_bucket.json,very_low,temperature,,,1.0,real,,,nan,gate_small_vehicle_resnet18_temperature,0.0,,0.0,,,,,,,,,,0,87,87,,gsd_bucket,0.30000000000000004,,
reports/small_vehicle/cascade/gate_small_vehicle_resnet18_temperature_strat_gsd_bucket.stratified_gsd_bucket.json,high,temperature,,,0.3250936329588015,real,,,0.9040097205346294,gate_small_vehicle_resnet18_temperature,0.6563498972712368,0.6087089714094698,0.2684383735754382,0.5320520987802299,0.42258995428001916,0.2773187700216036,0.13841232149709284,0.04214148337766289,0.00652912036331586,0.000275027502750275,6.0912510008263795e-06,,1,1335,1335,,gsd_bucket,0.35000000000000003,,
reports/small_vehicle/cascade/gate_small_vehicle_resnet18_temperature_strat_gsd_bucket.stratified_gsd_bucket.json,low,temperature,,,0.9909461294703485,real,,,0.09090909090909091,gate_small_vehicle_resnet18_temperature,0.0,0.0,0.0,0.0,0.0,0.0,0.0,0.0,0.0,0.0,0.0,,1,2209,2209,,gsd_bucket,0.35000000000000003,,
reports/small_vehicle/cascade/gate_small_vehicle_resnet18_temperature_strat_gsd_bucket.stratified_gsd_bucket.json,medium,temperature,,,0.609254498714653,real,,,0.6992481203007519,gate_small_vehicle_resnet18_temperature,0.0005824111822947001,0.0005824111822947001,0.00023296447291788004,0.0005824111822947001,0.0005824111822947001,0.0,0.0,0.0,0.0,0.0,0.0,,1,389,389,,gsd_bucket,0.35000000000000003,,
reports/small_vehicle/cascade/gate_small_vehicle_resnet18_temperature_strat_gsd_bucket.stratified_gsd_bucket.json,unknown,temperature,,,0.917910447761194,real,,,0.5384615384615384,gate_small_vehicle_resnet18_temperature,0.49531412951995285,0.34043249637413314,0.13748624983669383,0.22935844897619276,0.1416950297047432,0.0796781612551375,0.043206359159518024,0.023325163912765987,0.011951719365484937,0.009900990099009901,0.0,,1,134,134,,gsd_bucket,0.35000000000000003,,
reports/small_vehicle/cascade/gate_small_vehicle_resnet18_temperature_strat_gsd_bucket.stratified_gsd_bucket.json,very_high,temperature,,,0.47331583552055995,real,,,0.901060070671378,gate_small_vehicle_resnet18_temperature,0.8080048670573402,0.794978022374888,0.41882666578278627,0.7611683342959151,0.7013088652208636,0.5701983100709154,0.36384715674270257,0.15494192516234226,0.031306935397189636,0.002491614443000835,2.0627062706270627e-05,,1,1143,1143,,gsd_bucket,0.35000000000000003,,
reports/small_vehicle/cascade/gate_small_vehicle_resnet18_temperature_strat_gsd_bucket.stratified_gsd_bucket.json,very_low,temperature,,,1.0,real,,,nan,gate_small_vehicle_resnet18_temperature,0.0,,0.0,,,,,,,,,,0,87,87,,gsd_bucket,0.35000000000000003,,
reports/small_vehicle/cascade/gate_small_vehicle_resnet18_temperature_strat_gsd_bucket.stratified_gsd_bucket.json,high,temperature,,,0.36254681647940074,real,,,0.8675577156743621,gate_small_vehicle_resnet18_temperature,0.6561894203448153,0.6085266772464836,0.2683214634327825,0.5318638295967909,0.42231678382329035,0.2771308121533873,0.138275749748606,0.04210287854288789,0.006527355778773967,0.000275027502750275,6.099590039776104e-06,,1,1335,1335,,gsd_bucket,0.4,,
reports/small_vehicle/cascade/gate_small_vehicle_resnet18_temperature_strat_gsd_bucket.stratified_gsd_bucket.json,low,temperature,,,0.993662290629244,real,,,0.0,gate_small_vehicle_resnet18_temperature,0.0,0.0,0.0,0.0,0.0,0.0,0.0,0.0,0.0,0.0,0.0,,1,2209,2209,,gsd_bucket,0.4,,
reports/small_vehicle/cascade/gate_small_vehicle_resnet18_temperature_strat_gsd_bucket.stratified_gsd_bucket.json,medium,temperature,,,0.6401028277634961,real,,,0.6466165413533834,gate_small_vehicle_resnet18_temperature,0.0006188118811881188,0.0006188118811881188,0.00024752475247524753,0.0006188118811881188,0.0006188118811881188,0.0,0.0,0.0,0.0,0.0,0.0,,1,389,389,,gsd_bucket,0.4,,
reports/small_vehicle/cascade/gate_small_vehicle_resnet18_temperature_strat_gsd_bucket.stratified_gsd_bucket.json,unknown,temperature,,,0.917910447761194,real,,,0.5384615384615384,gate_small_vehicle_resnet18_temperature,0.49531412951995285,0.34043249637413314,0.13748624983669383,0.22935844897619276,0.1416950297047432,0.0796781612551375,0.043206359159518024,0.023325163912765987,0.011951719365484937,0.009900990099009901,0.0,,1,134,134,,gsd_bucket,0.4,,
reports/small_vehicle/cascade/gate_small_vehicle_resnet18_temperature_strat_gsd_bucket.stratified_gsd_bucket.json,very_high,temperature,,,0.5065616797900262,real,,,0.8763250883392226,gate_small_vehicle_resnet18_temperature,0.7994376203537721,0.7866268210609039,0.4162506593758916,0.7607977451972627,0.6937395415812513,0.5698403263864882,0.36345864679699347,0.1547468288675404,0.03134349793014598,0.0024949385218526287,2.0627062706270627e-05,,1,1143,1143,,gsd_bucket,0.4,,
reports/small_vehicle/cascade/gate_small_vehicle_resnet18_temperature_strat_gsd_bucket.stratified_gsd_bucket.json,very_low,temperature,,,1.0,real,,,nan,gate_small_vehicle_resnet18_temperature,0.0,,0.0,,,,,,,,,,0,87,87,,gsd_bucket,0.4,,
reports/small_vehicle/cascade/gate_small_vehicle_resnet18_temperature_strat_gsd_bucket.stratified_gsd_bucket.json,high,temperature,,,0.39176029962546816,real,,,0.8396111786148238,gate_small_vehicle_resnet18_temperature,0.6481449579717586,0.6009845254003363,0.2659933835646302,0.5311970109034416,0.4163507043682239,0.27647838982051426,0.13801721593325444,0.04193148622686117,0.0065405077844441235,0.0002828854314002829,6.151806067731384e-06,,1,1335,1335,,gsd_bucket,0.45,,
reports/small_vehicle/cascade/gate_small_vehicle_resnet18_temperature_strat_gsd_bucket.stratified_gsd_bucket.json,low,temperature,,,0.9959257582616569,real,,,0.0,gate_small_vehicle_resnet18_temperature,0.0,0.0,0.0,0.0,0.0,0.0,0.0,0.0,0.0,0.0,0.0,,1,2209,2209,,gsd_bucket,0.45,,
reports/small_vehicle/cascade/gate_small_vehicle_resnet18_temperature_strat_gsd_bucket.stratified_gsd_bucket.json,medium,temperature,,,0.6580976863753213,real,,,0.6015037593984962,gate_small_vehicle_resnet18_temperature,0.0006188118811881188,0.0006188118811881188,0.00024752475247524753,0.0006188118811881188,0.0006188118811881188,0.0,0.0,0.0,0.0,0.0,0.0,,1,389,389,,gsd_bucket,0.45,,
reports/small_vehicle/cascade/gate_small_vehicle_resnet18_temperature_strat_gsd_bucket.stratified_gsd_bucket.json,unknown,temperature,,,0.9253731343283582,real,,,0.5384615384615384,gate_small_vehicle_resnet18_temperature,0.49531412951995285,0.34043249637413314,0.13748624983669383,0.22935844897619276,0.1416950297047432,0.0796781612551375,0.043206359159518024,0.023325163912765987,0.011951719365484937,0.009900990099009901,0.0,,1,134,134,,gsd_bucket,0.45,,
reports/small_vehicle/cascade/gate_small_vehicle_resnet18_temperature_strat_gsd_bucket.stratified_gsd_bucket.json,very_high,temperature,,,0.5275590551181102,real,,,0.8445229681978799,gate_small_vehicle_resnet18_temperature,0.798946692769112,0.7860470253287831,0.4153941926643869,0.760303434934166,0.6932705872136425,0.5631283199795416,0.36367721535827213,0.15469114340103868,0.031364748873140905,0.0024921317234664906,2.0627062706270627e-05,,1,1143,1143,,gsd_bucket,0.45,,
reports/small_vehicle/cascade/gate_small_vehicle_resnet18_temperature_strat_gsd_bucket.stratified_gsd_bucket.json,very_low,temperature,,,1.0,real,,,nan,gate_small_vehicle_resnet18_temperature,0.0,,0.0,,,,,,,,,,0,87,87,,gsd_bucket,0.45,,
reports/small_vehicle/cascade/gate_small_vehicle_resnet18_temperature_strat_gsd_bucket.stratified_gsd_bucket.json,high,temperature,,,0.4217228464419476,real,,,0.8165249088699879,gate_small_vehicle_resnet18_temperature,0.6407703718762465,0.6008236845806362,0.2646016792161491,0.5249032467434942,0.4163419470972145,0.2764617279196387,0.1379791578055654,0.04191102587819213,0.006536582813274401,0.0002828854314002829,6.162015828164657e-06,,1,1335,1335,,gsd_bucket,0.5,,
reports/small_vehicle/cascade/gate_small_vehicle_resnet18_temperature_strat_gsd_bucket.stratified_gsd_bucket.json,low,temperature,,,0.996831145314622,real,,,0.0,gate_small_vehicle_resnet18_temperature,0.0,0.0,0.0,0.0,0.0,0.0,0.0,0.0,0.0,0.0,0.0,,1,2209,2209,,gsd_bucket,0.5,,
reports/small_vehicle/cascade/gate_small_vehicle_resnet18_temperature_strat_gsd_bucket.stratified_gsd_bucket.json,medium,temperature,,,0.6786632390745502,real,,,0.5714285714285714,gate_small_vehicle_resnet18_temperature,0.0006188118811881188,0.0006188118811881188,0.00024752475247524753,0.0006188118811881188,0.0006188118811881188,0.0,0.0,0.0,0.0,0.0,0.0,,1,389,389,,gsd_bucket,0.5,,
reports/small_vehicle/cascade/gate_small_vehicle_resnet18_temperature_strat_gsd_bucket.stratified_gsd_bucket.json,unknown,temperature,,,0.9253731343283582,real,,,0.5384615384615384,gate_small_vehicle_resnet18_temperature,0.49531412951995285,0.34043249637413314,0.13748624983669383,0.22935844897619276,0.1416950297047432,0.0796781612551375,0.043206359159518024,0.023325163912765987,0.011951719365484937,0.009900990099009901,0.0,,1,134,134,,gsd_bucket,0.5,,
reports/small_vehicle/cascade/gate_small_vehicle_resnet18_temperature_strat_gsd_bucket.stratified_gsd_bucket.json,very_high,temperature,,,0.552930883639545,real,,,0.8197879858657244,gate_small_vehicle_resnet18_temperature,0.7887412192639838,0.7679110372583327,0.4084909483999583,0.7425457521725385,0.6840242730496089,0.555489738755962,0.3579504089549961,0.15440292306252162,0.03132977834531515,0.002493726073618478,2.0627062706270627e-05,,1,1143,1143,,gsd_bucket,0.5,,
reports/small_vehicle/cascade/gate_small_vehicle_resnet18_temperature_strat_gsd_bucket.stratified_gsd_bucket.json,very_low,temperature,,,1.0,real,,,nan,gate_small_vehicle_resnet18_temperature,0.0,,0.0,,,,,,,,,,0,87,87,,gsd_bucket,0.5,,
reports/small_vehicle/cascade/gate_small_vehicle_resnet18_temperature_strat_gsd_bucket.stratified_gsd_bucket.json,high,temperature,,,0.450187265917603,real,,,0.7849331713244229,gate_small_vehicle_resnet18_temperature,0.6403571750929469,0.5936440174578806,0.26312203553171304,0.5245453033426313,0.41602200312023596,0.27186666629890566,0.13775316011562372,0.040225043373447775,0.006517926686130562,0.0002828854314002829,6.174397927597637e-06,,1,1335,1335,,gsd_bucket,0.55,,
reports/small_vehicle/cascade/gate_small_vehicle_resnet18_temperature_strat_gsd_bucket.stratified_gsd_bucket.json,low,temperature,,,0.9977365323675872,real,,,0.0,gate_small_vehicle_resnet18_temperature,0.0,0.0,0.0,0.0,0.0,0.0,0.0,0.0,0.0,0.0,0.0,,1,2209,2209,,gsd_bucket,0.55,,
reports/small_vehicle/cascade/gate_small_vehicle_resnet18_temperature_strat_gsd_bucket.stratified_gsd_bucket.json,medium,temperature,,,0.7069408740359897,real,,,0.5263157894736842,gate_small_vehicle_resnet18_temperature,0.0006188118811881188,0.0006188118811881188,0.00024752475247524753,0.0006188118811881188,0.0006188118811881188,0.0,0.0,0.0,0.0,0.0,0.0,,1,389,389,,gsd_bucket,0.55,,
reports/small_vehicle/cascade/gate_small_vehicle_resnet18_temperature_strat_gsd_bucket.stratified_gsd_bucket.json,unknown,temperature,,,0.9328358208955224,real,,,0.5384615384615384,gate_small_vehicle_resnet18_temperature,0.4964180067957081,0.341155412678892,0.13775794275122352,0.22979112172801364,0.14194094034093,0.07981908815005115,0.043264664125473175,0.023335585503234852,0.011953618090922333,0.009900990099009901,0.0,,1,134,134,,gsd_bucket,0.55,,
reports/small_vehicle/cascade/gate_small_vehicle_resnet18_temperature_strat_gsd_bucket.stratified_gsd_bucket.json,very_high,temperature,,,0.5800524934383202,real,,,0.7809187279151943,gate_small_vehicle_resnet18_temperature,0.769753141555633,0.7571555017959813,0.4009209677605877,0.7318981688821904,0.6667643375830202,0.5472330340751057,0.3520017620787088,0.1509140985108472,0.03129208701764033,0.002176919044044386,2.0627062706270627e-05,,1,1143,1143,,gsd_bucket,0.55,,
reports/small_vehicle/cascade/gate_small_vehicle_resnet18_temperature_strat_gsd_bucket.stratified_gsd_bucket.json,very_low,temperature,,,1.0,real,,,nan,gate_small_vehicle_resnet18_temperature,0.0,,0.0,,,,,,,,,,0,87,87,,gsd_bucket,0.55,,
reports/small_vehicle/cascade/gate_small_vehicle_resnet18_temperature_strat_gsd_bucket.stratified_gsd_bucket.json,high,temperature,,,0.47116104868913855,real,,,0.764277035236938,gate_small_vehicle_resnet18_temperature,0.6399651767421959,0.5932426789077947,0.2626728508046741,0.5242728257139824,0.4157604876919391,0.27170057513810747,0.13476216997374882,0.04021606493840371,0.006519453240958558,0.0002828854314002829,6.190268210565413e-06,,1,1335,1335,,gsd_bucket,0.6000000000000001,,
reports/small_vehicle/cascade/gate_small_vehicle_resnet18_temperature_strat_gsd_bucket.stratified_gsd_bucket.json,low,temperature,,,0.9977365323675872,real,,,0.0,gate_small_vehicle_resnet18_temperature,0.0,0.0,0.0,0.0,0.0,0.0,0.0,0.0,0.0,0.0,0.0,,1,2209,2209,,gsd_bucket,0.6000000000000001,,
reports/small_vehicle/cascade/gate_small_vehicle_resnet18_temperature_strat_gsd_bucket.stratified_gsd_bucket.json,medium,temperature,,,0.7300771208226221,real,,,0.48120300751879697,gate_small_vehicle_resnet18_temperature,2.8369599137564186e-05,2.8369599137564186e-05,6.143049896170023e-06,2.345650343285928e-06,2.345650343285928e-06,0.0,0.0,0.0,0.0,0.0,0.0,,1,389,389,,gsd_bucket,0.6000000000000001,,
reports/small_vehicle/cascade/gate_small_vehicle_resnet18_temperature_strat_gsd_bucket.stratified_gsd_bucket.json,unknown,temperature,,,0.9328358208955224,real,,,0.5384615384615384,gate_small_vehicle_resnet18_temperature,0.4964180067957081,0.341155412678892,0.13775794275122352,0.22979112172801364,0.14194094034093,0.07981908815005115,0.043264664125473175,0.023335585503234852,0.011953618090922333,0.009900990099009901,0.0,,1,134,134,,gsd_bucket,0.6000000000000001,,
reports/small_vehicle/cascade/gate_small_vehicle_resnet18_temperature_strat_gsd_bucket.stratified_gsd_bucket.json,very_high,temperature,,,0.5931758530183727,real,,,0.7614840989399293,gate_small_vehicle_resnet18_temperature,0.761015370855189,0.7485056033110978,0.39782130484589723,0.7231882919925263,0.6660099986768003,0.545986411497499,0.3505756081298881,0.1496714344671177,0.03097928783088916,0.0022601093721734194,2.0932325790718607e-05,,1,1143,1143,,gsd_bucket,0.6000000000000001,,
reports/small_vehicle/cascade/gate_small_vehicle_resnet18_temperature_strat_gsd_bucket.stratified_gsd_bucket.json,very_low,temperature,,,1.0,real,,,nan,gate_small_vehicle_resnet18_temperature,0.0,,0.0,,,,,,,,,,0,87,87,,gsd_bucket,0.6000000000000001,,
reports/small_vehicle/cascade/gate_small_vehicle_resnet18_temperature_strat_gsd_bucket.stratified_gsd_bucket.json,high,temperature,,,0.4943820224719101,real,,,0.7375455650060754,gate_small_vehicle_resnet18_temperature,0.6341386559219142,0.5945455255753263,0.2613207037328008,0.5191114652439877,0.41109942895558704,0.27224444430106065,0.1349669210064607,0.040280855202747504,0.0065306290868486355,0.0002828854314002829,6.226602675640354e-06,,1,1335,1335,,gsd_bucket,0.65,,
reports/small_vehicle/cascade/gate_small_vehicle_resnet18_temperature_strat_gsd_bucket.stratified_gsd_bucket.json,low,temperature,,,0.9990946129470348,real,,,0.0,gate_small_vehicle_resnet18_temperature,0.0,0.0,0.0,0.0,0.0,0.0,0.0,0.0,0.0,0.0,0.0,,1,2209,2209,,gsd_bucket,0.65,,
reports/small_vehicle/cascade/gate_small_vehicle_resnet18_temperature_strat_gsd_bucket.stratified_gsd_bucket.json,medium,temperature,,,0.7480719794344473,real,,,0.45112781954887216,gate_small_vehicle_resnet18_temperature,2.886586034696764e-05,2.886586034696764e-05,5.773172069393528e-06,0.0,0.0,0.0,0.0,0.0,0.0,0.0,0.0,,1,389,389,,gsd_bucket,0.65,,
reports/small_vehicle/cascade/gate_small_vehicle_resnet18_temperature_strat_gsd_bucket.stratified_gsd_bucket.json,unknown,temperature,,,0.9402985074626866,real,,,0.46153846153846156,gate_small_vehicle_resnet18_temperature,0.480730422584791,0.3280064185917119,0.1320536771342541,0.21855666320807368,0.13377732684964538,0.07363687406452966,0.04123217637043515,0.023197975588397216,0.011497923985946982,0.009900990099009901,0.0,,1,134,134,,gsd_bucket,0.65,,
reports/small_vehicle/cascade/gate_small_vehicle_resnet18_temperature_strat_gsd_bucket.stratified_gsd_bucket.json,very_high,temperature,,,0.6176727909011374,real,,,0.726148409893993,gate_small_vehicle_resnet18_temperature,0.7507821637783677,0.7382818936127655,0.39093599439172444,0.7131898450392432,0.6488601962939602,0.5376627095263917,0.34385695974973624,0.14557317210956167,0.028767068339695293,0.002364779505772374,2.1155961750021158e-05,,1,1143,1143,,gsd_bucket,0.65,,
reports/small_vehicle/cascade/gate_small_vehicle_resnet18_temperature_strat_gsd_bucket.stratified_gsd_bucket.json,very_low,temperature,,,1.0,real,,,nan,gate_small_vehicle_resnet18_temperature,0.0,,0.0,,,,,,,,,,0,87,87,,gsd_bucket,0.65,,
reports/small_vehicle/cascade/gate_small_vehicle_resnet18_temperature_strat_gsd_bucket.stratified_gsd_bucket.json,high,temperature,,,0.5250936329588015,real,,,0.7047387606318347,gate_small_vehicle_resnet18_temperature,0.628678444230045,0.5891228002759998,0.25926996918978074,0.5137674781183501,0.4115838699587486,0.2677175498815413,0.1348593432749534,0.04016976878817008,0.006511242896480241,0.0002828854314002829,6.309042119165188e-06,,1,1335,1335,,gsd_bucket,0.7000000000000001,,
reports/small_vehicle/cascade/gate_small_vehicle_resnet18_temperature_strat_gsd_bucket.stratified_gsd_bucket.json,low,temperature,,,0.9995473064735174,real,,,0.0,gate_small_vehicle_resnet18_temperature,0.0,0.0,0.0,0.0,0.0,0.0,0.0,0.0,0.0,0.0,0.0,,1,2209,2209,,gsd_bucket,0.7000000000000001,,
reports/small_vehicle/cascade/gate_small_vehicle_resnet18_temperature_strat_gsd_bucket.stratified_gsd_bucket.json,medium,temperature,,,0.7712082262210797,real,,,0.42857142857142855,gate_small_vehicle_resnet18_temperature,3.246226261970459e-05,3.246226261970459e-05,6.492452523940918e-06,0.0,0.0,0.0,0.0,0.0,0.0,0.0,0.0,,1,389,389,,gsd_bucket,0.7000000000000001,,
reports/small_vehicle/cascade/gate_small_vehicle_resnet18_temperature_strat_gsd_bucket.stratified_gsd_bucket.json,unknown,temperature,,,0.9552238805970149,real,,,0.38461538461538464,gate_small_vehicle_resnet18_temperature,0.4720086023195386,0.3260095056414784,0.12924510425730046,0.21206125776594387,0.13168352800998145,0.06935298614908554,0.03755540486458853,0.022327612607866698,0.011551155115511552,0.009900990099009901,0.0,,1,134,134,,gsd_bucket,0.7000000000000001,,
reports/small_vehicle/cascade/gate_small_vehicle_resnet18_temperature_strat_gsd_bucket.stratified_gsd_bucket.json,very_high,temperature,,,0.6377952755905512,real,,,0.6925795053003534,gate_small_vehicle_resnet18_temperature,0.7330018878317431,0.7205858652480313,0.38245648090699214,0.6957539535405973,0.6396062054035889,0.5230311561443972,0.3370052256572314,0.14464202935024983,0.028453057299751353,0.0024639513923811365,2.1477201950129936e-05,,1,1143,1143,,gsd_bucket,0.7000000000000001,,
reports/small_vehicle/cascade/gate_small_vehicle_resnet18_temperature_strat_gsd_bucket.stratified_gsd_bucket.json,very_low,temperature,,,1.0,real,,,nan,gate_small_vehicle_resnet18_temperature,0.0,,0.0,,,,,,,,,,0,87,87,,gsd_bucket,0.7000000000000001,,
reports/small_vehicle/cascade/gate_small_vehicle_resnet18_temperature_strat_gsd_bucket.stratified_gsd_bucket.json,high,temperature,,,0.5513108614232209,real,,,0.669501822600243,gate_small_vehicle_resnet18_temperature,0.6200739808280085,0.5810606646717424,0.2572099744959523,0.5130849163458688,0.40650053204823455,0.2682705173277424,0.13505458034200188,0.04084608476314918,0.006892672208037965,0.0003094059405940594,6.39048414307868e-06,,1,1335,1335,,gsd_bucket,0.75,,
reports/small_vehicle/cascade/gate_small_vehicle_resnet18_temperature_strat_gsd_bucket.stratified_gsd_bucket.json,low,temperature,,,0.9995473064735174,real,,,0.0,gate_small_vehicle_resnet18_temperature,0.0,0.0,0.0,0.0,0.0,0.0,0.0,0.0,0.0,0.0,0.0,,1,2209,2209,,gsd_bucket,0.75,,
reports/small_vehicle/cascade/gate_small_vehicle_resnet18_temperature_strat_gsd_bucket.stratified_gsd_bucket.json,medium,temperature,,,0.8097686375321337,real,,,0.3458646616541353,gate_small_vehicle_resnet18_temperature,4.439905873995471e-05,4.439905873995471e-05,8.879811747990943e-06,0.0,0.0,0.0,0.0,0.0,0.0,0.0,0.0,,1,389,389,,gsd_bucket,0.75,,
reports/small_vehicle/cascade/gate_small_vehicle_resnet18_temperature_strat_gsd_bucket.stratified_gsd_bucket.json,unknown,temperature,,,0.9552238805970149,real,,,0.38461538461538464,gate_small_vehicle_resnet18_temperature,0.4720086023195386,0.3260095056414784,0.12924510425730046,0.21206125776594387,0.13168352800998145,0.06935298614908554,0.03755540486458853,0.022327612607866698,0.011551155115511552,0.009900990099009901,0.0,,1,134,134,,gsd_bucket,0.75,,
reports/small_vehicle/cascade/gate_small_vehicle_resnet18_temperature_strat_gsd_bucket.stratified_gsd_bucket.json,very_high,temperature,,,0.6692913385826772,real,,,0.6395759717314488,gate_small_vehicle_resnet18_temperature,0.7135106830150105,0.7011882391675194,0.3724536358014007,0.6765553515900049,0.6209384179501763,0.5134728403082232,0.32874335717154285,0.14023928607741248,0.027302053531718808,0.0025629960479614743,2.313315443693902e-05,,1,1143,1143,,gsd_bucket,0.75,,
reports/small_vehicle/cascade/gate_small_vehicle_resnet18_temperature_strat_gsd_bucket.stratified_gsd_bucket.json,very_low,temperature,,,1.0,real,,,nan,gate_small_vehicle_resnet18_temperature,0.0,,0.0,,,,,,,,,,0,87,87,,gsd_bucket,0.75,,
reports/small_vehicle/cascade/gate_small_vehicle_resnet18_temperature_strat_gsd_bucket.stratified_gsd_bucket.json,high,temperature,,,0.5902621722846442,real,,,0.6123936816524909,gate_small_vehicle_resnet18_temperature,0.5941058850749698,0.5560456540706152,0.2468771613284429,0.4896619742414987,0.391652284195815,0.26092476653242064,0.13054005734154908,0.03819080270375411,0.007324217781954558,0.00031938677738741617,6.58456446398353e-06,,1,1335,1335,,gsd_bucket,0.8,,
reports/small_vehicle/cascade/gate_small_vehicle_resnet18_temperature_strat_gsd_bucket.stratified_gsd_bucket.json,low,temperature,,,1.0,real,,,0.0,gate_small_vehicle_resnet18_temperature,0.0,0.0,0.0,0.0,0.0,0.0,0.0,0.0,0.0,0.0,0.0,,1,2209,2209,,gsd_bucket,0.8,,
reports/small_vehicle/cascade/gate_small_vehicle_resnet18_temperature_strat_gsd_bucket.stratified_gsd_bucket.json,medium,temperature,,,0.8354755784061697,real,,,0.2932330827067669,gate_small_vehicle_resnet18_temperature,4.950495049504951e-05,4.950495049504951e-05,9.900990099009901e-06,0.0,0.0,0.0,0.0,0.0,0.0,0.0,0.0,,1,389,389,,gsd_bucket,0.8,,
reports/small_vehicle/cascade/gate_small_vehicle_resnet18_temperature_strat_gsd_bucket.stratified_gsd_bucket.json,unknown,temperature,,,0.9552238805970149,real,,,0.38461538461538464,gate_small_vehicle_resnet18_temperature,0.4720086023195386,0.3260095056414784,0.12924510425730046,0.21206125776594387,0.13168352800998145,0.06935298614908554,0.03755540486458853,0.022327612607866698,0.011551155115511552,0.009900990099009901,0.0,,1,134,134,,gsd_bucket,0.8,,
reports/small_vehicle/cascade/gate_small_vehicle_resnet18_temperature_strat_gsd_bucket.stratified_gsd_bucket.json,very_high,temperature,,,0.694663167104112,real,,,0.5918727915194346,gate_small_vehicle_resnet18_temperature,0.7041953141977804,0.6919284174571433,0.36703085797619167,0.6673810307419855,0.6120497035991983,0.5057604084242681,0.32283890468549165,0.13644154471518277,0.027133376428440537,0.0025566377516299497,2.324176079579789e-05,,1,1143,1143,,gsd_bucket,0.8,,
reports/small_vehicle/cascade/gate_small_vehicle_resnet18_temperature_strat_gsd_bucket.stratified_gsd_bucket.json,very_low,temperature,,,1.0,real,,,nan,gate_small_vehicle_resnet18_temperature,0.0,,0.0,,,,,,,,,,0,87,87,,gsd_bucket,0.8,,
reports/small_vehicle/cascade/gate_small_vehicle_resnet18_temperature_strat_gsd_bucket.stratified_gsd_bucket.json,high,temperature,,,0.6419475655430712,real,,,0.5443499392466585,gate_small_vehicle_resnet18_temperature,0.5603876991357899,0.5233724654971001,0.2331783444746618,0.46568107671159503,0.3706410477750281,0.2447152371775429,0.12271774285172218,0.03664823776952692,0.007284440702441305,0.00033003300330033004,5.464122571197517e-06,,1,1335,1335,,gsd_bucket,0.8500000000000001,,
reports/small_vehicle/cascade/gate_small_vehicle_resnet18_temperature_strat_gsd_bucket.stratified_gsd_bucket.json,low,temperature,,,1.0,real,,,0.0,gate_small_vehicle_resnet18_temperature,0.0,0.0,0.0,0.0,0.0,0.0,0.0,0.0,0.0,0.0,0.0,,1,2209,2209,,gsd_bucket,0.8500000000000001,,
reports/small_vehicle/cascade/gate_small_vehicle_resnet18_temperature_strat_gsd_bucket.stratified_gsd_bucket.json,medium,temperature,,,0.8534704370179949,real,,,0.2706766917293233,gate_small_vehicle_resnet18_temperature,3.0357167251295113e-06,1.7514576506297366e-06,4.787174375759248e-07,0.0,0.0,0.0,0.0,0.0,0.0,0.0,0.0,,1,389,389,,gsd_bucket,0.8500000000000001,,
reports/small_vehicle/cascade/gate_small_vehicle_resnet18_temperature_strat_gsd_bucket.stratified_gsd_bucket.json,unknown,temperature,,,0.9626865671641791,real,,,0.38461538461538464,gate_small_vehicle_resnet18_temperature,0.4722302376971913,0.32617771537818296,0.1293018299319604,0.21213255312108298,0.13174693340578414,0.06938235045794613,0.03756372480584975,0.022332639239045347,0.011551155115511552,0.009900990099009901,0.0,,1,134,134,,gsd_bucket,0.8500000000000001,,
reports/small_vehicle/cascade/gate_small_vehicle_resnet18_temperature_strat_gsd_bucket.stratified_gsd_bucket.json,very_high,temperature,,,0.7191601049868767,real,,,0.5477031802120141,gate_small_vehicle_resnet18_temperature,0.685366308515392,0.6732029675814576,0.3572327242574135,0.6491690519543589,0.5947103537740427,0.49017678457187486,0.315753539649101,0.13566341674662566,0.025597097673427504,0.0026642600460084083,2.3462061845995027e-05,,1,1143,1143,,gsd_bucket,0.8500000000000001,,
reports/small_vehicle/cascade/gate_small_vehicle_resnet18_temperature_strat_gsd_bucket.stratified_gsd_bucket.json,very_low,temperature,,,1.0,real,,,nan,gate_small_vehicle_resnet18_temperature,0.0,,0.0,,,,,,,,,,0,87,87,,gsd_bucket,0.8500000000000001,,
reports/small_vehicle/cascade/gate_small_vehicle_resnet18_temperature_strat_gsd_bucket.stratified_gsd_bucket.json,high,temperature,,,0.7018726591760299,real,,,0.456865127582017,gate_small_vehicle_resnet18_temperature,0.5192488669014962,0.4901784180869765,0.2156391101486496,0.42702098305588687,0.3410826809248783,0.22469838837493875,0.1127405541241167,0.03392501335486976,0.007160234923446245,0.00033003300330033004,5.928736586233474e-06,,1,1335,1335,,gsd_bucket,0.9,,
reports/small_vehicle/cascade/gate_small_vehicle_resnet18_temperature_strat_gsd_bucket.stratified_gsd_bucket.json,low,temperature,,,1.0,real,,,0.0,gate_small_vehicle_resnet18_temperature,0.0,0.0,0.0,0.0,0.0,0.0,0.0,0.0,0.0,0.0,0.0,,1,2209,2209,,gsd_bucket,0.9,,
reports/small_vehicle/cascade/gate_small_vehicle_resnet18_temperature_strat_gsd_bucket.stratified_gsd_bucket.json,medium,temperature,,,0.8920308483290489,real,,,0.18796992481203006,gate_small_vehicle_resnet18_temperature,3.805877416494292e-06,2.2319635029328e-06,6.037840919427093e-07,0.0,0.0,0.0,0.0,0.0,0.0,0.0,0.0,,1,389,389,,gsd_bucket,0.9,,
reports/small_vehicle/cascade/gate_small_vehicle_resnet18_temperature_strat_gsd_bucket.stratified_gsd_bucket.json,unknown,temperature,,,0.9626865671641791,real,,,0.38461538461538464,gate_small_vehicle_resnet18_temperature,0.4722302376971913,0.32617771537818296,0.1293018299319604,0.21213255312108298,0.13174693340578414,0.06938235045794613,0.03756372480584975,0.022332639239045347,0.011551155115511552,0.009900990099009901,0.0,,1,134,134,,gsd_bucket,0.9,,
reports/small_vehicle/cascade/gate_small_vehicle_resnet18_temperature_strat_gsd_bucket.stratified_gsd_bucket.json,very_high,temperature,,,0.7559055118110236,real,,,0.48056537102473496,gate_small_vehicle_resnet18_temperature,0.656854791376231,0.6449800995360262,0.34352974168453004,0.6213083905727997,0.5760510615804189,0.47419978335717217,0.3029020129488863,0.13092049512041867,0.025268472946768383,0.0027886228273949487,2.3686579184234213e-05,,1,1143,1143,,gsd_bucket,0.9,,
reports/small_vehicle/cascade/gate_small_vehicle_resnet18_temperature_strat_gsd_bucket.stratified_gsd_bucket.json,very_low,temperature,,,1.0,real,,,nan,gate_small_vehicle_resnet18_temperature,0.0,,0.0,,,,,,,,,,0,87,87,,gsd_bucket,0.9,,
reports/small_vehicle/cascade/gate_small_vehicle_resnet18_temperature_strat_gsd_bucket.stratified_gsd_bucket.json,high,temperature,,,0.7835205992509363,real,,,0.3292831105710814,gate_small_vehicle_resnet18_temperature,0.4394226419894515,0.4121012935987084,0.18283562757271174,0.36627614731723057,0.29305572268980257,0.1900341090123668,0.0939642778453115,0.027416536475467698,0.005665830914146351,0.0004125412541254125,7.174630506528914e-06,,1,1335,1335,,gsd_bucket,0.9500000000000001,,
reports/small_vehicle/cascade/gate_small_vehicle_resnet18_temperature_strat_gsd_bucket.stratified_gsd_bucket.json,low,temperature,,,1.0,real,,,0.0,gate_small_vehicle_resnet18_temperature,0.0,0.0,0.0,0.0,0.0,0.0,0.0,0.0,0.0,0.0,0.0,,1,2209,2209,,gsd_bucket,0.9500000000000001,,
reports/small_vehicle/cascade/gate_small_vehicle_resnet18_temperature_strat_gsd_bucket.stratified_gsd_bucket.json,medium,temperature,,,0.9408740359897172,real,,,0.11278195488721804,gate_small_vehicle_resnet18_temperature,3.0185945423810675e-06,0.0,3.0185945423810674e-07,0.0,0.0,0.0,0.0,0.0,0.0,0.0,0.0,,1,389,389,,gsd_bucket,0.9500000000000001,,
reports/small_vehicle/cascade/gate_small_vehicle_resnet18_temperature_strat_gsd_bucket.stratified_gsd_bucket.json,unknown,temperature,,,0.9626865671641791,real,,,0.38461538461538464,gate_small_vehicle_resnet18_temperature,0.4722302376971913,0.32617771537818296,0.1293018299319604,0.21213255312108298,0.13174693340578414,0.06938235045794613,0.03756372480584975,0.022332639239045347,0.011551155115511552,0.009900990099009901,0.0,,1,134,134,,gsd_bucket,0.9500000000000001,,
reports/small_vehicle/cascade/gate_small_vehicle_resnet18_temperature_strat_gsd_bucket.stratified_gsd_bucket.json,very_high,temperature,,,0.8092738407699037,real,,,0.38162544169611307,gate_small_vehicle_resnet18_temperature,0.5918002417505498,0.5889088704387249,0.31044213623679473,0.5655831594124638,0.5219332509653883,0.43013632678565167,0.27170905494124725,0.11052096311597054,0.02077304618462118,0.003031255414299498,2.5193359030559546e-05,,1,1143,1143,,gsd_bucket,0.9500000000000001,,
reports/small_vehicle/cascade/gate_small_vehicle_resnet18_temperature_strat_gsd_bucket.stratified_gsd_bucket.json,very_low,temperature,,,1.0,real,,,nan,gate_small_vehicle_resnet18_temperature,0.0,,0.0,,,,,,,,,,0,87,87,,gsd_bucket,0.9500000000000001,,
reports/small_vehicle/cascade/gate_small_vehicle_resnet18_temperature_strat_gsd_bucket.stratified_gsd_bucket.json,high,temperature,,,1.0,real,,,0.0,gate_small_vehicle_resnet18_temperature,0.0,0.0,0.0,0.0,0.0,0.0,0.0,0.0,0.0,0.0,0.0,,1,1335,1335,,gsd_bucket,1.0,,
reports/small_vehicle/cascade/gate_small_vehicle_resnet18_temperature_strat_gsd_bucket.stratified_gsd_bucket.json,low,temperature,,,1.0,real,,,0.0,gate_small_vehicle_resnet18_temperature,0.0,0.0,0.0,0.0,0.0,0.0,0.0,0.0,0.0,0.0,0.0,,1,2209,2209,,gsd_bucket,1.0,,
reports/small_vehicle/cascade/gate_small_vehicle_resnet18_temperature_strat_gsd_bucket.stratified_gsd_bucket.json,medium,temperature,,,1.0,real,,,0.0,gate_small_vehicle_resnet18_temperature,0.0,0.0,0.0,0.0,0.0,0.0,0.0,0.0,0.0,0.0,0.0,,1,389,389,,gsd_bucket,1.0,,
reports/small_vehicle/cascade/gate_small_vehicle_resnet18_temperature_strat_gsd_bucket.stratified_gsd_bucket.json,unknown,temperature,,,1.0,real,,,0.0,gate_small_vehicle_resnet18_temperature,0.0,0.0,0.0,0.0,0.0,0.0,0.0,0.0,0.0,0.0,0.0,,1,134,134,,gsd_bucket,1.0,,
reports/small_vehicle/cascade/gate_small_vehicle_resnet18_temperature_strat_gsd_bucket.stratified_gsd_bucket.json,very_high,temperature,,,1.0,real,,,0.0,gate_small_vehicle_resnet18_temperature,0.0,0.0,0.0,0.0,0.0,0.0,0.0,0.0,0.0,0.0,0.0,,1,1143,1143,,gsd_bucket,1.0,,
reports/small_vehicle/cascade/gate_small_vehicle_resnet18_temperature_strat_gsd_bucket.stratified_gsd_bucket.json,very_low,temperature,,,1.0,real,,,nan,gate_small_vehicle_resnet18_temperature,0.0,,0.0,,,,,,,,,,0,87,87,,gsd_bucket,1.0,,
reports/small_vehicle/cascade/gate_small_vehicle_resnet18_temperature_strat_imagesource.json,,temperature,482027.0,116534.0,0.0,real,9534.6,10594.0,1.0,gate_small_vehicle_resnet18_temperature,0.4640965480941936,0.43910589632954333,0.2072206024009487,0.39496195420151964,0.33074662856862086,0.24060860530915312,0.13539707857177424,0.05323966798625721,0.012709671271698286,0.0013201320132013201,1.984166352506994e-05,5297,1,,5297,,,0.0,491561.6,127128.0
reports/small_vehicle/cascade/gate_small_vehicle_resnet18_temperature_strat_imagesource.json,,temperature,254163.0,61446.0,0.4727204077779875,real,9534.6,10594.0,0.9870633893919794,gate_small_vehicle_resnet18_temperature,0.4635846118257821,0.43891955442475333,0.20721603438775404,0.39501926520007236,0.331011600568518,0.24080498044823595,0.13549010993417648,0.05327254244064335,0.01271770535863242,0.0013201320132013201,1.984166352506994e-05,2793,1,,5297,,,0.05,263697.6,72040.0
reports/small_vehicle/cascade/gate_small_vehicle_resnet18_temperature_strat_imagesource.json,,temperature,216216.0,52272.0,0.5514442137058713,real,9534.6,10594.0,0.9715394566623544,gate_small_vehicle_resnet18_temperature,0.4634173963524798,0.4389034754233835,0.20720969275485013,0.39499281129254477,0.3310409613200539,0.24085272638084806,0.13554271810544818,0.05328383164167213,0.01272303335534442,0.0013201320132013201,1.984166352506994e-05,2376,1,,5297,,,0.1,225750.6,62866.0
reports/small_vehicle/cascade/gate_small_vehicle_resnet18_temperature_strat_imagesource.json,,temperature,197379.0,47718.0,0.5905229375117991,real,9534.6,10594.0,0.9592496765847348,gate_small_vehicle_resnet18_temperature,0.46344391735102963,0.4389366638362159,0.20721871480842707,0.3950222167465875,0.3310153797901209,0.24087238199722683,0.13554760896189216,0.05328328620561334,0.012725719518857983,0.0013201320132013201,1.984166352506994e-05,2169,1,,5297,,,0.15000000000000002,206913.6,58312.0
reports/small_vehicle/cascade/gate_small_vehicle_resnet18_temperature_strat_imagesource.json,,temperature,184275.0,44550.0,0.6177081366811403,real,9534.6,10594.0,0.9456662354463131,gate_small_vehicle_resnet18_temperature,0.4633901299512492,0.43883613814250405,0.2071386447350982,0.3948828257497031,0.33079059969462565,0.24064899518345043,0.13550735244934695,0.053266013915163495,0.012724258251537784,0.0013201320132013201,2.0002000200020003e-05,2025,1,,5297,,,0.2,193809.6,55144.0
reports/small_vehicle/cascade/gate_small_vehicle_resnet18_temperature_strat_imagesource.json,,temperature,171717.0,41514.0,0.6437606192184255,real,9534.6,10594.0,0.9223803363518758,gate_small_vehicle_resnet18_temperature,0.46314468742033854,0.4333515081740161,0.20651876296192245,0.3946595622772401,0.3306468154774722,0.2406192269704551,0.1354424372261625,0.05324592638419598,0.012737291186063194,0.0013201320132013201,2.004249007896741e-05,1887,1,,5297,,,0.25,181251.6,52108.0
reports/small_vehicle/cascade/gate_small_vehicle_resnet18_temperature_strat_imagesource.json,,temperature,162253.0,39226.0,0.6633943741740608,real,9534.6,10594.0,0.8965071151358344,gate_small_vehicle_resnet18_temperature,0.45701864643207574,0.4330158941199913,0.2054000300219037,0.39447918868729687,0.3305600961461184,0.23696173828658582,0.13530069095904282,0.05317250443108439,0.012151366653561197,0.0013201320132013201,2.004249007896741e-05,1783,1,,5297,,,0.30000000000000004,171787.6,49820.0
reports/small_vehicle/cascade/gate_small_vehicle_resnet18_temperature_strat_imagesource.json,,temperature,153426.0,37092.0,0.6817066263922975,real,9534.6,10594.0,0.8764553686934023,gate_small_vehicle_resnet18_temperature,0.45654388480532027,0.43280264110198463,0.20532732648267676,0.3943835632233908,0.33056876643974864,0.23698669040980816,0.13531545480289783,0.05317765402049781,0.01215439486570095,0.0013201320132013201,2.008314421705862e-05,1686,1,,5297,,,0.35000000000000003,162960.6,47686.0
reports/small_vehicle/cascade/gate_small_vehicle_resnet18_temperature_strat_imagesource.json,,temperature,143780.0,34760.0,0.7017179535586181,real,9534.6,10594.0,0.8428201811125485,gate_small_vehicle_resnet18_temperature,0.4567451007873786,0.4329123521463473,0.20436148175065255,0.389333511698161,0.3259826186189984,0.23687917302798675,0.13515553795633597,0.05311143204465551,0.012154876069243297,0.0013201320132013201,2.008314421705862e-05,1580,1,,5297,,,0.4,153314.6,45354.0
reports/small_vehicle/cascade/gate_small_vehicle_resnet18_temperature_strat_imagesource.json,,temperature,136864.0,33088.0,0.7160656975646593,real,9534.6,10594.0,0.8124191461836999,gate_small_vehicle_resnet18_temperature,0.45007605275510054,0.4266082740907041,0.20287132735698182,0.388647982617813,0.32543878183006675,0.23642231875927752,0.13503491116204075,0.052979464463548134,0.012165272733848887,0.0013201320132013201,2.008314421705862e-05,1504,1,,5297,,,0.45,146398.6,43682.0
reports/small_vehicle/cascade/gate_small_vehicle_resnet18_temperature_strat_imagesource.json,,temperature,129675.0,31350.0,0.7309797998867283,real,9534.6,10594.0,0.7884864165588615,gate_small_vehicle_resnet18_temperature,0.4490180179876946,0.42559348673497616,0.20238249333548186,0.3876629279798725,0.32461811955679865,0.23589756899053535,0.13469005881285243,0.05284800225028694,0.012156535884383327,0.0013201320132013201,2.008314421705862e-05,1425,1,,5297,,,0.5,139209.6,41944.0
reports/small_vehicle/cascade/gate_small_vehicle_resnet18_temperature_strat_imagesource.json,,temperature,122122.0,29524.0,0.7466490466301681,real,9534.6,10594.0,0.7535575679172057,gate_small_vehicle_resnet18_temperature,0.44173833122257483,0.41858061497171617,0.19872451124107607,0.38111721337423815,0.31865015091565124,0.23109254385592384,0.13153547504288637,0.05104670700408037,0.012143860866271288,0.0013201320132013201,2.008314421705862e-05,1342,1,,5297,,,0.55,131656.6,40118.0
reports/small_vehicle/cascade/gate_small_vehicle_resnet18_temperature_strat_imagesource.json,,temperature,117390.0,28380.0,0.7564659241079856,real,9534.6,10594.0,0.7315653298835705,gate_small_vehicle_resnet18_temperature,0.4413907510685475,0.418180063121708,0.1984546020131716,0.380680840939696,0.3182742880214783,0.2305989110531341,0.13113204739473927,0.0507532909537195,0.012101028014081163,0.0014144271570014143,2.0372407611131484e-05,1290,1,,5297,,,0.6000000000000001,126924.6,38974.0
reports/small_vehicle/cascade/gate_small_vehicle_resnet18_temperature_strat_imagesource.json,,temperature,111020.0,26840.0,0.7696809514819709,real,9534.6,10594.0,0.7011642949547219,gate_small_vehicle_resnet18_temperature,0.4408625374593437,0.41766068281548263,0.19803669929366113,0.3800518686585193,0.3176071064766269,0.2300854069255625,0.13061533227156968,0.05052690389706385,0.011413341007441445,0.0015232292460015233,2.0584179000020584e-05,1220,1,,5297,,,0.65,120554.6,37434.0
reports/small_vehicle/cascade/gate_small_vehicle_resnet18_temperature_strat_imagesource.json,,temperature,104104.0,25168.0,0.784028695488012,real,9534.6,10594.0,0.6688227684346701,gate_small_vehicle_resnet18_temperature,0.43483378033814263,0.4115755380369437,0.1955027697576422,0.37423466636084346,0.3119283675584965,0.22930173811785534,0.12990725037685197,0.050228507696315816,0.01134679590970494,0.00165016501650165,2.088816476584367e-05,1144,1,,5297,,,0.7000000000000001,113638.6,35762.0
reports/small_vehicle/cascade/gate_small_vehicle_resnet18_temperature_strat_imagesource.json,,temperature,96278.0,23276.0,0.8002643005474797,real,9534.6,10594.0,0.6235446313065977,gate_small_vehicle_resnet18_temperature,0.42703608800970205,0.4040317746453776,0.19217172843660874,0.36709255592848206,0.3108979419780054,0.22441966173752642,0.12619526787234486,0.04996146210291975,0.0103127450366471,0.0017472335468841002,2.255350819820023e-05,1058,1,,5297,,,0.75,105812.6,33870.0
reports/small_vehicle/cascade/gate_small_vehicle_resnet18_temperature_strat_imagesource.json,,temperature,87906.0,21252.0,0.8176326222390032,real,9534.6,10594.0,0.5711513583441138,gate_small_vehicle_resnet18_temperature,0.4108683494466695,0.39470594037114404,0.18694893573397625,0.35823636600559045,0.30297101316776265,0.21804671087871894,0.12504886762770187,0.04756380270681929,0.010278364895584011,0.0017472335468841002,2.270869288763739e-05,966,1,,5297,,,0.8,97440.6,31846.0
reports/small_vehicle/cascade/gate_small_vehicle_resnet18_temperature_strat_imagesource.json,,temperature,78351.0,18942.0,0.8374551632999812,real,9534.6,10594.0,0.5168175937904269,gate_small_vehicle_resnet18_temperature,0.39297156907960684,0.37100460752152603,0.1784698188862173,0.3419231526034482,0.2886122707358756,0.21088632799518556,0.12012845162919504,0.04706792158533037,0.01022447993364059,0.0018564356435643563,2.297213480048701e-05,861,1,,5297,,,0.8500000000000001,87885.6,29536.0
reports/small_vehicle/cascade/gate_small_vehicle_resnet18_temperature_strat_imagesource.json,,temperature,65884.0,15928.0,0.8633188597319237,real,9534.6,10594.0,0.4385510996119017,gate_small_vehicle_resnet18_temperature,0.3679582328955105,0.3528992387761322,0.16767860041899188,0.3184506846608388,0.2725833402845854,0.19770518731551923,0.1110105113448525,0.04424033012809588,0.009935093434139643,0.0019801980198019802,2.318733044264614e-05,724,1,,5297,,,0.9,75418.6,26522.0
reports/small_vehicle/cascade/gate_small_vehicle_resnet18_temperature_strat_imagesource.json,,temperature,48685.0,11770.0,0.898999433641684,real,9534.6,10594.0,0.3279430789133247,gate_small_vehicle_resnet18_temperature,0.3228087675483623,0.3020413070761189,0.14494878446618703,0.27586312101974014,0.2342989180733923,0.16926599059851283,0.09785334600859859,0.03628526993365411,0.00876140367494388,0.002284843869002285,2.487685954525101e-05,535,1,,5297,,,0.9500000000000001,58219.6,22364.0
reports/small_vehicle/cascade/gate_small_vehicle_resnet18_temperature_strat_imagesource.json,,temperature,0.0,0.0,1.0,real,9534.6,10594.0,0.0,gate_small_vehicle_resnet18_temperature,0.0,0.0,0.0,0.0,0.0,0.0,0.0,0.0,0.0,0.0,0.0,0,1,,5297,,,1.0,9534.6,10594.0
reports/small_vehicle/cascade/gate_small_vehicle_resnet18_temperature_strat_imagesource.stratified_imagesource.json,GF,temperature,,,0.0,real,,,nan,gate_small_vehicle_resnet18_temperature,0.0,,0.0,,,,,,,,,,0,715,715,,imagesource,0.0,,
reports/small_vehicle/cascade/gate_small_vehicle_resnet18_temperature_strat_imagesource.stratified_imagesource.json,GoogleEarth,temperature,,,0.0,real,,,1.0,gate_small_vehicle_resnet18_temperature,0.4640965963071649,0.4391061300008854,0.20722061967915542,0.3949620501716081,0.33074699819654035,0.2406084410226932,0.13539669536830917,0.053239632411228456,0.012709679636398042,0.0013201320132013201,1.984166352506994e-05,,1,3317,3317,,imagesource,0.0,,
reports/small_vehicle/cascade/gate_small_vehicle_resnet18_temperature_strat_imagesource.stratified_imagesource.json,JL,temperature,,,0.0,real,,,nan,gate_small_vehicle_resnet18_temperature,0.0,,0.0,,,,,,,,,,0,1265,1265,,imagesource,0.0,,
reports/small_vehicle/cascade/gate_small_vehicle_resnet18_temperature_strat_imagesource.stratified_imagesource.json,unknown,temperature,,,,real,,,,gate_small_vehicle_resnet18_temperature,,,,,,,,,,,,,,0,0,1.0,imagesource,0.0,,
reports/small_vehicle/cascade/gate_small_vehicle_resnet18_temperature_strat_imagesource.stratified_imagesource.json,GF,temperature,,,0.9846153846153847,real,,,nan,gate_small_vehicle_resnet18_temperature,0.0,,0.0,,,,,,,,,,0,715,715,,imagesource,0.05,,
reports/small_vehicle/cascade/gate_small_vehicle_resnet18_temperature_strat_imagesource.stratified_imagesource.json,GoogleEarth,temperature,,,0.18691588785046728,real,,,0.9870633893919794,gate_small_vehicle_resnet18_temperature,0.4635846118257821,0.43891955442475333,0.20721603438775404,0.39501926520007236,0.331011600568518,0.24080498044823595,0.13549010993417648,0.05327254244064335,0.01271770535863242,0.0013201320132013201,1.984166352506994e-05,,1,3317,3317,,imagesource,0.05,,
reports/small_vehicle/cascade/gate_small_vehicle_resnet18_temperature_strat_imagesource.stratified_imagesource.json,JL,temperature,,,0.932806324110672,real,,,nan,gate_small_vehicle_resnet18_temperature,0.0,,0.0,,,,,,,,,,0,1265,1265,,imagesource,0.05,,
reports/small_vehicle/cascade/gate_small_vehicle_resnet18_temperature_strat_imagesource.stratified_imagesource.json,unknown,temperature,,,,real,,,,gate_small_vehicle_resnet18_temperature,,,,,,,,,,,,,,0,0,1.0,imagesource,0.05,,
reports/small_vehicle/cascade/gate_small_vehicle_resnet18_temperature_strat_imagesource.stratified_imagesource.json,GF,temperature,,,0.9986013986013986,real,,,nan,gate_small_vehicle_resnet18_temperature,0.0,,0.0,,,,,,,,,,0,715,715,,imagesource,0.1,,
reports/small_vehicle/cascade/gate_small_vehicle_resnet18_temperature_strat_imagesource.stratified_imagesource.json,GoogleEarth,temperature,,,0.2882122399758818,real,,,0.9715394566623544,gate_small_vehicle_resnet18_temperature,0.4634173963524798,0.4389034754233835,0.20720969275485013,0.39499281129254477,0.3310409613200539,0.24085272638084806,0.13554271810544818,0.05328383164167213,0.01272303335534442,0.0013201320132013201,1.984166352506994e-05,,1,3317,3317,,imagesource,0.1,,
reports/small_vehicle/cascade/gate_small_vehicle_resnet18_temperature_strat_imagesource.stratified_imagesource.json,JL,temperature,,,0.9889328063241106,real,,,nan,gate_small_vehicle_resnet18_temperature,0.0,,0.0,,,,,,,,,,0,1265,1265,,imagesource,0.1,,
reports/small_vehicle/cascade/gate_small_vehicle_resnet18_temperature_strat_imagesource.stratified_imagesource.json,unknown,temperature,,,,real,,,,gate_small_vehicle_resnet18_temperature,,,,,,,,,,,,,,0,0,1.0,imagesource,0.1,,
reports/small_vehicle/cascade/gate_small_vehicle_resnet18_temperature_strat_imagesource.stratified_imagesource.json,GF,temperature,,,1.0,real,,,nan,gate_small_vehicle_resnet18_temperature,0.0,,0.0,,,,,,,,,,0,715,715,,imagesource,0.15000000000000002,,
reports/small_vehicle/cascade/gate_small_vehicle_resnet18_temperature_strat_imagesource.stratified_imagesource.json,GoogleEarth,temperature,,,0.34760325595417546,real,,,0.9592496765847348,gate_small_vehicle_resnet18_temperature,0.46344391735102963,0.4389366638362159,0.20721871480842707,0.3950222167465875,0.3310153797901209,0.24087238199722683,0.13554760896189216,0.05328328620561334,0.012725719518857983,0.0013201320132013201,1.984166352506994e-05,,1,3317,3317,,imagesource,0.15000000000000002,,
reports/small_vehicle/cascade/gate_small_vehicle_resnet18_temperature_strat_imagesource.stratified_imagesource.json,JL,temperature,,,0.9960474308300395,real,,,nan,gate_small_vehicle_resnet18_temperature,0.0,,0.0,,,,,,,,,,0,1265,1265,,imagesource,0.15000000000000002,,
reports/small_vehicle/cascade/gate_small_vehicle_resnet18_temperature_strat_imagesource.stratified_imagesource.json,unknown,temperature,,,,real,,,,gate_small_vehicle_resnet18_temperature,,,,,,,,,,,,,,0,0,1.0,imagesource,0.15000000000000002,,
reports/small_vehicle/cascade/gate_small_vehicle_resnet18_temperature_strat_imagesource.stratified_imagesource.json,GF,temperature,,,1.0,real,,,nan,gate_small_vehicle_resnet18_temperature,0.0,,0.0,,,,,,,,,,0,715,715,,imagesource,0.2,,
reports/small_vehicle/cascade/gate_small_vehicle_resnet18_temperature_strat_imagesource.stratified_imagesource.json,GoogleEarth,temperature,,,0.39041302381670184,real,,,0.9456662354463131,gate_small_vehicle_resnet18_temperature,0.4633901299512492,0.43883613814250405,0.2071386447350982,0.3948828257497031,0.33079059969462565,0.24064899518345043,0.13550735244934695,0.053266013915163495,0.012724258251537784,0.0013201320132013201,2.0002000200020003e-05,,1,3317,3317,,imagesource,0.2,,
reports/small_vehicle/cascade/gate_small_vehicle_resnet18_temperature_strat_imagesource.stratified_imagesource.json,JL,temperature,,,0.9976284584980237,real,,,nan,gate_small_vehicle_resnet18_temperature,0.0,,0.0,,,,,,,,,,0,1265,1265,,imagesource,0.2,,
reports/small_vehicle/cascade/gate_small_vehicle_resnet18_temperature_strat_imagesource.stratified_imagesource.json,unknown,temperature,,,,real,,,,gate_small_vehicle_resnet18_temperature,,,,,,,,,,,,,,0,0,1.0,imagesource,0.2,,
reports/small_vehicle/cascade/gate_small_vehicle_resnet18_temperature_strat_imagesource.stratified_imagesource.json,GF,temperature,,,1.0,real,,,nan,gate_small_vehicle_resnet18_temperature,0.0,,0.0,,,,,,,,,,0,715,715,,imagesource,0.25,,
reports/small_vehicle/cascade/gate_small_vehicle_resnet18_temperature_strat_imagesource.stratified_imagesource.json,GoogleEarth,temperature,,,0.43111245100994877,real,,,0.9223803363518758,gate_small_vehicle_resnet18_temperature,0.46314468742033854,0.4333515081740161,0.20651876296192245,0.3946595622772401,0.3306468154774722,0.2406192269704551,0.1354424372261625,0.05324592638419598,0.012737291186063194,0.0013201320132013201,2.004249007896741e-05,,1,3317,3317,,imagesource,0.25,,
reports/small_vehicle/cascade/gate_small_vehicle_resnet18_temperature_strat_imagesource.stratified_imagesource.json,JL,temperature,,,1.0,real,,,nan,gate_small_vehicle_resnet18_temperature,0.0,,0.0,,,,,,,,,,0,1265,1265,,imagesource,0.25,,
reports/small_vehicle/cascade/gate_small_vehicle_resnet18_temperature_strat_imagesource.stratified_imagesource.json,unknown,temperature,,,,real,,,,gate_small_vehicle_resnet18_temperature,,,,,,,,,,,,,,0,0,1.0,imagesource,0.25,,
reports/small_vehicle/cascade/gate_small_vehicle_resnet18_temperature_strat_imagesource.stratified_imagesource.json,GF,temperature,,,1.0,real,,,nan,gate_small_vehicle_resnet18_temperature,0.0,,0.0,,,,,,,,,,0,715,715,,imagesource,0.30000000000000004,,
reports/small_vehicle/cascade/gate_small_vehicle_resnet18_temperature_strat_imagesource.stratified_imagesource.json,GoogleEarth,temperature,,,0.4624660838106723,real,,,0.8965071151358344,gate_small_vehicle_resnet18_temperature,0.45701864643207574,0.4330158941199913,0.2054000300219037,0.39447918868729687,0.3305600961461184,0.23696173828658582,0.13530069095904282,0.05317250443108439,0.012151366653561197,0.0013201320132013201,2.004249007896741e-05,,1,3317,3317,,imagesource,0.30000000000000004,,
reports/small_vehicle/cascade/gate_small_vehicle_resnet18_temperature_strat_imagesource.stratified_imagesource.json,JL,temperature,,,1.0,real,,,nan,gate_small_vehicle_resnet18_temperature,0.0,,0.0,,,,,,,,,,0,1265,1265,,imagesource,0.30000000000000004,,
reports/small_vehicle/cascade/gate_small_vehicle_resnet18_temperature_strat_imagesource.stratified_imagesource.json,unknown,temperature,,,,real,,,,gate_small_vehicle_resnet18_temperature,,,,,,,,,,,,,,0,0,1.0,imagesource,0.30000000000000004,,
reports/small_vehicle/cascade/gate_small_vehicle_resnet18_temperature_strat_imagesource.stratified_imagesource.json,GF,temperature,,,1.0,real,,,nan,gate_small_vehicle_resnet18_temperature,0.0,,0.0,,,,,,,,,,0,715,715,,imagesource,0.35000000000000003,,
reports/small_vehicle/cascade/gate_small_vehicle_resnet18_temperature_strat_imagesource.stratified_imagesource.json,GoogleEarth,temperature,,,0.4917093759421164,real,,,0.8764553686934023,gate_small_vehicle_resnet18_temperature,0.45654388480532027,0.43280264110198463,0.20532732648267676,0.3943835632233908,0.33056876643974864,0.23698669040980816,0.13531545480289783,0.05317765402049781,0.01215439486570095,0.0013201320132013201,2.008314421705862e-05,,1,3317,3317,,imagesource,0.35000000000000003,,
reports/small_vehicle/cascade/gate_small_vehicle_resnet18_temperature_strat_imagesource.stratified_imagesource.json,JL,temperature,,,1.0,real,,,nan,gate_small_vehicle_resnet18_temperature,0.0,,0.0,,,,,,,,,,0,1265,1265,,imagesource,0.35000000000000003,,
reports/small_vehicle/cascade/gate_small_vehicle_resnet18_temperature_strat_imagesource.stratified_imagesource.json,unknown,temperature,,,,real,,,,gate_small_vehicle_resnet18_temperature,,,,,,,,,,,,,,0,0,1.0,imagesource,0.35000000000000003,,
reports/small_vehicle/cascade/gate_small_vehicle_resnet18_temperature_strat_imagesource.stratified_imagesource.json,GF,temperature,,,1.0,real,,,nan,gate_small_vehicle_resnet18_temperature,0.0,,0.0,,,,,,,,,,0,715,715,,imagesource,0.4,,
reports/small_vehicle/cascade/gate_small_vehicle_resnet18_temperature_strat_imagesource.stratified_imagesource.json,GoogleEarth,temperature,,,0.5236659632197769,real,,,0.8428201811125485,gate_small_vehicle_resnet18_temperature,0.4567451007873786,0.4329123521463473,0.20436148175065255,0.389333511698161,0.3259826186189984,0.23687917302798675,0.13515553795633597,0.05311143204465551,0.012154876069243297,0.0013201320132013201,2.008314421705862e-05,,1,3317,3317,,imagesource,0.4,,
reports/small_vehicle/cascade/gate_small_vehicle_resnet18_temperature_strat_imagesource.stratified_imagesource.json,JL,temperature,,,1.0,real,,,nan,gate_small_vehicle_resnet18_temperature,0.0,,0.0,,,,,,,,,,0,1265,1265,,imagesource,0.4,,
reports/small_vehicle/cascade/gate_small_vehicle_resnet18_temperature_strat_imagesource.stratified_imagesource.json,unknown,temperature,,,,real,,,,gate_small_vehicle_resnet18_temperature,,,,,,,,,,,,,,0,0,1.0,imagesource,0.4,,
reports/small_vehicle/cascade/gate_small_vehicle_resnet18_temperature_strat_imagesource.stratified_imagesource.json,GF,temperature,,,1.0,real,,,nan,gate_small_vehicle_resnet18_temperature,0.0,,0.0,,,,,,,,,,0,715,715,,imagesource,0.45,,
reports/small_vehicle/cascade/gate_small_vehicle_resnet18_temperature_strat_imagesource.stratified_imagesource.json,GoogleEarth,temperature,,,0.5465782333433826,real,,,0.8124191461836999,gate_small_vehicle_resnet18_temperature,0.45007605275510054,0.4266082740907041,0.20287132735698182,0.388647982617813,0.32543878183006675,0.23642231875927752,0.13503491116204075,0.052979464463548134,0.012165272733848887,0.0013201320132013201,2.008314421705862e-05,,1,3317,3317,,imagesource,0.45,,
reports/small_vehicle/cascade/gate_small_vehicle_resnet18_temperature_strat_imagesource.stratified_imagesource.json,JL,temperature,,,1.0,real,,,nan,gate_small_vehicle_resnet18_temperature,0.0,,0.0,,,,,,,,,,0,1265,1265,,imagesource,0.45,,
reports/small_vehicle/cascade/gate_small_vehicle_resnet18_temperature_strat_imagesource.stratified_imagesource.json,unknown,temperature,,,,real,,,,gate_small_vehicle_resnet18_temperature,,,,,,,,,,,,,,0,0,1.0,imagesource,0.45,,
reports/small_vehicle/cascade/gate_small_vehicle_resnet18_temperature_strat_imagesource.stratified_imagesource.json,GF,temperature,,,1.0,real,,,nan,gate_small_vehicle_resnet18_temperature,0.0,,0.0,,,,,,,,,,0,715,715,,imagesource,0.5,,
reports/small_vehicle/cascade/gate_small_vehicle_resnet18_temperature_strat_imagesource.stratified_imagesource.json,GoogleEarth,temperature,,,0.5703949351823937,real,,,0.7884864165588615,gate_small_vehicle_resnet18_temperature,0.4490180179876946,0.42559348673497616,0.20238249333548186,0.3876629279798725,0.32461811955679865,0.23589756899053535,0.13469005881285243,0.05284800225028694,0.012156535884383327,0.0013201320132013201,2.008314421705862e-05,,1,3317,3317,,imagesource,0.5,,
reports/small_vehicle/cascade/gate_small_vehicle_resnet18_temperature_strat_imagesource.stratified_imagesource.json,JL,temperature,,,1.0,real,,,nan,gate_small_vehicle_resnet18_temperature,0.0,,0.0,,,,,,,,,,0,1265,1265,,imagesource,0.5,,
reports/small_vehicle/cascade/gate_small_vehicle_resnet18_temperature_strat_imagesource.stratified_imagesource.json,unknown,temperature,,,,real,,,,gate_small_vehicle_resnet18_temperature,,,,,,,,,,,,,,0,0,1.0,imagesource,0.5,,
reports/small_vehicle/cascade/gate_small_vehicle_resnet18_temperature_strat_imagesource.stratified_imagesource.json,GF,temperature,,,1.0,real,,,nan,gate_small_vehicle_resnet18_temperature,0.0,,0.0,,,,,,,,,,0,715,715,,imagesource,0.55,,
reports/small_vehicle/cascade/gate_small_vehicle_resnet18_temperature_strat_imagesource.stratified_imagesource.json,GoogleEarth,temperature,,,0.5954175459752789,real,,,0.7535575679172057,gate_small_vehicle_resnet18_temperature,0.44173833122257483,0.41858061497171617,0.19872451124107607,0.38111721337423815,0.31865015091565124,0.23109254385592384,0.13153547504288637,0.05104670700408037,0.012143860866271288,0.0013201320132013201,2.008314421705862e-05,,1,3317,3317,,imagesource,0.55,,
reports/small_vehicle/cascade/gate_small_vehicle_resnet18_temperature_strat_imagesource.stratified_imagesource.json,JL,temperature,,,1.0,real,,,nan,gate_small_vehicle_resnet18_temperature,0.0,,0.0,,,,,,,,,,0,1265,1265,,imagesource,0.55,,
reports/small_vehicle/cascade/gate_small_vehicle_resnet18_temperature_strat_imagesource.stratified_imagesource.json,unknown,temperature,,,,real,,,,gate_small_vehicle_resnet18_temperature,,,,,,,,,,,,,,0,0,1.0,imagesource,0.55,,
reports/small_vehicle/cascade/gate_small_vehicle_resnet18_temperature_strat_imagesource.stratified_imagesource.json,GF,temperature,,,1.0,real,,,nan,gate_small_vehicle_resnet18_temperature,0.0,,0.0,,,,,,,,,,0,715,715,,imagesource,0.6000000000000001,,
reports/small_vehicle/cascade/gate_small_vehicle_resnet18_temperature_strat_imagesource.stratified_imagesource.json,GoogleEarth,temperature,,,0.6110943623756406,real,,,0.7315653298835705,gate_small_vehicle_resnet18_temperature,0.4413907510685475,0.418180063121708,0.1984546020131716,0.380680840939696,0.3182742880214783,0.2305989110531341,0.13113204739473927,0.0507532909537195,0.012101028014081163,0.0014144271570014143,2.0372407611131484e-05,,1,3317,3317,,imagesource,0.6000000000000001,,
reports/small_vehicle/cascade/gate_small_vehicle_resnet18_temperature_strat_imagesource.stratified_imagesource.json,JL,temperature,,,1.0,real,,,nan,gate_small_vehicle_resnet18_temperature,0.0,,0.0,,,,,,,,,,0,1265,1265,,imagesource,0.6000000000000001,,
reports/small_vehicle/cascade/gate_small_vehicle_resnet18_temperature_strat_imagesource.stratified_imagesource.json,unknown,temperature,,,,real,,,,gate_small_vehicle_resnet18_temperature,,,,,,,,,,,,,,0,0,1.0,imagesource,0.6000000000000001,,
reports/small_vehicle/cascade/gate_small_vehicle_resnet18_temperature_strat_imagesource.stratified_imagesource.json,GF,temperature,,,1.0,real,,,nan,gate_small_vehicle_resnet18_temperature,0.0,,0.0,,,,,,,,,,0,715,715,,imagesource,0.65,,
reports/small_vehicle/cascade/gate_small_vehicle_resnet18_temperature_strat_imagesource.stratified_imagesource.json,GoogleEarth,temperature,,,0.6321977690684353,real,,,0.7011642949547219,gate_small_vehicle_resnet18_temperature,0.4408625374593437,0.41766068281548263,0.19803669929366113,0.3800518686585193,0.3176071064766269,0.2300854069255625,0.13061533227156968,0.05052690389706385,0.011413341007441445,0.0015232292460015233,2.0584179000020584e-05,,1,3317,3317,,imagesource,0.65,,
reports/small_vehicle/cascade/gate_small_vehicle_resnet18_temperature_strat_imagesource.stratified_imagesource.json,JL,temperature,,,1.0,real,,,nan,gate_small_vehicle_resnet18_temperature,0.0,,0.0,,,,,,,,,,0,1265,1265,,imagesource,0.65,,
reports/small_vehicle/cascade/gate_small_vehicle_resnet18_temperature_strat_imagesource.stratified_imagesource.json,unknown,temperature,,,,real,,,,gate_small_vehicle_resnet18_temperature,,,,,,,,,,,,,,0,0,1.0,imagesource,0.65,,
reports/small_vehicle/cascade/gate_small_vehicle_resnet18_temperature_strat_imagesource.stratified_imagesource.json,GF,temperature,,,1.0,real,,,nan,gate_small_vehicle_resnet18_temperature,0.0,,0.0,,,,,,,,,,0,715,715,,imagesource,0.7000000000000001,,
reports/small_vehicle/cascade/gate_small_vehicle_resnet18_temperature_strat_imagesource.stratified_imagesource.json,GoogleEarth,temperature,,,0.655110039192041,real,,,0.6688227684346701,gate_small_vehicle_resnet18_temperature,0.43483378033814263,0.4115755380369437,0.1955027697576422,0.37423466636084346,0.3119283675584965,0.22930173811785534,0.12990725037685197,0.050228507696315816,0.01134679590970494,0.00165016501650165,2.088816476584367e-05,,1,3317,3317,,imagesource,0.7000000000000001,,
reports/small_vehicle/cascade/gate_small_vehicle_resnet18_temperature_strat_imagesource.stratified_imagesource.json,JL,temperature,,,1.0,real,,,nan,gate_small_vehicle_resnet18_temperature,0.0,,0.0,,,,,,,,,,0,1265,1265,,imagesource,0.7000000000000001,,
reports/small_vehicle/cascade/gate_small_vehicle_resnet18_temperature_strat_imagesource.stratified_imagesource.json,unknown,temperature,,,,real,,,,gate_small_vehicle_resnet18_temperature,,,,,,,,,,,,,,0,0,1.0,imagesource,0.7000000000000001,,
reports/small_vehicle/cascade/gate_small_vehicle_resnet18_temperature_strat_imagesource.stratified_imagesource.json,GF,temperature,,,1.0,real,,,nan,gate_small_vehicle_resnet18_temperature,0.0,,0.0,,,,,,,,,,0,715,715,,imagesource,0.75,,
reports/small_vehicle/cascade/gate_small_vehicle_resnet18_temperature_strat_imagesource.stratified_imagesource.json,GoogleEarth,temperature,,,0.6810370817003316,real,,,0.6235446313065977,gate_small_vehicle_resnet18_temperature,0.42703608800970205,0.4040317746453776,0.19217172843660874,0.36709255592848206,0.3108979419780054,0.22441966173752642,0.12619526787234486,0.04996146210291975,0.0103127450366471,0.0017472335468841002,2.255350819820023e-05,,1,3317,3317,,imagesource,0.75,,
reports/small_vehicle/cascade/gate_small_vehicle_resnet18_temperature_strat_imagesource.stratified_imagesource.json,JL,temperature,,,1.0,real,,,nan,gate_small_vehicle_resnet18_temperature,0.0,,0.0,,,,,,,,,,0,1265,1265,,imagesource,0.75,,
reports/small_vehicle/cascade/gate_small_vehicle_resnet18_temperature_strat_imagesource.stratified_imagesource.json,unknown,temperature,,,,real,,,,gate_small_vehicle_resnet18_temperature,,,,,,,,,,,,,,0,0,1.0,imagesource,0.75,,
reports/small_vehicle/cascade/gate_small_vehicle_resnet18_temperature_strat_imagesource.stratified_imagesource.json,GF,temperature,,,1.0,real,,,nan,gate_small_vehicle_resnet18_temperature,0.0,,0.0,,,,,,,,,,0,715,715,,imagesource,0.8,,
reports/small_vehicle/cascade/gate_small_vehicle_resnet18_temperature_strat_imagesource.stratified_imagesource.json,GoogleEarth,temperature,,,0.7087729876394332,real,,,0.5711513583441138,gate_small_vehicle_resnet18_temperature,0.4108683494466695,0.39470594037114404,0.18694893573397625,0.35823636600559045,0.30297101316776265,0.21804671087871894,0.12504886762770187,0.04756380270681929,0.010278364895584011,0.0017472335468841002,2.270869288763739e-05,,1,3317,3317,,imagesource,0.8,,
reports/small_vehicle/cascade/gate_small_vehicle_resnet18_temperature_strat_imagesource.stratified_imagesource.json,JL,temperature,,,1.0,real,,,nan,gate_small_vehicle_resnet18_temperature,0.0,,0.0,,,,,,,,,,0,1265,1265,,imagesource,0.8,,
reports/small_vehicle/cascade/gate_small_vehicle_resnet18_temperature_strat_imagesource.stratified_imagesource.json,unknown,temperature,,,,real,,,,gate_small_vehicle_resnet18_temperature,,,,,,,,,,,,,,0,0,1.0,imagesource,0.8,,
reports/small_vehicle/cascade/gate_small_vehicle_resnet18_temperature_strat_imagesource.stratified_imagesource.json,GF,temperature,,,1.0,real,,,nan,gate_small_vehicle_resnet18_temperature,0.0,,0.0,,,,,,,,,,0,715,715,,imagesource,0.8500000000000001,,
reports/small_vehicle/cascade/gate_small_vehicle_resnet18_temperature_strat_imagesource.stratified_imagesource.json,GoogleEarth,temperature,,,0.7404280976786253,real,,,0.5168175937904269,gate_small_vehicle_resnet18_temperature,0.39297156907960684,0.37100460752152603,0.1784698188862173,0.3419231526034482,0.2886122707358756,0.21088632799518556,0.12012845162919504,0.04706792158533037,0.01022447993364059,0.0018564356435643563,2.297213480048701e-05,,1,3317,3317,,imagesource,0.8500000000000001,,
reports/small_vehicle/cascade/gate_small_vehicle_resnet18_temperature_strat_imagesource.stratified_imagesource.json,JL,temperature,,,1.0,real,,,nan,gate_small_vehicle_resnet18_temperature,0.0,,0.0,,,,,,,,,,0,1265,1265,,imagesource,0.8500000000000001,,
reports/small_vehicle/cascade/gate_small_vehicle_resnet18_temperature_strat_imagesource.stratified_imagesource.json,unknown,temperature,,,,real,,,,gate_small_vehicle_resnet18_temperature,,,,,,,,,,,,,,0,0,1.0,imagesource,0.8500000000000001,,
reports/small_vehicle/cascade/gate_small_vehicle_resnet18_temperature_strat_imagesource.stratified_imagesource.json,GF,temperature,,,1.0,real,,,nan,gate_small_vehicle_resnet18_temperature,0.0,,0.0,,,,,,,,,,0,715,715,,imagesource,0.9,,
reports/small_vehicle/cascade/gate_small_vehicle_resnet18_temperature_strat_imagesource.stratified_imagesource.json,GoogleEarth,temperature,,,0.7817304793488091,real,,,0.4385510996119017,gate_small_vehicle_resnet18_temperature,0.3679582328955105,0.3528992387761322,0.16767860041899188,0.3184506846608388,0.2725833402845854,0.19770518731551923,0.1110105113448525,0.04424033012809588,0.009935093434139643,0.0019801980198019802,2.318733044264614e-05,,1,3317,3317,,imagesource,0.9,,
reports/small_vehicle/cascade/gate_small_vehicle_resnet18_temperature_strat_imagesource.stratified_imagesource.json,JL,temperature,,,1.0,real,,,nan,gate_small_vehicle_resnet18_temperature,0.0,,0.0,,,,,,,,,,0,1265,1265,,imagesource,0.9,,
reports/small_vehicle/cascade/gate_small_vehicle_resnet18_temperature_strat_imagesource.stratified_imagesource.json,unknown,temperature,,,,real,,,,gate_small_vehicle_resnet18_temperature,,,,,,,,,,,,,,0,0,1.0,imagesource,0.9,,
reports/small_vehicle/cascade/gate_small_vehicle_resnet18_temperature_strat_imagesource.stratified_imagesource.json,GF,temperature,,,1.0,real,,,nan,gate_small_vehicle_resnet18_temperature,0.0,,0.0,,,,,,,,,,0,715,715,,imagesource,0.9500000000000001,,
reports/small_vehicle/cascade/gate_small_vehicle_resnet18_temperature_strat_imagesource.stratified_imagesource.json,GoogleEarth,temperature,,,0.8387096774193549,real,,,0.3279430789133247,gate_small_vehicle_resnet18_temperature,0.3228087675483623,0.3020413070761189,0.14494878446618703,0.27586312101974014,0.2342989180733923,0.16926599059851283,0.09785334600859859,0.03628526993365411,0.00876140367494388,0.002284843869002285,2.487685954525101e-05,,1,3317,3317,,imagesource,0.9500000000000001,,
reports/small_vehicle/cascade/gate_small_vehicle_resnet18_temperature_strat_imagesource.stratified_imagesource.json,JL,temperature,,,1.0,real,,,nan,gate_small_vehicle_resnet18_temperature,0.0,,0.0,,,,,,,,,,0,1265,1265,,imagesource,0.9500000000000001,,
reports/small_vehicle/cascade/gate_small_vehicle_resnet18_temperature_strat_imagesource.stratified_imagesource.json,unknown,temperature,,,,real,,,,gate_small_vehicle_resnet18_temperature,,,,,,,,,,,,,,0,0,1.0,imagesource,0.9500000000000001,,
reports/small_vehicle/cascade/gate_small_vehicle_resnet18_temperature_strat_imagesource.stratified_imagesource.json,GF,temperature,,,1.0,real,,,nan,gate_small_vehicle_resnet18_temperature,0.0,,0.0,,,,,,,,,,0,715,715,,imagesource,1.0,,
reports/small_vehicle/cascade/gate_small_vehicle_resnet18_temperature_strat_imagesource.stratified_imagesource.json,GoogleEarth,temperature,,,1.0,real,,,0.0,gate_small_vehicle_resnet18_temperature,0.0,0.0,0.0,0.0,0.0,0.0,0.0,0.0,0.0,0.0,0.0,,1,3317,3317,,imagesource,1.0,,
reports/small_vehicle/cascade/gate_small_vehicle_resnet18_temperature_strat_imagesource.stratified_imagesource.json,JL,temperature,,,1.0,real,,,nan,gate_small_vehicle_resnet18_temperature,0.0,,0.0,,,,,,,,,,0,1265,1265,,imagesource,1.0,,
reports/small_vehicle/cascade/gate_small_vehicle_resnet18_temperature_strat_imagesource.stratified_imagesource.json,unknown,temperature,,,,real,,,,gate_small_vehicle_resnet18_temperature,,,,,,,,,,,,,,0,0,1.0,imagesource,1.0,,
reports/small_vehicle/cascade/gate_small_vehicle_resnet18_temperature_strat_size_bucket.json,,temperature,482027.0,116534.0,0.0,real,9534.6,10594.0,1.0,gate_small_vehicle_resnet18_temperature,0.4640964488719977,0.4391059103207261,0.20722051218576412,0.3949620501716081,0.33074682182796583,0.24060794529354262,0.135396789970095,0.053239510453280826,0.012709671271698286,0.0013201320132013201,1.984166352506994e-05,5297,1,,5297,,,0.0,491561.6,127128.0
reports/small_vehicle/cascade/gate_small_vehicle_resnet18_temperature_strat_size_bucket.json,,temperature,254163.0,61446.0,0.4727204077779875,real,9534.6,10594.0,0.9870633893919794,gate_small_vehicle_resnet18_temperature,0.4635845994154575,0.43891955741903826,0.20721626493903123,0.3950190880567192,0.3310119891415258,0.24080498044823595,0.13549035251886554,0.05327437017003854,0.012717738543704902,0.0013201320132013201,1.984166352506994e-05,2793,1,,5297,,,0.05,263697.6,72040.0
reports/small_vehicle/cascade/gate_small_vehicle_resnet18_temperature_strat_size_bucket.json,,temperature,216216.0,52272.0,0.5514442137058713,real,9534.6,10594.0,0.9715394566623544,gate_small_vehicle_resnet18_temperature,0.46341746260677663,0.43890349193031425,0.20720978402954798,0.3949916660300511,0.33104116861504485,0.2408521825949328,0.13554310655906981,0.05328572168672767,0.012723066595836186,0.0013201320132013201,1.984166352506994e-05,2376,1,,5297,,,0.1,225750.6,62866.0
reports/small_vehicle/cascade/gate_small_vehicle_resnet18_temperature_strat_size_bucket.json,,temperature,197379.0,47718.0,0.5905229375117991,real,9534.6,10594.0,0.9592496765847348,gate_small_vehicle_resnet18_temperature,0.4634439836053264,0.43893667366732053,0.20721881198329783,0.3950212259404176,0.33101558429078637,0.24087175221354695,0.13554799741551382,0.053285176250668885,0.012725752772671035,0.0013201320132013201,1.984166352506994e-05,2169,1,,5297,,,0.15000000000000002,206913.6,58312.0
reports/small_vehicle/cascade/gate_small_vehicle_resnet18_temperature_strat_size_bucket.json,,temperature,184275.0,44550.0,0.6177081366811403,real,9534.6,10594.0,0.9456662354463131,gate_small_vehicle_resnet18_temperature,0.46339005911671216,0.4388362828962226,0.20713888132393538,0.3948827113973027,0.330790989224553,0.24064871515255717,0.13550735244934695,0.05326831073771992,0.012724258251537784,0.0013201320132013201,2.0002000200020003e-05,2025,1,,5297,,,0.2,193809.6,55144.0
reports/small_vehicle/cascade/gate_small_vehicle_resnet18_temperature_strat_size_bucket.json,,temperature,171717.0,41514.0,0.6437606192184255,real,9534.6,10594.0,0.9223803363518758,gate_small_vehicle_resnet18_temperature,0.46314470553085385,0.43335172913506864,0.20651881055485002,0.3946594049327237,0.33064656807436155,0.24061887406057283,0.1354412682704347,0.053248089855141234,0.012737291186063194,0.0013201320132013201,2.004249007896741e-05,1887,1,,5297,,,0.25,181251.6,52108.0
reports/small_vehicle/cascade/gate_small_vehicle_resnet18_temperature_strat_size_bucket.json,,temperature,162253.0,39226.0,0.6633943741740608,real,9534.6,10594.0,0.8965071151358344,gate_small_vehicle_resnet18_temperature,0.4570185770078299,0.43301610115907796,0.20540020981618778,0.394479514727178,0.3305598761425859,0.23696102798791518,0.13530046915793262,0.05317501942825876,0.012151338047819111,0.0013201320132013201,2.004249007896741e-05,1783,1,,5297,,,0.30000000000000004,171787.6,49820.0
reports/small_vehicle/cascade/gate_small_vehicle_resnet18_temperature_strat_size_bucket.json,,temperature,153426.0,37092.0,0.6817066263922975,real,9534.6,10594.0,0.8764553686934023,gate_small_vehicle_resnet18_temperature,0.45654352913387447,0.43280277548480117,0.20532750257320015,0.39438363474079324,0.33056880413854156,0.23698609511205462,0.13531545480289783,0.053180122295919126,0.01215439486570095,0.0013201320132013201,2.008314421705862e-05,1686,1,,5297,,,0.35000000000000003,162960.6,47686.0
reports/small_vehicle/cascade/gate_small_vehicle_resnet18_temperature_strat_size_bucket.json,,temperature,143780.0,34760.0,0.7017179535586181,real,9534.6,10594.0,0.8428201811125485,gate_small_vehicle_resnet18_temperature,0.45674513610773615,0.43291239585138236,0.20436156246709344,0.38933344193280095,0.32598222716291947,0.23687874752902158,0.1351550273372064,0.053113590595744144,0.01215484299670504,0.0013201320132013201,2.008314421705862e-05,1580,1,,5297,,,0.4,153314.6,45354.0
reports/small_vehicle/cascade/gate_small_vehicle_resnet18_temperature_strat_size_bucket.json,,temperature,136864.0,33088.0,0.7160656975646593,real,9534.6,10594.0,0.8124191461836999,gate_small_vehicle_resnet18_temperature,0.4500761655925932,0.42660826866351004,0.20287162410156534,0.38864809945661843,0.3254390046897734,0.2364225249426872,0.13503462935161495,0.05298206042758864,0.012165272733848887,0.0013201320132013201,2.008314421705862e-05,1504,1,,5297,,,0.45,146398.6,43682.0
reports/small_vehicle/cascade/gate_small_vehicle_resnet18_temperature_strat_size_bucket.json,,temperature,129675.0,31350.0,0.7309797998867283,real,9534.6,10594.0,0.7884864165588615,gate_small_vehicle_resnet18_temperature,0.4490179268158963,0.4255934496604841,0.20238266947760858,0.3876625441374949,0.32461811955679865,0.23589756738480352,0.13468977972286267,0.05285055645594381,0.012156535884383327,0.0013201320132013201,2.008314421705862e-05,1425,1,,5297,,,0.5,139209.6,41944.0
reports/small_vehicle/cascade/gate_small_vehicle_resnet18_temperature_strat_size_bucket.json,,temperature,122122.0,29524.0,0.7466490466301681,real,9534.6,10594.0,0.7535575679172057,gate_small_vehicle_resnet18_temperature,0.44173837123105036,0.4185805699613365,0.19872478072457309,0.38111721534715587,0.31865015091565124,0.231092563007988,0.1315357007605071,0.05104915999835243,0.012143860866271288,0.0013201320132013201,2.008314421705862e-05,1342,1,,5297,,,0.55,131656.6,40118.0
reports/small_vehicle/cascade/gate_small_vehicle_resnet18_temperature_strat_size_bucket.json,,temperature,117390.0,28380.0,0.7564659241079856,real,9534.6,10594.0,0.7315653298835705,gate_small_vehicle_resnet18_temperature,0.44139073845744947,0.4181791794495114,0.19845451844137676,0.3806808970020375,0.3182742244516335,0.23059900506966605,0.13113208223437992,0.0507532909537195,0.012100967230757521,0.0014144271570014143,2.0372407611131484e-05,1290,1,,5297,,,0.6000000000000001,126924.6,38974.0
reports/small_vehicle/cascade/gate_small_vehicle_resnet18_temperature_strat_size_bucket.json,,temperature,111020.0,26840.0,0.7696809514819709,real,9534.6,10594.0,0.7011642949547219,gate_small_vehicle_resnet18_temperature,0.4408624481393081,0.41766034558196763,0.19803675259965942,0.3800515253534429,0.3176066910372445,0.23008537631899334,0.1306151405074853,0.050528844625709515,0.011413341007441445,0.0015232292460015233,2.0584179000020584e-05,1220,1,,5297,,,0.65,120554.6,37434.0
reports/small_vehicle/cascade/gate_small_vehicle_resnet18_temperature_strat_size_bucket.json,,temperature,104104.0,25168.0,0.784028695488012,real,9534.6,10594.0,0.6688227684346701,gate_small_vehicle_resnet18_temperature,0.43483385279273357,0.4115755457381946,0.19550275645944346,0.3742346643652479,0.3119282728470815,0.22930190351146998,0.12990672075946452,0.05022875548926998,0.01134679590970494,0.00165016501650165,2.088816476584367e-05,1144,1,,5297,,,0.7000000000000001,113638.6,35762.0
reports/small_vehicle/cascade/gate_small_vehicle_resnet18_temperature_strat_size_bucket.json,,temperature,96278.0,23276.0,0.8002643005474797,real,9534.6,10594.0,0.6235446313065977,gate_small_vehicle_resnet18_temperature,0.42703591202784963,0.40403227471039393,0.19217178182071082,0.3670924311350929,0.31089858239574836,0.22441951575721025,0.1261949709053666,0.04996146210291975,0.010312882117444544,0.0017472335468841002,2.255350819820023e-05,1058,1,,5297,,,0.75,105812.6,33870.0
reports/small_vehicle/cascade/gate_small_vehicle_resnet18_temperature_strat_size_bucket.json,,temperature,87906.0,21252.0,0.8176326222390032,real,9534.6,10594.0,0.5711513583441138,gate_small_vehicle_resnet18_temperature,0.4108684261365461,0.39470650913571437,0.18694890086294663,0.35823597967612525,0.3029713509826609,0.21804646824205856,0.12504816461418605,0.04756380270681929,0.010278364895584011,0.0017472335468841002,2.270869288763739e-05,966,1,,5297,,,0.8,97440.6,31846.0
reports/small_vehicle/cascade/gate_small_vehicle_resnet18_temperature_strat_size_bucket.json,,temperature,78351.0,18942.0,0.8374551632999812,real,9534.6,10594.0,0.5168175937904269,gate_small_vehicle_resnet18_temperature,0.3929715540483617,0.3710045598660064,0.17846970995829298,0.34192259404616293,0.2886122707358756,0.21088605017392228,0.12012826141526482,0.04706792158533037,0.01022447993364059,0.0018564356435643563,2.297213480048701e-05,861,1,,5297,,,0.8500000000000001,87885.6,29536.0
reports/small_vehicle/cascade/gate_small_vehicle_resnet18_temperature_strat_size_bucket.json,,temperature,65884.0,15928.0,0.8633188597319237,real,9534.6,10594.0,0.4385510996119017,gate_small_vehicle_resnet18_temperature,0.36795825575064084,0.3528992822643073,0.1676783643504272,0.3184505607925145,0.27258219325740507,0.1977048819546748,0.1110097840912071,0.04424033012809588,0.009934969915181929,0.0019801980198019802,2.318733044264614e-05,724,1,,5297,,,0.9,75418.6,26522.0
reports/small_vehicle/cascade/gate_small_vehicle_resnet18_temperature_strat_size_bucket.json,,temperature,48685.0,11770.0,0.898999433641684,real,9534.6,10594.0,0.3279430789133247,gate_small_vehicle_resnet18_temperature,0.32280884321208575,0.302041361563702,0.14494874566915353,0.2758632018833925,0.23429867813425237,0.1692657625194906,0.0978532150414667,0.03628526993365411,0.00876140367494388,0.002284843869002285,2.487685954525101e-05,535,1,,5297,,,0.9500000000000001,58219.6,22364.0
reports/small_vehicle/cascade/gate_small_vehicle_resnet18_temperature_strat_size_bucket.json,,temperature,0.0,0.0,1.0,real,9534.6,10594.0,0.0,gate_small_vehicle_resnet18_temperature,0.0,0.0,0.0,0.0,0.0,0.0,0.0,0.0,0.0,0.0,0.0,0,1,,5297,,,1.0,9534.6,10594.0
reports/small_vehicle/cascade/gate_small_vehicle_resnet18_temperature_strat_size_bucket.stratified_size_bucket.json,32-96px,temperature,,,0.0,real,,,1.0,gate_small_vehicle_resnet18_temperature,0.41562277869079023,0.3993795816921347,0.1873326188583228,0.3634606720419013,0.30669006446420405,0.21851806363471135,0.11890106394921487,0.040589661233360386,0.009406519725323892,0.0007425742574257426,1.5208894161305532e-05,,1,1124,1124,,size_bucket,0.0,,
reports/small_vehicle/cascade/gate_small_vehicle_resnet18_temperature_strat_size_bucket.stratified_size_bucket.json,96-256px,temperature,,,0.0,real,,,1.0,gate_small_vehicle_resnet18_temperature,0.4697172572206465,0.45042736427043134,0.22655320350445765,0.4193914525996342,0.3687532170120459,0.28935956821495606,0.1750965968008158,0.07448524127362763,0.016391359598183344,0.0018864602630267913,2.3517791209049648e-05,,1,1214,1214,,size_bucket,0.0,,
reports/small_vehicle/cascade/gate_small_vehicle_resnet18_temperature_strat_size_bucket.stratified_size_bucket.json,<32px,temperature,,,0.0,real,,,1.0,gate_small_vehicle_resnet18_temperature,0.2337877081005923,0.2012953217882755,0.08526088813830138,0.1627398763043782,0.12203848408373624,0.07661705044762693,0.038882175322400535,0.013019106383513775,0.003245897345152472,0.0009738678785911378,9.393728746688711e-06,,1,2035,2035,,size_bucket,0.0,,
reports/small_vehicle/cascade/gate_small_vehicle_resnet18_temperature_strat_size_bucket.stratified_size_bucket.json,>256px,temperature,,,0.0,real,,,1.0,gate_small_vehicle_resnet18_temperature,0.7360678426760031,0.6803948987936222,0.2981372908960246,0.5878809266277215,0.4568328225615909,0.2955368852437354,0.15319050102830456,0.05484161930448012,0.015656244020544947,0.000913937547600914,5.7231156641675726e-05,,1,924,924,,size_bucket,0.0,,
reports/small_vehicle/cascade/gate_small_vehicle_resnet18_temperature_strat_size_bucket.stratified_size_bucket.json,32-96px,temperature,,,0.5427046263345195,real,,,0.9815789473684211,gate_small_vehicle_resnet18_temperature,0.41422156440204194,0.39365708546784806,0.1865829862817976,0.36383247471297636,0.307552238492451,0.2191597587019994,0.11652976425073976,0.0406980547515353,0.009421138886797008,0.0007425742574257426,1.5208894161305532e-05,,1,1124,1124,,size_bucket,0.05,,
reports/small_vehicle/cascade/gate_small_vehicle_resnet18_temperature_strat_size_bucket.stratified_size_bucket.json,96-256px,temperature,,,0.22899505766062603,real,,,0.9914821124361158,gate_small_vehicle_resnet18_temperature,0.4697199321537642,0.450424391338508,0.22655839067886602,0.4194047165705797,0.368771490106816,0.2893738891762352,0.17510100404455914,0.07448694511986349,0.016391560224098913,0.0018864602630267913,2.3517791209049648e-05,,1,1214,1214,,size_bucket,0.05,,
reports/small_vehicle/cascade/gate_small_vehicle_resnet18_temperature_strat_size_bucket.stratified_size_bucket.json,<32px,temperature,,,0.7356265356265356,real,,,0.96,gate_small_vehicle_resnet18_temperature,0.23378762310601378,0.2013792022153627,0.08528081177633191,0.16278824633051556,0.12207556147349234,0.07664219497509797,0.03888612935941397,0.013020001350932483,0.003245897345152472,0.0009738678785911378,9.393728746688711e-06,,1,2035,2035,,size_bucket,0.05,,
reports/small_vehicle/cascade/gate_small_vehicle_resnet18_temperature_strat_size_bucket.stratified_size_bucket.json,>256px,temperature,,,0.12878787878787878,real,,,0.9933920704845814,gate_small_vehicle_resnet18_temperature,0.7360989286999698,0.6736637214927982,0.29746973115244896,0.5878950837761849,0.45683948408566877,0.2955409388791514,0.15318772290245483,0.05484401896347426,0.015656244020544947,0.000913937547600914,5.7231156641675726e-05,,1,924,924,,size_bucket,0.05,,
reports/small_vehicle/cascade/gate_small_vehicle_resnet18_temperature_strat_size_bucket.stratified_size_bucket.json,32-96px,temperature,,,0.5951957295373665,real,,,0.9605263157894737,gate_small_vehicle_resnet18_temperature,0.4082556804032679,0.39370470829464554,0.1860590339545673,0.3639288331650279,0.3077187700021719,0.21932663899333135,0.11671330893295462,0.04075545190456658,0.009429141299821508,0.0007425742574257426,1.5232292460015233e-05,,1,1124,1124,,size_bucket,0.1,,
reports/small_vehicle/cascade/gate_small_vehicle_resnet18_temperature_strat_size_bucket.stratified_size_bucket.json,96-256px,temperature,,,0.28747940691927515,real,,,0.9829642248722317,gate_small_vehicle_resnet18_temperature,0.46972195775318554,0.45042840709841686,0.2265572865800229,0.4193983285871809,0.3687511205402264,0.28938046238289855,0.17510480558981045,0.07448604486318834,0.016391760931086373,0.0018864602630267913,2.3517791209049648e-05,,1,1214,1214,,size_bucket,0.1,,
reports/small_vehicle/cascade/gate_small_vehicle_resnet18_temperature_strat_size_bucket.stratified_size_bucket.json,<32px,temperature,,,0.828009828009828,real,,,0.904,gate_small_vehicle_resnet18_temperature,0.23383479207950916,0.201412351646483,0.08529148979670678,0.16279992890556344,0.12208302396748784,0.07664895907569383,0.03888668198890788,0.013020001350932483,0.003245897345152472,0.0009738678785911378,9.393728746688711e-06,,1,2035,2035,,size_bucket,0.1,,
reports/small_vehicle/cascade/gate_small_vehicle_resnet18_temperature_strat_size_bucket.stratified_size_bucket.json,>256px,temperature,,,0.23593073593073594,real,,,0.9845814977973568,gate_small_vehicle_resnet18_temperature,0.7361692459500137,0.6737239065564744,0.2974992657484848,0.5879168850685663,0.4569432673336458,0.29560278946052715,0.15317423318657303,0.05483343044100194,0.01565773078380227,0.000913937547600914,5.7231156641675726e-05,,1,924,924,,size_bucket,0.1,,
reports/small_vehicle/cascade/gate_small_vehicle_resnet18_temperature_strat_size_bucket.stratified_size_bucket.json,32-96px,temperature,,,0.6129893238434164,real,,,0.9526315789473684,gate_small_vehicle_resnet18_temperature,0.40825221999083533,0.3937044793021389,0.18605577589384453,0.3639122877582954,0.3077110938366105,0.21932022535719461,0.11671434950900302,0.040756155334660045,0.009429141299821508,0.0007425742574257426,1.5232292460015233e-05,,1,1124,1124,,size_bucket,0.15000000000000002,,
reports/small_vehicle/cascade/gate_small_vehicle_resnet18_temperature_strat_size_bucket.stratified_size_bucket.json,96-256px,temperature,,,0.3369028006589786,real,,,0.9744463373083475,gate_small_vehicle_resnet18_temperature,0.46987198791323226,0.45055058886809746,0.22660671855385722,0.419473698906189,0.3688146172733119,0.28944109628088677,0.17511357768030564,0.07449921002178488,0.016392430540528528,0.0018864602630267913,2.3517791209049648e-05,,1,1214,1214,,size_bucket,0.15000000000000002,,
reports/small_vehicle/cascade/gate_small_vehicle_resnet18_temperature_strat_size_bucket.stratified_size_bucket.json,<32px,temperature,,,0.8653562653562653,real,,,0.864,gate_small_vehicle_resnet18_temperature,0.230845221280308,0.20112946588308242,0.0849267406874306,0.1626160172244209,0.12188775960373666,0.07662772778079464,0.038907606637266265,0.013024111453149939,0.0032462354042095657,0.0009738678785911378,9.393728746688711e-06,,1,2035,2035,,size_bucket,0.15000000000000002,,
reports/small_vehicle/cascade/gate_small_vehicle_resnet18_temperature_strat_size_bucket.stratified_size_bucket.json,>256px,temperature,,,0.2911255411255411,real,,,0.9713656387665198,gate_small_vehicle_resnet18_temperature,0.7361664683360052,0.6737184498618765,0.2968686011094817,0.5817075939930298,0.4568931661062612,0.2955923000552548,0.15315389667373008,0.054824851949593655,0.015658115414822794,0.000913937547600914,5.7231156641675726e-05,,1,924,924,,size_bucket,0.15000000000000002,,
reports/small_vehicle/cascade/gate_small_vehicle_resnet18_temperature_strat_size_bucket.stratified_size_bucket.json,32-96px,temperature,,,0.6227758007117438,real,,,0.9421052631578948,gate_small_vehicle_resnet18_temperature,0.40818740728145647,0.39361786505848073,0.18548901284668579,0.35868193133694043,0.30760102785265614,0.21925120871732354,0.11665949023249889,0.04071176692477144,0.009421624512844893,0.0007425742574257426,1.5232292460015233e-05,,1,1124,1124,,size_bucket,0.2,,
reports/small_vehicle/cascade/gate_small_vehicle_resnet18_temperature_strat_size_bucket.stratified_size_bucket.json,96-256px,temperature,,,0.37067545304777594,real,,,0.9659284497444633,gate_small_vehicle_resnet18_temperature,0.4643138840259222,0.4505671710163494,0.22604617243423802,0.4194726029206103,0.3687969479082158,0.2894099387755112,0.17511290760566825,0.0744913521040966,0.01638679417915691,0.0018866080156402737,2.3517791209049648e-05,,1,1214,1214,,size_bucket,0.2,,
reports/small_vehicle/cascade/gate_small_vehicle_resnet18_temperature_strat_size_bucket.stratified_size_bucket.json,<32px,temperature,,,0.885995085995086,real,,,0.832,gate_small_vehicle_resnet18_temperature,0.23141968597186546,0.2015798711764008,0.08507783470621834,0.16284015539877494,0.12204972651864468,0.07669169886240594,0.03894033829749388,0.013027035346825262,0.0032465738824347403,0.0009738678785911378,9.393728746688711e-06,,1,2035,2035,,size_bucket,0.2,,
reports/small_vehicle/cascade/gate_small_vehicle_resnet18_temperature_strat_size_bucket.stratified_size_bucket.json,>256px,temperature,,,0.34523809523809523,real,,,0.9537444933920705,gate_small_vehicle_resnet18_temperature,0.7358077406361426,0.6731762509703197,0.2964710231796165,0.5809792570147273,0.4556655864960349,0.2946068201186308,0.1529600563751655,0.05482147230374703,0.01565917400220571,0.0009738678785911378,6.000600060006001e-05,,1,924,924,,size_bucket,0.2,,
reports/small_vehicle/cascade/gate_small_vehicle_resnet18_temperature_strat_size_bucket.stratified_size_bucket.json,32-96px,temperature,,,0.6379003558718861,real,,,0.9210526315789473,gate_small_vehicle_resnet18_temperature,0.4079930451281483,0.39337385421268556,0.18499247362409632,0.35859349979005184,0.3029169470206578,0.219421132227348,0.11668169816955358,0.04075569411230846,0.009431000218384186,0.0007425742574257426,1.529110440001529e-05,,1,1124,1124,,size_bucket,0.25,,
reports/small_vehicle/cascade/gate_small_vehicle_resnet18_temperature_strat_size_bucket.stratified_size_bucket.json,96-256px,temperature,,,0.4028006589785832,real,,,0.948892674616695,gate_small_vehicle_resnet18_temperature,0.46437444260971555,0.45059875082635054,0.22602904711366117,0.41946076114672987,0.36866371366936446,0.28933048895904984,0.17502221030636625,0.0745334214794725,0.016396167365935868,0.0018869409876767493,2.3573785950023575e-05,,1,1214,1214,,size_bucket,0.25,,
reports/small_vehicle/cascade/gate_small_vehicle_resnet18_temperature_strat_size_bucket.stratified_size_bucket.json,<32px,temperature,,,0.9056511056511056,real,,,0.784,gate_small_vehicle_resnet18_temperature,0.23029958888225632,0.19857042880118247,0.08444540505227134,0.16219203808756855,0.12188314451274705,0.0754387137741123,0.03883488345258419,0.013005417522489971,0.0032465738824347403,0.0009738678785911378,9.393728746688711e-06,,1,2035,2035,,size_bucket,0.25,,
reports/small_vehicle/cascade/gate_small_vehicle_resnet18_temperature_strat_size_bucket.stratified_size_bucket.json,>256px,temperature,,,0.3906926406926407,real,,,0.9273127753303965,gate_small_vehicle_resnet18_temperature,0.7353458238028435,0.6726356012633078,0.2952623122649475,0.5802593050355181,0.4499213226469844,0.29032122334552213,0.15269054478474967,0.05474499459692799,0.015670433294430054,0.0009738678785911378,6.000600060006001e-05,,1,924,924,,size_bucket,0.25,,
reports/small_vehicle/cascade/gate_small_vehicle_resnet18_temperature_strat_size_bucket.stratified_size_bucket.json,32-96px,temperature,,,0.646797153024911,real,,,0.9078947368421053,gate_small_vehicle_resnet18_temperature,0.4078440411660066,0.39319249809991086,0.18491281992774733,0.35846718860755733,0.30279403309272174,0.21931484112462477,0.11661324617235873,0.04071912940071647,0.009425356251751118,0.0007425742574257426,1.529110440001529e-05,,1,1124,1124,,size_bucket,0.30000000000000004,,
reports/small_vehicle/cascade/gate_small_vehicle_resnet18_temperature_strat_size_bucket.stratified_size_bucket.json,96-256px,temperature,,,0.4382207578253707,real,,,0.9165247018739353,gate_small_vehicle_resnet18_temperature,0.46378193046963884,0.44992559019735284,0.2252346030547955,0.4187429859152255,0.3680639990122885,0.2846860602886291,0.17458528978079735,0.07433434191688139,0.016315158207639114,0.0018871009735527495,2.3573785950023575e-05,,1,1214,1214,,size_bucket,0.30000000000000004,,
reports/small_vehicle/cascade/gate_small_vehicle_resnet18_temperature_strat_size_bucket.stratified_size_bucket.json,<32px,temperature,,,0.9169533169533169,real,,,0.728,gate_small_vehicle_resnet18_temperature,0.22503894177726272,0.19420990391925402,0.08339471799496308,0.16147140873645235,0.12157557263904753,0.07551386517248217,0.038874690914696045,0.013029201229674808,0.00325032503250325,0.0009738678785911378,9.40264966667607e-06,,1,2035,2035,,size_bucket,0.30000000000000004,,
reports/small_vehicle/cascade/gate_small_vehicle_resnet18_temperature_strat_size_bucket.stratified_size_bucket.json,>256px,temperature,,,0.420995670995671,real,,,0.9074889867841409,gate_small_vehicle_resnet18_temperature,0.7285146583567133,0.6666611761875028,0.29428815289487653,0.5812651171733453,0.45082934372418304,0.29096385788918677,0.15305708845300822,0.05487231178546874,0.015684101500166078,0.0009738678785911378,6.000600060006001e-05,,1,924,924,,size_bucket,0.30000000000000004,,
reports/small_vehicle/cascade/gate_small_vehicle_resnet18_temperature_strat_size_bucket.stratified_size_bucket.json,32-96px,temperature,,,0.6539145907473309,real,,,0.9,gate_small_vehicle_resnet18_temperature,0.4080325741596299,0.3933638838695283,0.1849697681530039,0.358562328450672,0.3028097949281028,0.21927471953204494,0.11668248673069517,0.04078265269151649,0.009431328428473475,0.0007425742574257426,1.5338481950441366e-05,,1,1124,1124,,size_bucket,0.35000000000000003,,
reports/small_vehicle/cascade/gate_small_vehicle_resnet18_temperature_strat_size_bucket.stratified_size_bucket.json,96-256px,temperature,,,0.4728171334431631,real,,,0.8909710391822828,gate_small_vehicle_resnet18_temperature,0.46260013278350043,0.4437716373508302,0.22392965631256626,0.4183736671019608,0.363049147985385,0.28469530780819374,0.17440122224264146,0.07420554628830268,0.016288087137952906,0.001888184378926239,2.3630047968997378e-05,,1,1214,1214,,size_bucket,0.35000000000000003,,
reports/small_vehicle/cascade/gate_small_vehicle_resnet18_temperature_strat_size_bucket.stratified_size_bucket.json,<32px,temperature,,,0.9257985257985258,real,,,0.688,gate_small_vehicle_resnet18_temperature,0.22034436963911255,0.19334888331304373,0.08243855296109262,0.15881769409648164,0.11991823889016526,0.07566925433720764,0.038997535404951225,0.013053872600474367,0.0032523929084637784,0.0009738678785911378,9.420542434833399e-06,,1,2035,2035,,size_bucket,0.35000000000000003,,
reports/small_vehicle/cascade/gate_small_vehicle_resnet18_temperature_strat_size_bucket.stratified_size_bucket.json,>256px,temperature,,,0.4523809523809524,real,,,0.8898678414096917,gate_small_vehicle_resnet18_temperature,0.7281768123997562,0.6664346245695548,0.2935361541650202,0.5746848105950892,0.45057455117849765,0.2908760748601857,0.15303432606604594,0.054855382439668754,0.015691085662212192,0.0009738678785911378,6.000600060006001e-05,,1,924,924,,size_bucket,0.35000000000000003,,
reports/small_vehicle/cascade/gate_small_vehicle_resnet18_temperature_strat_size_bucket.stratified_size_bucket.json,32-96px,temperature,,,0.6672597864768683,real,,,0.8710526315789474,gate_small_vehicle_resnet18_temperature,0.4083312269418413,0.39362620477362525,0.18504525934150448,0.35868041491870334,0.30293876723836183,0.21928145149545647,0.11662220107503321,0.040780371504241256,0.0094340308381103,0.0007425742574257426,1.535037224652698e-05,,1,1124,1124,,size_bucket,0.4,,
reports/small_vehicle/cascade/gate_small_vehicle_resnet18_temperature_strat_size_bucket.stratified_size_bucket.json,96-256px,temperature,,,0.5049423393739704,real,,,0.858603066439523,gate_small_vehicle_resnet18_temperature,0.457184020158905,0.44407290882287676,0.22287752154559026,0.41320028877433773,0.36313221592676065,0.28467768542022565,0.17426154394991308,0.07402174932236127,0.016312123875350134,0.0018890491572036254,2.3630047968997378e-05,,1,1214,1214,,size_bucket,0.4,,
reports/small_vehicle/cascade/gate_small_vehicle_resnet18_temperature_strat_size_bucket.stratified_size_bucket.json,<32px,temperature,,,0.9321867321867322,real,,,0.656,gate_small_vehicle_resnet18_temperature,0.2206830266122226,0.19361705170831064,0.08252459824440812,0.15896124721522564,0.11996814592133768,0.07570333973024489,0.03902147448303557,0.013056015444214442,0.0032523929084637784,0.0009738678785911378,9.420542434833399e-06,,1,2035,2035,,size_bucket,0.4,,
reports/small_vehicle/cascade/gate_small_vehicle_resnet18_temperature_strat_size_bucket.stratified_size_bucket.json,>256px,temperature,,,0.4945887445887446,real,,,0.8502202643171806,gate_small_vehicle_resnet18_temperature,0.7203709580065291,0.6660351165617522,0.29225941506644487,0.5742315723050269,0.4501629608997203,0.29044271900254104,0.14983438333991478,0.05478360836442371,0.015698958305349273,0.0009738678785911378,6.000600060006001e-05,,1,924,924,,size_bucket,0.4,,
reports/small_vehicle/cascade/gate_small_vehicle_resnet18_temperature_strat_size_bucket.stratified_size_bucket.json,32-96px,temperature,,,0.6788256227758007,real,,,0.85,gate_small_vehicle_resnet18_temperature,0.40652011344168754,0.3862584105856489,0.18371743190028014,0.35694103937316346,0.30161864641775477,0.21834641786780765,0.11660721226811527,0.04062984401943708,0.009475440563386575,0.0007616146230007616,1.5579842799386156e-05,,1,1124,1124,,size_bucket,0.45,,
reports/small_vehicle/cascade/gate_small_vehicle_resnet18_temperature_strat_size_bucket.stratified_size_bucket.json,96-256px,temperature,,,0.5313014827018122,real,,,0.8211243611584327,gate_small_vehicle_resnet18_temperature,0.4573162086243424,0.4440340789489804,0.22262380037922389,0.4131760656548896,0.36299946790320015,0.28444566134706917,0.17415470745834935,0.07192369586773707,0.016280771551603998,0.001883716388097723,2.3630047968997378e-05,,1,1214,1214,,size_bucket,0.45,,
reports/small_vehicle/cascade/gate_small_vehicle_resnet18_temperature_strat_size_bucket.stratified_size_bucket.json,<32px,temperature,,,0.9380835380835381,real,,,0.608,gate_small_vehicle_resnet18_temperature,0.21112462009278601,0.1883709254981708,0.08076287418578015,0.15747503286292228,0.11926972717317558,0.07518708311309205,0.03860814249529308,0.013062000540743357,0.003531563347417544,0.0009900990099009901,9.547724299913115e-06,,1,2035,2035,,size_bucket,0.45,,
reports/small_vehicle/cascade/gate_small_vehicle_resnet18_temperature_strat_size_bucket.stratified_size_bucket.json,>256px,temperature,,,0.5151515151515151,real,,,0.8259911894273128,gate_small_vehicle_resnet18_temperature,0.7205271187705377,0.6661543432738346,0.29226188884944865,0.5742112358711721,0.45016104029520554,0.2903541889490195,0.14974295180214228,0.05472636661984839,0.015707769033534855,0.0009738678785911378,6.000600060006001e-05,,1,924,924,,size_bucket,0.45,,
reports/small_vehicle/cascade/gate_small_vehicle_resnet18_temperature_strat_size_bucket.stratified_size_bucket.json,32-96px,temperature,,,0.6895017793594306,real,,,0.8394736842105263,gate_small_vehicle_resnet18_temperature,0.39902552578746775,0.38453287738582387,0.1813325510992657,0.34982361953339425,0.2998680992381342,0.2133391561225173,0.11614718011950642,0.04035849772083377,0.009453299087414413,0.0007616146230007616,1.5641374563996683e-05,,1,1124,1124,,size_bucket,0.5,,
reports/small_vehicle/cascade/gate_small_vehicle_resnet18_temperature_strat_size_bucket.stratified_size_bucket.json,96-256px,temperature,,,0.5535420098846787,real,,,0.797274275979557,gate_small_vehicle_resnet18_temperature,0.4504312030057165,0.4375803613120914,0.22116283116901037,0.41272534661257176,0.3626297291578009,0.2841916199867415,0.17401946849075525,0.07188247586570103,0.01626043419051045,0.0018840430202458093,2.3630047968997378e-05,,1,1214,1214,,size_bucket,0.5,,
reports/small_vehicle/cascade/gate_small_vehicle_resnet18_temperature_strat_size_bucket.stratified_size_bucket.json,<32px,temperature,,,0.942997542997543,real,,,0.576,gate_small_vehicle_resnet18_temperature,0.20997941603668455,0.18756011374158932,0.08029435268666522,0.15488918105636082,0.11907799932436573,0.07523390087467645,0.03860161984127535,0.013065725963733272,0.0035358863229070017,0.0009900990099009901,9.584695158770476e-06,,1,2035,2035,,size_bucket,0.5,,
reports/small_vehicle/cascade/gate_small_vehicle_resnet18_temperature_strat_size_bucket.stratified_size_bucket.json,>256px,temperature,,,0.5476190476190477,real,,,0.7929515418502202,gate_small_vehicle_resnet18_temperature,0.7198679004185335,0.6585549323102147,0.2905244477330077,0.5734502629413918,0.4441896683818733,0.29000957883042505,0.14943832611581848,0.0530090150639781,0.01569091938865081,0.0009738678785911378,6.000600060006001e-05,,1,924,924,,size_bucket,0.5,,
reports/small_vehicle/cascade/gate_small_vehicle_resnet18_temperature_strat_size_bucket.stratified_size_bucket.json,32-96px,temperature,,,0.701067615658363,real,,,0.8184210526315789,gate_small_vehicle_resnet18_temperature,0.3910265463070597,0.376763333191761,0.17849597186113764,0.34773143365610837,0.2931881071617102,0.2121052594010139,0.11540882154929742,0.03854087575615589,0.009417973599956591,0.0007616146230007616,1.5753365312664918e-05,,1,1124,1124,,size_bucket,0.55,,
reports/small_vehicle/cascade/gate_small_vehicle_resnet18_temperature_strat_size_bucket.stratified_size_bucket.json,96-256px,temperature,,,0.5840197693574959,real,,,0.747870528109029,gate_small_vehicle_resnet18_temperature,0.449555313494089,0.43658868372471216,0.21906816004126362,0.4059319794945709,0.3564092591200799,0.2788109063098787,0.17352888142510298,0.07174029641018172,0.01621278049909902,0.001879869886952711,2.3630047968997378e-05,,1,1214,1214,,size_bucket,0.55,,
reports/small_vehicle/cascade/gate_small_vehicle_resnet18_temperature_strat_size_bucket.stratified_size_bucket.json,<32px,temperature,,,0.9454545454545454,real,,,0.544,gate_small_vehicle_resnet18_temperature,0.2096430094844985,0.18465450257844615,0.0798514758219603,0.15487714553821352,0.11890632163142963,0.07525170712137882,0.037575484558681205,0.013070644735685005,0.0035362495787150967,0.0009900990099009901,9.593982654079361e-06,,1,2035,2035,,size_bucket,0.55,,
reports/small_vehicle/cascade/gate_small_vehicle_resnet18_temperature_strat_size_bucket.stratified_size_bucket.json,>256px,temperature,,,0.577922077922078,real,,,0.76431718061674,gate_small_vehicle_resnet18_temperature,0.7116266966214079,0.6577556614256725,0.28843247850789466,0.5665977025659305,0.44373897611793633,0.2853961501520505,0.14941603635948356,0.05306008883023743,0.01569959912703698,0.0009738678785911378,6.000600060006001e-05,,1,924,924,,size_bucket,0.55,,
reports/small_vehicle/cascade/gate_small_vehicle_resnet18_temperature_strat_size_bucket.stratified_size_bucket.json,32-96px,temperature,,,0.7072953736654805,real,,,0.8,gate_small_vehicle_resnet18_temperature,0.39144764291038914,0.3771082862444417,0.17868080503399836,0.3481490016804735,0.2934692995695905,0.2123125352608748,0.11554248852552172,0.03857562311514197,0.00942579250274843,0.0007616146230007616,1.576590780097118e-05,,1,1124,1124,,size_bucket,0.6000000000000001,,
reports/small_vehicle/cascade/gate_small_vehicle_resnet18_temperature_strat_size_bucket.stratified_size_bucket.json,96-256px,temperature,,,0.6013179571663921,real,,,0.7257240204429302,gate_small_vehicle_resnet18_temperature,0.44864902281953256,0.42969494741774283,0.2180189600428845,0.4052706143887625,0.3558328709733318,0.2782641975940168,0.17299170628303454,0.07140846685958387,0.016183892836687253,0.0018701946769685669,2.3686579184234213e-05,,1,1214,1214,,size_bucket,0.6000000000000001,,
reports/small_vehicle/cascade/gate_small_vehicle_resnet18_temperature_strat_size_bucket.stratified_size_bucket.json,<32px,temperature,,,0.946928746928747,real,,,0.544,gate_small_vehicle_resnet18_temperature,0.20966016452182032,0.18466265224981815,0.07985563297645859,0.15488381017357106,0.1189123166526399,0.07525531430110015,0.037575484558681205,0.013070644735685005,0.0035362495787150967,0.0009900990099009901,9.593982654079361e-06,,1,2035,2035,,size_bucket,0.6000000000000001,,
reports/small_vehicle/cascade/gate_small_vehicle_resnet18_temperature_strat_size_bucket.stratified_size_bucket.json,>256px,temperature,,,0.6006493506493507,real,,,0.7334801762114538,gate_small_vehicle_resnet18_temperature,0.703733065218357,0.6501671166525412,0.28607148551568923,0.565433338274892,0.44234153760913925,0.2834338543406267,0.1477336526565995,0.0516193303252043,0.015388923665209551,0.0007984669434685403,6.55694708543702e-05,,1,924,924,,size_bucket,0.6000000000000001,,
reports/small_vehicle/cascade/gate_small_vehicle_resnet18_temperature_strat_size_bucket.stratified_size_bucket.json,32-96px,temperature,,,0.7233096085409253,real,,,0.7684210526315789,gate_small_vehicle_resnet18_temperature,0.3896419989292516,0.36935450093068467,0.1758192463511052,0.34086259340983016,0.2866303219702417,0.21139911276744408,0.11177139336956236,0.038315536060234766,0.009419392489975214,0.000781657113079729,1.5956470747800002e-05,,1,1124,1124,,size_bucket,0.65,,
reports/small_vehicle/cascade/gate_small_vehicle_resnet18_temperature_strat_size_bucket.stratified_size_bucket.json,96-256px,temperature,,,0.6227347611202636,real,,,0.6984667802385008,gate_small_vehicle_resnet18_temperature,0.44339565033201783,0.43076172315667194,0.21724839367910947,0.40617650015804074,0.3563672646861744,0.27843192944668677,0.1695454488704746,0.07132239050204378,0.014451498103782691,0.0020076161001801583,2.3915435021763045e-05,,1,1214,1214,,size_bucket,0.65,,
reports/small_vehicle/cascade/gate_small_vehicle_resnet18_temperature_strat_size_bucket.stratified_size_bucket.json,<32px,temperature,,,0.9484029484029484,real,,,0.536,gate_small_vehicle_resnet18_temperature,0.20924294499111074,0.1844711308723858,0.07955819135217737,0.15471666719041624,0.11681883842748472,0.0751502601747399,0.037575484558681205,0.013070644735685005,0.0035362495787150967,0.0009900990099009901,9.593982654079361e-06,,1,2035,2035,,size_bucket,0.65,,
reports/small_vehicle/cascade/gate_small_vehicle_resnet18_temperature_strat_size_bucket.stratified_size_bucket.json,>256px,temperature,,,0.6255411255411255,real,,,0.6938325991189427,gate_small_vehicle_resnet18_temperature,0.7031681631284775,0.6424544896204913,0.2833166039256733,0.5582782307522565,0.43599366421512864,0.2823776428799931,0.14360864077043578,0.051151780612877056,0.015264194698092943,0.0008027829810008029,6.644959797993221e-05,,1,924,924,,size_bucket,0.65,,
reports/small_vehicle/cascade/gate_small_vehicle_resnet18_temperature_strat_size_bucket.stratified_size_bucket.json,32-96px,temperature,,,0.7411032028469751,real,,,0.7315789473684211,gate_small_vehicle_resnet18_temperature,0.38605957710378097,0.3717900475744021,0.17590890311174207,0.34296008050575855,0.2882521995938485,0.20850494146390505,0.1126608363016852,0.03860057258247417,0.009463045842611583,0.000781657113079729,1.6073035875016076e-05,,1,1124,1124,,size_bucket,0.7000000000000001,,
reports/small_vehicle/cascade/gate_small_vehicle_resnet18_temperature_strat_size_bucket.stratified_size_bucket.json,96-256px,temperature,,,0.6383855024711697,real,,,0.6780238500851788,gate_small_vehicle_resnet18_temperature,0.4431702353917581,0.4303900983965191,0.21691286630596548,0.4056844239938679,0.35583017014998025,0.27815579558374026,0.16923564154760867,0.07109452023661227,0.013549026850131162,0.0019947775677931112,2.397334164409177e-05,,1,1214,1214,,size_bucket,0.7000000000000001,,
reports/small_vehicle/cascade/gate_small_vehicle_resnet18_temperature_strat_size_bucket.stratified_size_bucket.json,<32px,temperature,,,0.9538083538083538,real,,,0.488,gate_small_vehicle_resnet18_temperature,0.20332566392002435,0.17867691105232147,0.0773212099510134,0.14935452519160602,0.11485269554212804,0.07219708650949423,0.037336661467773896,0.01293501435039865,0.0035337165430097996,0.0009900990099009901,9.725923476434087e-06,,1,2035,2035,,size_bucket,0.7000000000000001,,
reports/small_vehicle/cascade/gate_small_vehicle_resnet18_temperature_strat_size_bucket.stratified_size_bucket.json,>256px,temperature,,,0.6536796536796536,real,,,0.6541850220264317,gate_small_vehicle_resnet18_temperature,0.6868764875485126,0.6333697053533094,0.27584466722159134,0.5424847791031502,0.42640635005406397,0.26910339482129664,0.13666521813371946,0.04764595065943343,0.014919116456334779,0.0009000900090009002,7.558007709167863e-05,,1,924,924,,size_bucket,0.7000000000000001,,
reports/small_vehicle/cascade/gate_small_vehicle_resnet18_temperature_strat_size_bucket.stratified_size_bucket.json,32-96px,temperature,,,0.755338078291815,real,,,0.6947368421052632,gate_small_vehicle_resnet18_temperature,0.3798196505699149,0.36592376345656374,0.17423467666428424,0.33747618539701896,0.2887773215928605,0.20875487476217475,0.11278688164032277,0.038564800690224346,0.009445426854236095,0.000781657113079729,1.6204566446824717e-05,,1,1124,1124,,size_bucket,0.75,,
reports/small_vehicle/cascade/gate_small_vehicle_resnet18_temperature_strat_size_bucket.stratified_size_bucket.json,96-256px,temperature,,,0.671334431630972,real,,,0.6252129471890971,gate_small_vehicle_resnet18_temperature,0.4337161857955022,0.42120764367979924,0.2123675700124165,0.39692094887259016,0.347680250920695,0.2710138317144403,0.16727571025509558,0.07046798499673473,0.013235495382195964,0.0021315245226821277,2.6123984430105277e-05,,1,1214,1214,,size_bucket,0.75,,
reports/small_vehicle/cascade/gate_small_vehicle_resnet18_temperature_strat_size_bucket.stratified_size_bucket.json,<32px,temperature,,,0.9572481572481573,real,,,0.448,gate_small_vehicle_resnet18_temperature,0.20411619263506545,0.17914847228021277,0.07750679936486139,0.1496447590375891,0.11507698719363417,0.07225009104525171,0.03734538504812981,0.012952564932343704,0.0035337165430097996,0.0009900990099009901,9.725923476434087e-06,,1,2035,2035,,size_bucket,0.75,,
reports/small_vehicle/cascade/gate_small_vehicle_resnet18_temperature_strat_size_bucket.stratified_size_bucket.json,>256px,temperature,,,0.6785714285714286,real,,,0.6101321585903083,gate_small_vehicle_resnet18_temperature,0.6771516731228817,0.6166819768797794,0.2716917373548245,0.5337382790232361,0.4204643787695595,0.2698073965099154,0.13630907873987524,0.04765368268365238,0.01411313362332078,0.0009210223347916187,7.675186123263489e-05,,1,924,924,,size_bucket,0.75,,
reports/small_vehicle/cascade/gate_small_vehicle_resnet18_temperature_strat_size_bucket.stratified_size_bucket.json,32-96px,temperature,,,0.7704626334519573,real,,,0.65,gate_small_vehicle_resnet18_temperature,0.3781359051157816,0.36436092190958236,0.17184958366532027,0.3297940465581032,0.2819497283646375,0.2030952800150941,0.11242040230971614,0.038525309434002224,0.00939504041288153,0.0008027829810008029,1.6419552403001495e-05,,1,1124,1124,,size_bucket,0.8,,
reports/small_vehicle/cascade/gate_small_vehicle_resnet18_temperature_strat_size_bucket.stratified_size_bucket.json,96-256px,temperature,,,0.6952224052718287,real,,,0.5809199318568995,gate_small_vehicle_resnet18_temperature,0.4252751151825644,0.4130100088950835,0.20826061895853049,0.38905152513326446,0.34031170950483247,0.26923742450751964,0.1627224773163255,0.06769974033985657,0.013157624568734504,0.0021143710416239364,2.6193095500026193e-05,,1,1214,1214,,size_bucket,0.8,,
reports/small_vehicle/cascade/gate_small_vehicle_resnet18_temperature_strat_size_bucket.stratified_size_bucket.json,<32px,temperature,,,0.9611793611793612,real,,,0.408,gate_small_vehicle_resnet18_temperature,0.2012704951721209,0.17986816378600984,0.07746288027401708,0.15022174829591886,0.11538426426881841,0.07252122931249834,0.03748125119928059,0.01299909636021649,0.0038659193262073318,0.0010068803490518544,9.754670048285616e-06,,1,2035,2035,,size_bucket,0.8,,
reports/small_vehicle/cascade/gate_small_vehicle_resnet18_temperature_strat_size_bucket.stratified_size_bucket.json,>256px,temperature,,,0.7196969696969697,real,,,0.5374449339207048,gate_small_vehicle_resnet18_temperature,0.6312311610193061,0.5793835836803201,0.253699251636071,0.49865090221915864,0.38988157268535945,0.2505867382995336,0.12715039278826135,0.04502405223596258,0.014062582708307098,0.000942951438000943,7.857928650007858e-05,,1,924,924,,size_bucket,0.8,,
reports/small_vehicle/cascade/gate_small_vehicle_resnet18_temperature_strat_size_bucket.stratified_size_bucket.json,32-96px,temperature,,,0.7882562277580071,real,,,0.5973684210526315,gate_small_vehicle_resnet18_temperature,0.3605102336096366,0.34722344646667025,0.16497196576758327,0.3196998268676365,0.27258571469836307,0.19583967080636755,0.1077742625391854,0.035933029131161795,0.009334078176315767,0.0008027829810008029,1.6612399494983053e-05,,1,1124,1124,,size_bucket,0.8500000000000001,,
reports/small_vehicle/cascade/gate_small_vehicle_resnet18_temperature_strat_size_bucket.stratified_size_bucket.json,96-256px,temperature,,,0.7240527182866557,real,,,0.5315161839863713,gate_small_vehicle_resnet18_temperature,0.39812815510813315,0.38622096363776115,0.19515751743024096,0.36364836541445295,0.31731905441879554,0.2503954476927882,0.15603436168223359,0.06429535710352856,0.013281933032589321,0.002224992002746374,2.6544209380723597e-05,,1,1214,1214,,size_bucket,0.8500000000000001,,
reports/small_vehicle/cascade/gate_small_vehicle_resnet18_temperature_strat_size_bucket.stratified_size_bucket.json,<32px,temperature,,,0.9680589680589681,real,,,0.352,gate_small_vehicle_resnet18_temperature,0.19724548766225752,0.17658222801940698,0.07630680077696023,0.14708089213524442,0.11366546083747159,0.07306618170237952,0.03759761225036351,0.012933323019026497,0.003862670887382293,0.0010242403550699897,9.910901000009912e-06,,1,2035,2035,,size_bucket,0.8500000000000001,,
reports/small_vehicle/cascade/gate_small_vehicle_resnet18_temperature_strat_size_bucket.stratified_size_bucket.json,>256px,temperature,,,0.7586580086580087,real,,,0.47577092511013214,gate_small_vehicle_resnet18_temperature,0.597141797227664,0.5542897934751666,0.24298992813566436,0.4822937995297261,0.3757377171066294,0.239631098992811,0.12252828982308513,0.043185715155803404,0.014067622753293641,0.000942951438000943,8.049585446349514e-05,,1,924,924,,size_bucket,0.8500000000000001,,
reports/small_vehicle/cascade/gate_small_vehicle_resnet18_temperature_strat_size_bucket.stratified_size_bucket.json,32-96px,temperature,,,0.8131672597864769,real,,,0.5263157894736842,gate_small_vehicle_resnet18_temperature,0.3318800425786484,0.3190825142375497,0.1511753637164886,0.29207699904270595,0.2474020315757092,0.17983811815902606,0.09743369596765503,0.03486087120381154,0.008358447737279222,0.0008027829810008029,1.8133681500018135e-05,,1,1124,1124,,size_bucket,0.9,,
reports/small_vehicle/cascade/gate_small_vehicle_resnet18_temperature_strat_size_bucket.stratified_size_bucket.json,96-256px,temperature,,,0.7677100494233937,real,,,0.45826235093696766,gate_small_vehicle_resnet18_temperature,0.3943675721943158,0.37518805297340685,0.19156275100265124,0.3590452456049001,0.3120820028925921,0.24497067672447098,0.15129616470783944,0.0635587507155766,0.012731255319831323,0.0023609569420913585,2.683195148783171e-05,,1,1214,1214,,size_bucket,0.9,,
reports/small_vehicle/cascade/gate_small_vehicle_resnet18_temperature_strat_size_bucket.stratified_size_bucket.json,<32px,temperature,,,0.972972972972973,real,,,0.28,gate_small_vehicle_resnet18_temperature,0.16054423757370354,0.14180276787767424,0.06158077544646125,0.11913070030287003,0.0907789858504443,0.05844578859368373,0.029245321835614253,0.011104262298502376,0.0036435643564356433,0.0011001100110011,1.2015764683264442e-05,,1,2035,2035,,size_bucket,0.9,,
reports/small_vehicle/cascade/gate_small_vehicle_resnet18_temperature_strat_size_bucket.stratified_size_bucket.json,>256px,temperature,,,0.8084415584415584,real,,,0.3832599118942731,gate_small_vehicle_resnet18_temperature,0.552047780642862,0.5112259568081946,0.22455205905153042,0.4428772241514968,0.3469637097015897,0.22204638559627768,0.11431067691754423,0.04103873885901146,0.013986010743777207,0.000942951438000943,8.115565654926148e-05,,1,924,924,,size_bucket,0.9,,
reports/small_vehicle/cascade/gate_small_vehicle_resnet18_temperature_strat_size_bucket.stratified_size_bucket.json,32-96px,temperature,,,0.8523131672597865,real,,,0.42105263157894735,gate_small_vehicle_resnet18_temperature,0.29011231076099914,0.27778243985705664,0.13264423985915316,0.25916601886561375,0.21713485886964665,0.15858936347420588,0.08735729851177561,0.03003554081169218,0.00531451722603862,0.0009282178217821782,2.183239272108027e-05,,1,1124,1124,,size_bucket,0.9500000000000001,,
reports/small_vehicle/cascade/gate_small_vehicle_resnet18_temperature_strat_size_bucket.stratified_size_bucket.json,96-256px,temperature,,,0.828665568369028,real,,,0.3424190800681431,gate_small_vehicle_resnet18_temperature,0.3398649860721309,0.3287638285352786,0.16615388786710683,0.3068165608920131,0.27625561733403065,0.2130717321216514,0.13159620446878653,0.05158567176982738,0.011271854248740342,0.002284843869002285,2.757935960726992e-05,,1,1214,1214,,size_bucket,0.9500000000000001,,
reports/small_vehicle/cascade/gate_small_vehicle_resnet18_temperature_strat_size_bucket.stratified_size_bucket.json,<32px,temperature,,,0.9808353808353808,real,,,0.2,gate_small_vehicle_resnet18_temperature,0.15161294991981797,0.13347522525154143,0.05782259918178971,0.11170068361618979,0.0838625845564733,0.05349417425081874,0.027759339407558523,0.01307697139127607,0.0021782178217821784,0.0010532968190436066,1.2548783395449811e-05,,1,2035,2035,,size_bucket,0.9500000000000001,,
reports/small_vehicle/cascade/gate_small_vehicle_resnet18_temperature_strat_size_bucket.stratified_size_bucket.json,>256px,temperature,,,0.8679653679653679,real,,,0.2665198237885463,gate_small_vehicle_resnet18_temperature,0.4696941967803276,0.4310652229051496,0.18982808344407032,0.3742013364828878,0.29906740919650954,0.18798510453399794,0.09737464964720745,0.03337617957801016,0.004713618215605515,0.0007920792079207921,1.103789308696756e-05,,1,924,924,,size_bucket,0.9500000000000001,,
reports/small_vehicle/cascade/gate_small_vehicle_resnet18_temperature_strat_size_bucket.stratified_size_bucket.json,32-96px,temperature,,,1.0,real,,,0.0,gate_small_vehicle_resnet18_temperature,0.0,0.0,0.0,0.0,0.0,0.0,0.0,0.0,0.0,0.0,0.0,,1,1124,1124,,size_bucket,1.0,,
reports/small_vehicle/cascade/gate_small_vehicle_resnet18_temperature_strat_size_bucket.stratified_size_bucket.json,96-256px,temperature,,,1.0,real,,,0.0,gate_small_vehicle_resnet18_temperature,0.0,0.0,0.0,0.0,0.0,0.0,0.0,0.0,0.0,0.0,0.0,,1,1214,1214,,size_bucket,1.0,,
reports/small_vehicle/cascade/gate_small_vehicle_resnet18_temperature_strat_size_bucket.stratified_size_bucket.json,<32px,temperature,,,1.0,real,,,0.0,gate_small_vehicle_resnet18_temperature,0.0,0.0,0.0,0.0,0.0,0.0,0.0,0.0,0.0,0.0,0.0,,1,2035,2035,,size_bucket,1.0,,
reports/small_vehicle/cascade/gate_small_vehicle_resnet18_temperature_strat_size_bucket.stratified_size_bucket.json,>256px,temperature,,,1.0,real,,,0.0,gate_small_vehicle_resnet18_temperature,0.0,0.0,0.0,0.0,0.0,0.0,0.0,0.0,0.0,0.0,0.0,,1,924,924,,size_bucket,1.0,,
reports/small_vehicle/cascade/gate_small_vehicle_resnet50_context_adaptive.json,,context_adaptive,974779.5025592321,108932.92932660552,0.0,real,57170.52608512,6392.124106161646,1.0,gate_small_vehicle_resnet50,0.4640965135348667,0.43910559934978677,0.2072207035032699,0.3949618631398094,0.33074709716487083,0.24060786373513912,0.13539693021391344,0.05324152294588788,0.012709671271698286,0.0013201320132013201,1.984166352506994e-05,5297,1,,5297,,,0.0,1031950.0286443521,115325.05343276716
reports/small_vehicle/cascade/gate_small_vehicle_resnet50_context_adaptive.json,,context_adaptive,610410.347364352,68214.18285375694,0.3737964885784406,real,57170.52608512,6392.124106161646,1.0,gate_small_vehicle_resnet50,0.4640969419837964,0.4391058443042412,0.2072205785491376,0.39496189541588256,0.3307469918855232,0.24060791624792616,0.13539693021391344,0.053239546028309596,0.01270974573505696,0.0013201320132013201,1.984166352506994e-05,3317,1,,5297,,,0.05,667580.873449472,74606.30695991858
reports/small_vehicle/cascade/gate_small_vehicle_resnet50_context_adaptive.json,,context_adaptive,610410.347364352,68214.18285375694,0.3737964885784406,real,57170.52608512,6392.124106161646,1.0,gate_small_vehicle_resnet50,0.4640969419837964,0.4391058443042412,0.2072205785491376,0.39496189541588256,0.3307469918855232,0.24060791624792616,0.13539693021391344,0.053239546028309596,0.01270974573505696,0.0013201320132013201,1.984166352506994e-05,3317,1,,5297,,,0.1,667580.873449472,74606.30695991858
reports/small_vehicle/cascade/gate_small_vehicle_resnet50_context_adaptive.json,,context_adaptive,610410.347364352,68214.18285375694,0.3737964885784406,real,57170.52608512,6392.124106161646,1.0,gate_small_vehicle_resnet50,0.4640969419837964,0.4391058443042412,0.2072205785491376,0.39496189541588256,0.3307469918855232,0.24060791624792616,0.13539693021391344,0.053239546028309596,0.01270974573505696,0.0013201320132013201,1.984166352506994e-05,3317,1,,5297,,,0.15000000000000002,667580.873449472,74606.30695991858
reports/small_vehicle/cascade/gate_small_vehicle_resnet50_context_adaptive.json,,context_adaptive,610410.347364352,68214.18285375694,0.3737964885784406,real,57170.52608512,6392.124106161646,1.0,gate_small_vehicle_resnet50,0.4640969419837964,0.4391058443042412,0.2072205785491376,0.39496189541588256,0.3307469918855232,0.24060791624792616,0.13539693021391344,0.053239546028309596,0.01270974573505696,0.0013201320132013201,1.984166352506994e-05,3317,1,,5297,,,0.2,667580.873449472,74606.30695991858
reports/small_vehicle/cascade/gate_small_vehicle_resnet50_context_adaptive.json,,context_adaptive,610410.347364352,68214.18285375694,0.3737964885784406,real,57170.52608512,6392.124106161646,1.0,gate_small_vehicle_resnet50,0.4640969419837964,0.4391058443042412,0.2072205785491376,0.39496189541588256,0.3307469918855232,0.24060791624792616,0.13539693021391344,0.053239546028309596,0.01270974573505696,0.0013201320132013201,1.984166352506994e-05,3317,1,,5297,,,0.25,667580.873449472,74606.30695991858
reports/small_vehicle/cascade/gate_small_vehicle_resnet50_context_adaptive.json,,context_adaptive,610410.347364352,68214.18285375694,0.3737964885784406,real,57170.52608512,6392.124106161646,1.0,gate_small_vehicle_resnet50,0.4640969419837964,0.4391058443042412,0.2072205785491376,0.39496189541588256,0.3307469918855232,0.24060791624792616,0.13539693021391344,0.053239546028309596,0.01270974573505696,0.0013201320132013201,1.984166352506994e-05,3317,1,,5297,,,0.30000000000000004,667580.873449472,74606.30695991858
reports/small_vehicle/cascade/gate_small_vehicle_resnet50_context_adaptive.json,,context_adaptive,538824.690106368,60214.38872348517,0.4472342835567302,real,57170.52608512,6392.124106161646,0.9941785252263907,gate_small_vehicle_resnet50,0.4641633571517158,0.4391713721852194,0.2072450762877613,0.3950049310166874,0.33077815231510505,0.2406338342915095,0.13540513366843288,0.05324230700283093,0.012711701569385657,0.0013201320132013201,1.984166352506994e-05,2928,1,,5297,,,0.35000000000000003,595995.2161914881,66606.51282964682
reports/small_vehicle/cascade/gate_small_vehicle_resnet50_context_adaptive.json,,context_adaptive,460982.18876928004,51515.38379519479,0.5270908061166698,real,57170.52608512,6392.124106161646,0.9773609314359638,gate_small_vehicle_resnet50,0.4639694644667034,0.43913353978315023,0.20726324314465097,0.39501602865088353,0.33093278515095664,0.24073681974718755,0.13550566777131173,0.05327869395169839,0.012719458247891797,0.0013201320132013201,1.984166352506994e-05,2505,1,,5297,,,0.4,518152.7148544,57907.50790135644
reports/small_vehicle/cascade/gate_small_vehicle_resnet50_context_adaptive.json,,context_adaptive,412583.659569152,46106.78262228612,0.576741551821786,real,57170.52608512,6392.124106161646,0.9650711513583441,gate_small_vehicle_resnet50,0.46377596141488325,0.4390763974554827,0.20729546747297167,0.39512157099755657,0.33109522338124164,0.24090310683773053,0.13560289947895687,0.053312814864880056,0.012726726622258317,0.0013201320132013201,1.984166352506994e-05,2242,1,,5297,,,0.45,469754.185654272,52498.906728447764
reports/small_vehicle/cascade/gate_small_vehicle_resnet50_context_adaptive.json,,context_adaptive,386636.159123456,43207.11431285599,0.6033603926750991,real,57170.52608512,6392.124106161646,0.9501940491591203,gate_small_vehicle_resnet50,0.46355098641653514,0.43893785909020294,0.20723639612266237,0.3950406290326238,0.33105419411632736,0.2408453356761999,0.1355790817219801,0.05329201114133824,0.012723890354689545,0.0013201320132013201,1.984166352506994e-05,2101,1,,5297,,,0.5,443806.685208576,49599.23841901764
reports/small_vehicle/cascade/gate_small_vehicle_resnet50_context_adaptive.json,,context_adaptive,363080.981413888,40574.79130855063,0.6275250141589579,real,57170.52608512,6392.124106161646,0.9327296248382924,gate_small_vehicle_resnet50,0.46343828765158696,0.4336993523883864,0.2067005825191925,0.39506681590458315,0.33106177374685725,0.24086013024147218,0.1355513877673001,0.05326522858654733,0.012722835385766998,0.0013201320132013201,1.9881506222911447e-05,1973,1,,5297,,,0.55,420251.507499008,46966.915414712275
reports/small_vehicle/cascade/gate_small_vehicle_resnet50_context_adaptive.json,,context_adaptive,346518.747086848,38723.93919614842,0.6445157636397961,real,57170.52608512,6392.124106161646,0.9210866752910737,gate_small_vehicle_resnet50,0.4632595610417024,0.4336413699943724,0.20668287860168463,0.39506859535888067,0.3310923817085641,0.2408719850475104,0.13557344057231904,0.053260552172260625,0.01272088660181236,0.0013201320132013201,1.9881506222911447e-05,1883,1,,5297,,,0.6000000000000001,403689.273171968,45116.06330231007
reports/small_vehicle/cascade/gate_small_vehicle_resnet50_context_adaptive.json,,context_adaptive,330692.612063232,36955.347177630756,0.6607513686992637,real,57170.52608512,6392.124106161646,0.9029754204398448,gate_small_vehicle_resnet50,0.45733440775229073,0.4333918454680266,0.20565319316068725,0.39484106672333497,0.3309352027203511,0.23723559135837724,0.1355184227782647,0.05323128744855463,0.012704053835217778,0.0013201320132013201,1.992150925354105e-05,1797,1,,5297,,,0.65,387863.138148352,43347.4712837924
reports/small_vehicle/cascade/gate_small_vehicle_resnet50_context_adaptive.json,,context_adaptive,317442.8246016,35474.66548770899,0.6743439682839343,real,57170.52608512,6392.124106161646,0.8880983182406209,gate_small_vehicle_resnet50,0.4572778176375897,0.4333674722227157,0.2056404572252421,0.39485968415925027,0.3309292054719271,0.2372523837832354,0.1354940689245256,0.053192772744041335,0.012691113786681099,0.0013201320132013201,1.992150925354105e-05,1725,1,,5297,,,0.7000000000000001,374613.35068672,41866.789593870635
reports/small_vehicle/cascade/gate_small_vehicle_resnet50_context_adaptive.json,,context_adaptive,305849.260572672,34179.069009027444,0.686237492920521,real,57170.52608512,6392.124106161646,0.8732212160413971,gate_small_vehicle_resnet50,0.4568075250210745,0.4331992178118984,0.20554537781186957,0.3949042540370218,0.3310579488936127,0.2373369229138487,0.1354890063370026,0.05316760280973835,0.01215124677204371,0.0013201320132013201,1.992150925354105e-05,1662,1,,5297,,,0.75,363019.786657792,40571.19311518909
reports/small_vehicle/cascade/gate_small_vehicle_resnet50_context_adaptive.json,,context_adaptive,295359.84549888,33006.86267117271,0.696998300925052,real,57170.52608512,6392.124106161646,0.8538163001293662,gate_small_vehicle_resnet50,0.45647075622625793,0.43288638880371894,0.20537802470953906,0.3945987031018958,0.3307523598971837,0.23716884627308019,0.13532144888044062,0.053101878217816874,0.012139812172541415,0.0013201320132013201,1.992150925354105e-05,1605,1,,5297,,,0.8,352530.371584,39398.98677733436
reports/small_vehicle/cascade/gate_small_vehicle_resnet50_context_adaptive.json,,context_adaptive,287446.777987072,32122.56666191388,0.7051161034547857,real,57170.52608512,6392.124106161646,0.8402328589909444,gate_small_vehicle_resnet50,0.45627939864526634,0.4326623038608816,0.2047712531758318,0.38940146187698294,0.3305306049489537,0.23705475103081408,0.1352269775630392,0.053078144696184174,0.012138835613741234,0.0013201320132013201,1.992150925354105e-05,1562,1,,5297,,,0.8500000000000001,344617.304072192,38514.690768075525
reports/small_vehicle/cascade/gate_small_vehicle_resnet50_context_adaptive.json,,context_adaptive,275669.189132288,30806.405159761198,0.7171984141967152,real,57170.52608512,6392.124106161646,0.8214747736093143,gate_small_vehicle_resnet50,0.4562517964107105,0.43261412587108866,0.20427602824894353,0.3893824997323305,0.3260147724229994,0.23692415594865066,0.1351211197651597,0.05297990301763432,0.012131855798406681,0.0013201320132013201,1.992150925354105e-05,1498,1,,5297,,,0.9,332839.71521740797,37198.52926592284
reports/small_vehicle/cascade/gate_small_vehicle_resnet50_context_adaptive.json,,context_adaptive,266835.9974912,29819.284033146687,0.7262601472531622,real,57170.52608512,6392.124106161646,0.8033635187580854,gate_small_vehicle_resnet50,0.4562743000775179,0.4271186778147734,0.2036429771734219,0.38927088468366194,0.3258380480646953,0.23668929801607683,0.13487459084931758,0.05285057144657611,0.012127785301252804,0.0013656538067599864,1.996167358671351e-05,1450,1,,5297,,,0.9500000000000001,324006.52357632,36211.40813930833
reports/small_vehicle/cascade/gate_small_vehicle_resnet50_context_adaptive.json,,context_adaptive,257634.75619840002,28791.032859589905,0.7356994525202945,real,57170.52608512,6392.124106161646,0.7865459249676585,gate_small_vehicle_resnet50,0.4496792885907032,0.42619486880993696,0.2026021678133499,0.38826444361896084,0.32503877908771395,0.23614247109122372,0.13448688183219906,0.0527021372350146,0.012127192387400081,0.0013656538067599864,1.996167358671351e-05,1400,1,,5297,,,1.0,314805.28228352003,35183.15696575155
reports/small_vehicle/cascade/gate_small_vehicle_resnet50_identity.json,,identity,974779.5025592321,108932.92932660552,0.0,real,57170.52608512,6392.124106161646,1.0,gate_small_vehicle_resnet50,0.4640965135348667,0.43910559934978677,0.2072207035032699,0.3949618631398094,0.33074709716487083,0.24060786373513912,0.13539693021391344,0.05324152294588788,0.012709671271698286,0.0013201320132013201,1.984166352506994e-05,5297,1,,5297,,,0.0,1031950.0286443521,115325.05343276716
reports/small_vehicle/cascade/gate_small_vehicle_resnet50_identity.json,,identity,504596.072497152,56389.29435785394,0.4823484991504625,real,57170.52608512,6392.124106161646,0.9857697283311773,gate_small_vehicle_resnet50,0.4641513316002623,0.43915036337923335,0.20723597393176219,0.394973622240253,0.33075922366123883,0.24059533822319998,0.13542472671537287,0.053251336037596034,0.012713823783738924,0.0013201320132013201,1.984166352506994e-05,2742,1,,5297,,,0.05,561766.5985822721,62781.41846401559
reports/small_vehicle/cascade/gate_small_vehicle_resnet50_identity.json,,identity,437611.035885568,48903.62581436057,0.5510666414951859,real,57170.52608512,6392.124106161646,0.9708926261319534,gate_small_vehicle_resnet50,0.4637618712728152,0.43906575538277404,0.20729103300217872,0.3951184559692907,0.33109026279564996,0.2408951268722874,0.13560071871557922,0.053312053791996376,0.01272611154466737,0.0013201320132013201,1.984166352506994e-05,2378,1,,5297,,,0.1,494781.561970688,55295.74992052221
reports/small_vehicle/cascade/gate_small_vehicle_resnet50_identity.json,,identity,400622.045888512,44770.0560966623,0.5890126486690579,real,57170.52608512,6392.124106161646,0.9586028460543338,gate_small_vehicle_resnet50,0.46364109802073744,0.4390137410944725,0.20727552185078232,0.3951067777070156,0.33109159593604476,0.24091037584878564,0.13561558830733245,0.053311242470993295,0.012724825445715147,0.0013201320132013201,1.984166352506994e-05,2177,1,,5297,,,0.15000000000000002,457792.571973632,51162.18020282395
reports/small_vehicle/cascade/gate_small_vehicle_resnet50_identity.json,,identity,376698.81852723204,42096.60304541467,0.613554842363602,real,57170.52608512,6392.124106161646,0.94372574385511,gate_small_vehicle_resnet50,0.46353785631146277,0.43891343830012364,0.2072276014010331,0.39502237413824065,0.3310339543181168,0.24085020300268703,0.13556807496598497,0.05328577610086875,0.012724363196119809,0.0013201320132013201,1.984166352506994e-05,2047,1,,5297,,,0.2,433869.344612352,48488.72715157631
reports/small_vehicle/cascade/gate_small_vehicle_resnet50_identity.json,,identity,355904.013205504,39772.75539317634,0.6348876722673211,real,57170.52608512,6392.124106161646,0.9282018111254852,gate_small_vehicle_resnet50,0.4632833418917684,0.4336822028257852,0.20670661772273596,0.39510471253225043,0.33112946790752606,0.24092892273629515,0.1355911127349807,0.053280127205656704,0.012726275873672427,0.0013201320132013201,1.9881506222911447e-05,1934,1,,5297,,,0.25,413074.539290624,46164.879499337985
reports/small_vehicle/cascade/gate_small_vehicle_resnet50_identity.json,,identity,339525.80370432,37942.46830424527,0.6516896356428167,real,57170.52608512,6392.124106161646,0.9159120310478654,gate_small_vehicle_resnet50,0.46320209580169874,0.4335892191885482,0.2066621156418568,0.39503833713147357,0.3310548710294222,0.24087209681816651,0.1355632321499052,0.05325089859531023,0.012710392184618679,0.0013201320132013201,1.9881506222911447e-05,1845,1,,5297,,,0.30000000000000004,396696.32978944,44334.59241040691
reports/small_vehicle/cascade/gate_small_vehicle_resnet50_identity.json,,identity,323515.643854848,36153.311262256466,0.6681140268076269,real,57170.52608512,6392.124106161646,0.8945666235446313,gate_small_vehicle_resnet50,0.4572530079110812,0.4333540020546113,0.2056441116013256,0.39484139067850477,0.33094863269172126,0.23726064636290595,0.13551880961194468,0.053227277695462955,0.012697295484569094,0.0013201320132013201,1.992150925354105e-05,1758,1,,5297,,,0.35000000000000003,380686.169939968,42545.43536841811
reports/small_vehicle/cascade/gate_small_vehicle_resnet50_identity.json,,identity,313026.228781056,34981.104924401734,0.6788748348121578,real,57170.52608512,6392.124106161646,0.8816300129366106,gate_small_vehicle_resnet50,0.45713867279316767,0.4333113680572554,0.2056284937404227,0.3948480580833326,0.33095916199402053,0.23728453315851092,0.13551618979812965,0.053198159137344755,0.012688740860010778,0.0013201320132013201,1.992150925354105e-05,1701,1,,5297,,,0.4,370196.754866176,41373.22903056338
reports/small_vehicle/cascade/gate_small_vehicle_resnet50_identity.json,,identity,300512.540622848,33582.68332836451,0.6917122899754578,real,57170.52608512,6392.124106161646,0.8641655886157826,gate_small_vehicle_resnet50,0.45660893231499133,0.4330497027225492,0.20547326622656453,0.3947851373798891,0.3309259131560903,0.2372876789259504,0.1354343229971211,0.05314843556989389,0.012152485676705313,0.0013201320132013201,1.992150925354105e-05,1633,1,,5297,,,0.45,357683.066707968,39974.807434526156
reports/small_vehicle/cascade/gate_small_vehicle_resnet50_identity.json,,identity,291863.373807616,32616.127225221135,0.7005852369265622,real,57170.52608512,6392.124106161646,0.8473479948253557,gate_small_vehicle_resnet50,0.45646478213182823,0.43287758287300465,0.2053769694582858,0.3945822239293784,0.3307510746176966,0.2371878675597882,0.1353308171869394,0.053099277355075324,0.012136015406692086,0.0013201320132013201,1.992150925354105e-05,1586,1,,5297,,,0.5,349033.899892736,39008.25133138278
reports/small_vehicle/cascade/gate_small_vehicle_resnet50_identity.json,,identity,281926.033211392,31505.61595777981,0.7107796866150651,real,57170.52608512,6392.124106161646,0.8324708926261319,gate_small_vehicle_resnet50,0.4561832975599863,0.4325668284410095,0.20428641507084322,0.3893732796113851,0.326030565373878,0.23699060712948333,0.135188331898797,0.053059390759615244,0.01213179641182286,0.0013201320132013201,1.992150925354105e-05,1532,1,,5297,,,0.55,339096.559296512,37897.740063941455
reports/small_vehicle/cascade/gate_small_vehicle_resnet50_identity.json,,identity,271804.667789312,30374.53966686735,0.7211629224089107,real,57170.52608512,6392.124106161646,0.8137128072445019,gate_small_vehicle_resnet50,0.45613350125567864,0.43244336561177144,0.20419655204983123,0.3892879202977128,0.32587463052582916,0.2367740935468828,0.13499677404471705,0.05293408289006409,0.01213553684530989,0.0013656538067599864,1.996167358671351e-05,1477,1,,5297,,,0.6000000000000001,328975.193874432,36766.663773028995
reports/small_vehicle/cascade/gate_small_vehicle_resnet50_identity.json,,identity,263155.50097408,29407.983563723974,0.7300358693600151,real,57170.52608512,6392.124106161646,0.7981888745148771,gate_small_vehicle_resnet50,0.44995282309951373,0.4264739588757275,0.20275775387655362,0.3886191251881004,0.3253207888118503,0.23630804636201366,0.13458631617480857,0.05279900692885809,0.012131857844317076,0.0013656538067599864,1.996167358671351e-05,1430,1,,5297,,,0.65,320326.0270592,35800.10766988562
reports/small_vehicle/cascade/gate_small_vehicle_resnet50_identity.json,,identity,253402.185203712,28318.037319753785,0.7400415329431753,real,57170.52608512,6392.124106161646,0.7755498059508409,gate_small_vehicle_resnet50,0.4495007627798412,0.42596239469760244,0.20247570969683873,0.3879890608205287,0.32481683194012095,0.23595753416481408,0.13435453417206003,0.05265851740405864,0.01213176469252202,0.0013656538067599864,2.004249007896741e-05,1377,1,,5297,,,0.7000000000000001,310572.711288832,34710.16142591543
reports/small_vehicle/cascade/gate_small_vehicle_resnet50_identity.json,,identity,241440.57152307202,26981.310794129968,0.7523126297904474,real,57170.52608512,6392.124106161646,0.7451487710219923,gate_small_vehicle_resnet50,0.4495994289216598,0.42601577692124676,0.2014283728900616,0.382645242497065,0.3245500559796782,0.23560782780050646,0.13146202850929584,0.05091896876948322,0.012098621731304687,0.0013656538067599864,2.0123963615873785e-05,1312,1,,5297,,,0.75,298611.097608192,33373.43490029161
reports/small_vehicle/cascade/gate_small_vehicle_resnet50_identity.json,,identity,223958.213066752,25027.63356437208,0.7702473097979989,real,57170.52608512,6392.124106161646,0.6992238033635187,gate_small_vehicle_resnet50,0.4333436084309533,0.4099717281710334,0.1953298505004612,0.37272244076608196,0.31568955305749374,0.2282208978224558,0.12960169016850073,0.05028370963067771,0.012078850743044317,0.0013656538067599864,2.0372407611131484e-05,1217,1,,5297,,,0.8,281128.739151872,31419.757670533727
reports/small_vehicle/cascade/gate_small_vehicle_resnet50_identity.json,,identity,208132.07804313602,23259.041545854416,0.7864829148574665,real,57170.52608512,6392.124106161646,0.6591203104786546,gate_small_vehicle_resnet50,0.4271782686649159,0.4039828028308324,0.1922105609757384,0.36688717642233976,0.3105563934194063,0.22378275212616336,0.12625658216006322,0.05002773717977985,0.012047828734548266,0.0013656538067599864,2.0414412575278145e-05,1131,1,,5297,,,0.8500000000000001,265302.60412825603,29651.16565201606
reports/small_vehicle/cascade/gate_small_vehicle_resnet50_identity.json,,identity,186049.098940416,20791.23872931814,0.8091372474985841,real,57170.52608512,6392.124106161646,0.5989650711513583,gate_small_vehicle_resnet50,0.4186001916977327,0.39569691331778134,0.18805174235531455,0.35892180564506365,0.30338329762128063,0.21804428841755205,0.1249215040074915,0.04748376497495606,0.011921451951347509,0.0015232292460015233,2.09766739385803e-05,1011,1,,5297,,,0.9,243219.625025536,27183.362835479784
reports/small_vehicle/cascade/gate_small_vehicle_resnet50_identity.json,,identity,154212.80406732802,17233.48966881167,0.841797243722862,real,57170.52608512,6392.124106161646,0.5064683053040103,gate_small_vehicle_resnet50,0.37425757295036494,0.3524493408197228,0.16896888501101032,0.3238777156262007,0.2720114069398258,0.19677686167961664,0.11372594256634899,0.04411616922009206,0.010887500523402168,0.001563314226159458,2.302555836979047e-05,838,1,,5297,,,0.9500000000000001,211383.33015244803,23625.613774973317
reports/small_vehicle/cascade/gate_small_vehicle_resnet50_identity.json,,identity,0.0,0.0,1.0,real,57170.52608512,6392.124106161646,0.0,gate_small_vehicle_resnet50,0.0,0.0,0.0,0.0,0.0,0.0,0.0,0.0,0.0,0.0,0.0,0,1,,5297,,,1.0,57170.52608512,6392.124106161646
reports/small_vehicle/cascade/gate_small_vehicle_resnet50_isotonic.json,,isotonic,974779.5025592321,108932.92932660552,0.0,real,57170.52608512,6392.124106161646,1.0,gate_small_vehicle_resnet50,0.4640965135348667,0.43910559934978677,0.2072207035032699,0.3949618631398094,0.33074709716487083,0.24060786373513912,0.13539693021391344,0.05324152294588788,0.012709671271698286,0.0013201320132013201,1.984166352506994e-05,5297,1,,5297,,,0.0,1031950.0286443521,115325.05343276716
reports/small_vehicle/cascade/gate_small_vehicle_resnet50_isotonic.json,,isotonic,522998.555082752,58445.796704967506,0.46346988861619787,real,57170.52608512,6392.124106161646,0.9922380336351876,gate_small_vehicle_resnet50,0.4641862970927436,0.4391928061484486,0.20725260901074685,0.3950160872409107,0.3307887981412915,0.24063864856136924,0.1354078667971481,0.053243261513668816,0.012712350935161317,0.0013201320132013201,1.984166352506994e-05,2842,1,,5297,,,0.05,580169.0811678721,64837.92081112915
reports/small_vehicle/cascade/gate_small_vehicle_resnet50_isotonic.json,,isotonic,416816.23056384,46579.77816212224,0.572399471398905,real,57170.52608512,6392.124106161646,0.9670116429495472,gate_small_vehicle_resnet50,0.4637773473230953,0.4390794269889275,0.20729625519383207,0.39512638290221797,0.3310971778403595,0.2409008716054253,0.13560220331833817,0.05331259807986289,0.012726570203367437,0.0013201320132013201,1.984166352506994e-05,2265,1,,5297,,,0.1,473986.75664896,52971.902268283884
reports/small_vehicle/cascade/gate_small_vehicle_resnet50_isotonic.json,,isotonic,408351.088574464,45633.78708245,0.5810836322446669,real,57170.52608512,6392.124106161646,0.963777490297542,gate_small_vehicle_resnet50,0.4637677824602203,0.4390732197376506,0.20729174583661628,0.3951178340071887,0.33108783233813593,0.2408985917226955,0.13559797271412916,0.05330903826958677,0.012725213439829151,0.0013201320132013201,1.984166352506994e-05,2219,1,,5297,,,0.15000000000000002,465521.614659584,52025.911188611644
reports/small_vehicle/cascade/gate_small_vehicle_resnet50_isotonic.json,,isotonic,375042.595094528,41911.51783417445,0.6152539173116859,real,57170.52608512,6392.124106161646,0.94372574385511,gate_small_vehicle_resnet50,0.4635547334836203,0.43892917263140213,0.2072335002877669,0.3950329008294238,0.33104129267747223,0.24085599764856086,0.13556992630149858,0.05328630724777683,0.01272469838118733,0.0013201320132013201,1.984166352506994e-05,2038,1,,5297,,,0.2,432213.121179648,48303.64194033609
reports/small_vehicle/cascade/gate_small_vehicle_resnet50_isotonic.json,,isotonic,340813.97748531203,38086.42346854322,0.6503681329054182,real,57170.52608512,6392.124106161646,0.9178525226390686,gate_small_vehicle_resnet50,0.46319077965850364,0.4335825369012336,0.20666280727704084,0.3950306194664924,0.3310519755276251,0.24087746001884966,0.13557747945159573,0.053259547561186414,0.012717660665497297,0.0013201320132013201,1.9881506222911447e-05,1852,1,,5297,,,0.25,397984.503570432,44478.54757470486
reports/small_vehicle/cascade/gate_small_vehicle_resnet50_isotonic.json,,isotonic,340813.97748531203,38086.42346854322,0.6503681329054182,real,57170.52608512,6392.124106161646,0.9178525226390686,gate_small_vehicle_resnet50,0.46319077965850364,0.4335825369012336,0.20666280727704084,0.3950306194664924,0.3310519755276251,0.24087746001884966,0.13557747945159573,0.053259547561186414,0.012717660665497297,0.0013201320132013201,1.9881506222911447e-05,1852,1,,5297,,,0.30000000000000004,397984.503570432,44478.54757470486
reports/small_vehicle/cascade/gate_small_vehicle_resnet50_isotonic.json,,isotonic,315050.501865472,35207.320182584226,0.6767981876533887,real,57170.52608512,6392.124106161646,0.8861578266494179,gate_small_vehicle_resnet50,0.45732950783183557,0.4334147497826248,0.20566049217730992,0.3948990687580239,0.3309607651086932,0.23726926491492312,0.1355032200016887,0.053196086241063346,0.012692205611791988,0.0013201320132013201,1.992150925354105e-05,1712,1,,5297,,,0.35000000000000003,372221.027950592,41599.44428874587
reports/small_vehicle/cascade/gate_small_vehicle_resnet50_isotonic.json,,isotonic,305665.23574681603,34158.50398555631,0.6864262790258637,real,57170.52608512,6392.124106161646,0.8732212160413971,gate_small_vehicle_resnet50,0.4568075250210745,0.4331992178118984,0.20554537781186957,0.3949042540370218,0.3310579488936127,0.2373369229138487,0.1354890063370026,0.05316760280973835,0.01215124677204371,0.0013201320132013201,1.992150925354105e-05,1661,1,,5297,,,0.4,362835.761831936,40550.628091717954
reports/small_vehicle/cascade/gate_small_vehicle_resnet50_isotonic.json,,isotonic,303824.987488256,33952.85375084495,0.6883141400792901,real,57170.52608512,6392.124106161646,0.8706338939197931,gate_small_vehicle_resnet50,0.4567865004802737,0.433178552649462,0.20555043572231496,0.39489787386599035,0.33104379780984383,0.23739905434123046,0.13552330176566693,0.05318206423872713,0.012153158549500342,0.0013201320132013201,1.992150925354105e-05,1651,1,,5297,,,0.45,360995.513573376,40344.9778570066
reports/small_vehicle/cascade/gate_small_vehicle_resnet50_isotonic.json,,isotonic,278613.586345984,31135.44553529937,0.7141778365112328,real,57170.52608512,6392.124106161646,0.8279430789133247,gate_small_vehicle_resnet50,0.4561241425369117,0.4325076423661535,0.20424037766397934,0.38931049408682367,0.325952194707625,0.23692352673605283,0.13512633471238272,0.05299131302974443,0.012128074941645159,0.0013201320132013201,1.992150925354105e-05,1514,1,,5297,,,0.5,335784.112431104,37527.569641461014
reports/small_vehicle/cascade/gate_small_vehicle_resnet50_isotonic.json,,isotonic,260395.12858624,29099.50821165694,0.7328676609401548,real,57170.52608512,6392.124106161646,0.7936610608020699,gate_small_vehicle_resnet50,0.4497130137617529,0.42623280669047253,0.20263407907516143,0.38832511575189627,0.3250963949149752,0.23619493927222407,0.13453212692613492,0.05272934811700315,0.012131429836808424,0.0013656538067599864,1.996167358671351e-05,1415,1,,5297,,,0.55,317565.65467136,35491.632317818585
reports/small_vehicle/cascade/gate_small_vehicle_resnet50_isotonic.json,,isotonic,260395.12858624,29099.50821165694,0.7328676609401548,real,57170.52608512,6392.124106161646,0.7936610608020699,gate_small_vehicle_resnet50,0.4497130137617529,0.42623280669047253,0.20263407907516143,0.38832511575189627,0.3250963949149752,0.23619493927222407,0.13453212692613492,0.05272934811700315,0.012131429836808424,0.0013656538067599864,1.996167358671351e-05,1415,1,,5297,,,0.6000000000000001,317565.65467136,35491.632317818585
reports/small_vehicle/cascade/gate_small_vehicle_resnet50_isotonic.json,,isotonic,256898.656894976,28708.772765705362,0.7364545969416652,real,57170.52608512,6392.124106161646,0.7858990944372575,gate_small_vehicle_resnet50,0.44967979002623765,0.4261935487391886,0.20260058347679782,0.388260688027703,0.3250338335559731,0.23613357124549994,0.13448481523863617,0.05270632175484436,0.012127650699548966,0.0013656538067599864,1.996167358671351e-05,1396,1,,5297,,,0.65,314069.182980096,35100.89687186701
reports/small_vehicle/cascade/gate_small_vehicle_resnet50_isotonic.json,,isotonic,256898.656894976,28708.772765705362,0.7364545969416652,real,57170.52608512,6392.124106161646,0.7858990944372575,gate_small_vehicle_resnet50,0.44967979002623765,0.4261935487391886,0.20260058347679782,0.388260688027703,0.3250338335559731,0.23613357124549994,0.13448481523863617,0.05270632175484436,0.012127650699548966,0.0013656538067599864,1.996167358671351e-05,1396,1,,5297,,,0.7000000000000001,314069.182980096,35100.89687186701
reports/small_vehicle/cascade/gate_small_vehicle_resnet50_isotonic.json,,isotonic,196170.46436249602,21922.3150202306,0.7987540117047385,real,57170.52608512,6392.124106161646,0.628719275549806,gate_small_vehicle_resnet50,0.4208931259784494,0.40395083712971525,0.19090469210806366,0.36676031452478813,0.305384307802399,0.22328075513799087,0.1258032843681502,0.04952645519069893,0.011960139435677624,0.0014668133480014668,2.088816476584367e-05,1066,1,,5297,,,0.75,253340.99044761603,28314.439126392244
reports/small_vehicle/cascade/gate_small_vehicle_resnet50_isotonic.json,,isotonic,192305.94301952,21490.44952733675,0.8027185199169341,real,57170.52608512,6392.124106161646,0.6183699870633894,gate_small_vehicle_resnet50,0.42090402216686923,0.4039739586094973,0.19088216624396157,0.3667347434414656,0.30533382316970403,0.2232133040284434,0.12575872531980506,0.04946727895971949,0.011948105231344397,0.0014668133480014668,2.088816476584367e-05,1045,1,,5297,,,0.8,249476.46910464,27882.573633498396
reports/small_vehicle/cascade/gate_small_vehicle_resnet50_isotonic.json,,isotonic,162861.97088256,18200.045771955047,0.8329242967717576,real,57170.52608512,6392.124106161646,0.5342820181112549,gate_small_vehicle_resnet50,0.38411590255784406,0.36188045693625237,0.17366593799795907,0.33281010322574034,0.28002799473839896,0.2032142357446535,0.11524727847378506,0.04631966678122035,0.011671506083866464,0.0013501350135013501,2.2100424328147098e-05,885,1,,5297,,,0.8500000000000001,220032.49696768,24592.169878116692
reports/small_vehicle/cascade/gate_small_vehicle_resnet50_isotonic.json,,isotonic,100845.604569088,11269.632862182334,0.8965452142722296,real,57170.52608512,6392.124106161646,0.3428201811125485,gate_small_vehicle_resnet50,0.31562502031684364,0.30166882106476817,0.14419046683791065,0.275691379563219,0.22811739746986145,0.16993885501888795,0.09517247851396857,0.039997015655849864,0.013812878457022691,0.0018564356435643563,2.4386675120714043e-05,548,1,,5297,,,0.9,158016.130654208,17661.75696834398
reports/small_vehicle/cascade/gate_small_vehicle_resnet50_isotonic.json,,isotonic,100845.604569088,11269.632862182334,0.8965452142722296,real,57170.52608512,6392.124106161646,0.3428201811125485,gate_small_vehicle_resnet50,0.31562502031684364,0.30166882106476817,0.14419046683791065,0.275691379563219,0.22811739746986145,0.16993885501888795,0.09517247851396857,0.039997015655849864,0.013812878457022691,0.0018564356435643563,2.4386675120714043e-05,548,1,,5297,,,0.9500000000000001,158016.130654208,17661.75696834398
reports/small_vehicle/cascade/gate_small_vehicle_resnet50_isotonic.json,,isotonic,26315.550097408002,2940.7983563723974,0.9730035869360015,real,57170.52608512,6392.124106161646,0.09249676584734799,gate_small_vehicle_resnet50,0.14318818463533473,0.13346619058330828,0.06710629510263456,0.12933182624587275,0.10693277828056857,0.0801216345430522,0.05046198506603474,0.02070508638711391,0.006180766591510636,0.0006457167455876022,2.8781947962238083e-05,143,1,,5297,,,1.0,83486.076182528,9332.922462534043
reports/small_vehicle/cascade/gate_small_vehicle_resnet50_platt.json,,platt,974779.5025592321,108932.92932660552,0.0,real,57170.52608512,6392.124106161646,1.0,gate_small_vehicle_resnet50,0.4640965135348667,0.43910559934978677,0.2072207035032699,0.3949618631398094,0.33074709716487083,0.24060786373513912,0.13539693021391344,0.05324152294588788,0.012709671271698286,0.0013201320132013201,1.984166352506994e-05,5297,1,,5297,,,0.0,1031950.0286443521,115325.05343276716
reports/small_vehicle/cascade/gate_small_vehicle_resnet50_platt.json,,platt,523550.62956032,58507.49177538091,0.46290353030016995,real,57170.52608512,6392.124106161646,0.9922380336351876,gate_small_vehicle_resnet50,0.4641862970927436,0.4391928061484486,0.20725260901074685,0.3950160872409107,0.3307887981412915,0.24063864856136924,0.1354078667971481,0.053243261513668816,0.012712350935161317,0.0013201320132013201,1.984166352506994e-05,2845,1,,5297,,,0.05,580721.15564544,64899.61588154256
reports/small_vehicle/cascade/gate_small_vehicle_resnet50_platt.json,,platt,441843.60688025603,49376.621354196686,0.546724561072305,real,57170.52608512,6392.124106161646,0.9715394566623544,gate_small_vehicle_resnet50,0.46376824076698125,0.4390670548745962,0.20729122708291045,0.3951170738890012,0.3310883702805559,0.24089344247981354,0.13560025982001675,0.05331190826559793,0.012725946775815202,0.0013201320132013201,1.984166352506994e-05,2401,1,,5297,,,0.1,499014.132965376,55768.74546035833
reports/small_vehicle/cascade/gate_small_vehicle_resnet50_platt.json,,platt,395837.400416256,44235.365486412775,0.5939210874079668,real,57170.52608512,6392.124106161646,0.9540750323415266,gate_small_vehicle_resnet50,0.4635919256752929,0.4389715150357655,0.20725475738834742,0.3950657652962566,0.3310794537788197,0.24088425140875785,0.13559329123917507,0.05329813372905685,0.012723264043623254,0.0013201320132013201,1.984166352506994e-05,2151,1,,5297,,,0.15000000000000002,453007.926501376,50627.48959257442
reports/small_vehicle/cascade/gate_small_vehicle_resnet50_platt.json,,platt,363449.0310656,40615.9213554929,0.6271474419482725,real,57170.52608512,6392.124106161646,0.9327296248382924,gate_small_vehicle_resnet50,0.46343828765158696,0.4336993523883864,0.2067005825191925,0.39506681590458315,0.33106177374685725,0.24086013024147218,0.1355513877673001,0.05326522858654733,0.012722835385766998,0.0013201320132013201,1.9881506222911447e-05,1975,1,,5297,,,0.2,420619.55715072,47008.04546165455
reports/small_vehicle/cascade/gate_small_vehicle_resnet50_platt.json,,platt,341182.02713702404,38127.55351548549,0.6499905606947329,real,57170.52608512,6392.124106161646,0.9178525226390686,gate_small_vehicle_resnet50,0.46319034753264166,0.43358219753883576,0.20666265812906381,0.39503030775946363,0.3310518034776395,0.2408773231360122,0.1355774234009262,0.05325951269021711,0.01271765223547714,0.0013201320132013201,1.9881506222911447e-05,1854,1,,5297,,,0.25,398352.553222144,44519.67762164713
reports/small_vehicle/cascade/gate_small_vehicle_resnet50_platt.json,,platt,320019.17216358404,35762.57581630489,0.6717009628091373,real,57170.52608512,6392.124106161646,0.890038809831824,gate_small_vehicle_resnet50,0.4572583273108927,0.43335282430757616,0.2056328038025284,0.3948409471485342,0.3309184258774559,0.23724749449285157,0.13548863844922468,0.0531908934262609,0.012690433490032873,0.0013201320132013201,1.992150925354105e-05,1739,1,,5297,,,0.30000000000000004,377189.698248704,42154.699922466534
reports/small_vehicle/cascade/gate_small_vehicle_resnet50_platt.json,,platt,305113.161269248,34096.8089151429,0.6869926373418916,real,57170.52608512,6392.124106161646,0.871927554980595,gate_small_vehicle_resnet50,0.4567910996514832,0.4331815661886769,0.20555308540037368,0.3949036728878595,0.33104683146779396,0.23740205101947634,0.13553092043763804,0.05318153352834846,0.012153125300005804,0.0013201320132013201,1.992150925354105e-05,1658,1,,5297,,,0.35000000000000003,362283.687354368,40488.93302130455
reports/small_vehicle/cascade/gate_small_vehicle_resnet50_platt.json,,platt,292047.39863347204,32636.69224869227,0.7003964508212195,real,57170.52608512,6392.124106161646,0.8473479948253557,gate_small_vehicle_resnet50,0.45646449751484863,0.43287731011792646,0.20537687054846865,0.3945819792184008,0.3307509404271846,0.2371878675597882,0.13533076436231536,0.053099277355075324,0.012136015406692086,0.0013201320132013201,1.992150925354105e-05,1587,1,,5297,,,0.4,349217.924718592,39028.816354853916
reports/small_vehicle/cascade/gate_small_vehicle_resnet50_platt.json,,platt,280085.78495283204,31299.965723068453,0.7126675476684916,real,57170.52608512,6392.124106161646,0.8285899094437258,gate_small_vehicle_resnet50,0.45612800405053033,0.4325081181802747,0.20424285524777624,0.38931069650068695,0.3259622946096287,0.23692926902527148,0.13513039216973527,0.05299174726427525,0.01212797715490454,0.0013201320132013201,1.992150925354105e-05,1522,1,,5297,,,0.45,337256.311037952,37692.0898292301
reports/small_vehicle/cascade/gate_small_vehicle_resnet50_platt.json,,platt,267020.022317056,29839.849056617822,0.7260713611478196,real,57170.52608512,6392.124106161646,0.8040103492884865,gate_small_vehicle_resnet50,0.45626868019823064,0.4271126602078792,0.2036409181293825,0.38926783676932736,0.32583345998044916,0.236688778475818,0.1348740816813534,0.052850376635549624,0.0121276918648708,0.0013656538067599864,1.996167358671351e-05,1451,1,,5297,,,0.5,324190.548402176,36231.97316277947
reports/small_vehicle/cascade/gate_small_vehicle_resnet50_platt.json,,platt,257634.75619840002,28791.032859589905,0.7356994525202945,real,57170.52608512,6392.124106161646,0.7865459249676585,gate_small_vehicle_resnet50,0.4496792885907032,0.42619486880993696,0.2026021678133499,0.38826444361896084,0.32503877908771395,0.23614247109122372,0.13448688183219906,0.0527021372350146,0.012127192387400081,0.0013656538067599864,1.996167358671351e-05,1400,1,,5297,,,0.55,314805.28228352003,35183.15696575155
reports/small_vehicle/cascade/gate_small_vehicle_resnet50_platt.json,,platt,246593.26664704,27557.131451321766,0.7470266188408533,real,57170.52608512,6392.124106161646,0.7574385510996119,gate_small_vehicle_resnet50,0.449473014389036,0.42591886475780005,0.2021181902314873,0.38788748745446583,0.3246862411747323,0.23576447287135247,0.13149033372438573,0.05247388781201962,0.01210186318010374,0.0013656538067599864,2.008314421705862e-05,1340,1,,5297,,,0.6000000000000001,303763.79273216,33949.25555748341
reports/small_vehicle/cascade/gate_small_vehicle_resnet50_platt.json,,platt,231503.23092684802,25870.799526688643,0.7625070794789504,real,57170.52608512,6392.124106161646,0.7199223803363519,gate_small_vehicle_resnet50,0.4332798523210137,0.410035608906306,0.1954661194543648,0.3729066669584085,0.31599196813587394,0.2286123351259124,0.12991650025283988,0.050442584167187374,0.012089735955208717,0.0013656538067599864,2.028891413731537e-05,1258,1,,5297,,,0.65,288673.757011968,32262.92363285029
reports/small_vehicle/cascade/gate_small_vehicle_resnet50_platt.json,,platt,217701.36898764802,24328.42276635347,0.7766660373796489,real,57170.52608512,6392.124106161646,0.6817593790426908,gate_small_vehicle_resnet50,0.4337642496007312,0.4103074445663765,0.19463030329607742,0.37302180768727944,0.31125980609599657,0.22446093825667235,0.12970877702129935,0.050308301775599716,0.012085681742448132,0.0013656538067599864,2.0372407611131484e-05,1183,1,,5297,,,0.7000000000000001,274871.89507276803,30720.546872515115
reports/small_vehicle/cascade/gate_small_vehicle_resnet50_platt.json,,platt,201691.209138176,22539.265724364668,0.7930904285444591,real,57170.52608512,6392.124106161646,0.6416558861578266,gate_small_vehicle_resnet50,0.4273563465911979,0.4040458228191645,0.19158874890452332,0.3668169313769303,0.3054211065917917,0.22337042304576085,0.12584702619011653,0.04957770640642548,0.011964424511078629,0.0014668133480014668,2.088816476584367e-05,1096,1,,5297,,,0.75,258861.73522329598,28931.389830526314
reports/small_vehicle/cascade/gate_small_vehicle_resnet50_platt.json,,platt,184760.92515942402,20647.28356502019,0.8104587502359826,real,57170.52608512,6392.124106161646,0.5957309184993532,gate_small_vehicle_resnet50,0.411235780183122,0.3885745857909927,0.1854828524513099,0.3578399852056957,0.29745934412227354,0.21730721853629315,0.1215588471953012,0.04741527193128689,0.011893285628193997,0.0015232292460015233,2.09766739385803e-05,1004,1,,5297,,,0.8,241931.451244544,27039.407671181834
reports/small_vehicle/cascade/gate_small_vehicle_resnet50_platt.json,,platt,166910.517051392,18652.47628832003,0.8287710024542194,real,57170.52608512,6392.124106161646,0.5433376455368694,gate_small_vehicle_resnet50,0.39160848218046307,0.36936819495481515,0.17552245695476426,0.33398445415746375,0.2810884194200742,0.20399315571118676,0.11560327673809184,0.046508393548748306,0.011697957398970124,0.0013501350135013501,2.2100424328147098e-05,907,1,,5297,,,0.8500000000000001,224081.043136512,25044.600394481677
reports/small_vehicle/cascade/gate_small_vehicle_resnet50_platt.json,,platt,142251.19038668802,15896.763143187854,0.854068340570134,real,57170.52608512,6392.124106161646,0.46959896507115134,gate_small_vehicle_resnet50,0.3657474818144747,0.34419120119512453,0.16519930614800454,0.3162531403741998,0.26528016339154276,0.19534343489552483,0.10980403587893932,0.04369066870480055,0.01009626960753622,0.001563314226159458,2.335139174294788e-05,773,1,,5297,,,0.9,199421.71647180803,22288.8872493495
reports/small_vehicle/cascade/gate_small_vehicle_resnet50_platt.json,,platt,106734.39899648,11927.713613258675,0.8905040589012648,real,57170.52608512,6392.124106161646,0.35963777490297544,gate_small_vehicle_resnet50,0.31467950204712597,0.3010104819552011,0.14497534540001228,0.2753045929155054,0.23387570959366047,0.1701887856343068,0.09891947062814546,0.040183451997182804,0.013819958549515173,0.0017472335468841002,2.4267132595612502e-05,580,1,,5297,,,0.9500000000000001,163904.9250816,18319.83771942032
reports/small_vehicle/cascade/gate_small_vehicle_resnet50_platt.json,,platt,0.0,0.0,1.0,real,57170.52608512,6392.124106161646,0.0,gate_small_vehicle_resnet50,0.0,0.0,0.0,0.0,0.0,0.0,0.0,0.0,0.0,0.0,0.0,0,1,,5297,,,1.0,57170.52608512,6392.124106161646
reports/small_vehicle/cascade/gate_small_vehicle_resnet50_temperature.json,,temperature,974779.5025592321,108932.92932660552,0.0,real,57170.52608512,6392.124106161646,1.0,gate_small_vehicle_resnet50,0.4640965135348667,0.43910559934978677,0.2072207035032699,0.3949618631398094,0.33074709716487083,0.24060786373513912,0.13539693021391344,0.05324152294588788,0.012709671271698286,0.0013201320132013201,1.984166352506994e-05,5297,1,,5297,,,0.0,1031950.0286443521,115325.05343276716
reports/small_vehicle/cascade/gate_small_vehicle_resnet50_temperature.json,,temperature,563299.991945216,62949.53684514621,0.4221257315461582,real,57170.52608512,6392.124106161646,0.9941785252263907,gate_small_vehicle_resnet50,0.4641634450854481,0.4391714484823586,0.2072450988449511,0.3950049310166874,0.33077815231510505,0.24063388720885426,0.13540513366843288,0.05324230700283093,0.012711709993067455,0.0013201320132013201,1.984166352506994e-05,3061,1,,5297,,,0.05,620470.518030336,69341.66095130786
reports/small_vehicle/cascade/gate_small_vehicle_resnet50_temperature.json,,temperature,476624.29896704,53263.41079024132,0.5110439871625448,real,57170.52608512,6392.124106161646,0.9831824062095731,gate_small_vehicle_resnet50,0.4640516283038036,0.4391954969626215,0.20727665117093372,0.3950532597602648,0.3309181177142736,0.24071889377809647,0.13549513121137222,0.0532752887983242,0.012718721503854306,0.0013201320132013201,1.984166352506994e-05,2590,1,,5297,,,0.1,533794.8250521601,59655.53489640297
reports/small_vehicle/cascade/gate_small_vehicle_resnet50_temperature.json,,temperature,426201.49668249604,47628.59435915016,0.56277138002643,real,57170.52608512,6392.124106161646,0.9676584734799483,gate_small_vehicle_resnet50,0.4637769783071971,0.43908007000865484,0.20729630907556312,0.39512718675698955,0.33109688507681934,0.24090066007574917,0.13560220331833817,0.05331259807986289,0.012726535455293576,0.0013201320132013201,1.984166352506994e-05,2316,1,,5297,,,0.15000000000000002,483372.022767616,54020.7184653118
reports/small_vehicle/cascade/gate_small_vehicle_resnet50_temperature.json,,temperature,395837.400416256,44235.365486412775,0.5939210874079668,real,57170.52608512,6392.124106161646,0.9540750323415266,gate_small_vehicle_resnet50,0.4635919256752929,0.4389715150357655,0.20725475738834742,0.3950657652962566,0.3310794537788197,0.24088425140875785,0.13559329123917507,0.05329813372905685,0.012723264043623254,0.0013201320132013201,1.984166352506994e-05,2151,1,,5297,,,0.2,453007.926501376,50627.48959257442
reports/small_vehicle/cascade/gate_small_vehicle_resnet50_temperature.json,,temperature,370073.924796416,41356.262200453784,0.6203511421559373,real,57170.52608512,6392.124106161646,0.9391979301423027,gate_small_vehicle_resnet50,0.46353998816327563,0.4337970160002311,0.20673848338564085,0.39511337240349786,0.3311216912803368,0.2408942079602716,0.1355745681981101,0.05328296961083983,0.01272104656311888,0.0013201320132013201,1.984166352506994e-05,2011,1,,5297,,,0.25,427244.450881536,47748.38630661543
reports/small_vehicle/cascade/gate_small_vehicle_resnet50_temperature.json,,temperature,350935.342907392,39217.49975945568,0.6399848971115726,real,57170.52608512,6392.124106161646,0.9243208279430789,gate_small_vehicle_resnet50,0.46327277910978343,0.43366376903069837,0.2066969531287583,0.39509352675957027,0.3311097987073853,0.24090332715449753,0.13558500789989772,0.05327393450934031,0.012727374596985357,0.0013201320132013201,1.9881506222911447e-05,1907,1,,5297,,,0.30000000000000004,408105.868992512,45609.62386561732
reports/small_vehicle/cascade/gate_small_vehicle_resnet50_temperature.json,,temperature,332348.835495936,37140.43238887098,0.6590522937511799,real,57170.52608512,6392.124106161646,0.9036222509702458,gate_small_vehicle_resnet50,0.45733629320041225,0.4333989532910533,0.20565594169925,0.3948509781885499,0.3309410150895457,0.23723764353007676,0.1355192523732194,0.053231190266614076,0.01270403753057384,0.0013201320132013201,1.992150925354105e-05,1806,1,,5297,,,0.35000000000000003,389519.361581056,43532.55649503262
reports/small_vehicle/cascade/gate_small_vehicle_resnet50_temperature.json,,temperature,317442.8246016,35474.66548770899,0.6743439682839343,real,57170.52608512,6392.124106161646,0.88745148771022,gate_small_vehicle_resnet50,0.45727716122648954,0.43336740485663044,0.20564013903067319,0.3948574874925596,0.3309289282092414,0.2372523837832354,0.1354940689245256,0.053192772744041335,0.0126911295475539,0.0013201320132013201,1.992150925354105e-05,1725,1,,5297,,,0.4,374613.35068672,41866.789593870635
reports/small_vehicle/cascade/gate_small_vehicle_resnet50_temperature.json,,temperature,302904.863358976,33850.02863348927,0.6892580706060034,real,57170.52608512,6392.124106161646,0.8686934023285899,gate_small_vehicle_resnet50,0.45673268730505645,0.43312395553875904,0.20551584667207684,0.3948376583860614,0.3309916846760635,0.23733810025368446,0.13548179873795366,0.05316089710100814,0.012151631199726514,0.0013201320132013201,1.992150925354105e-05,1646,1,,5297,,,0.45,360075.389444096,40242.15273965092
reports/small_vehicle/cascade/gate_small_vehicle_resnet50_temperature.json,,temperature,291863.373807616,32616.127225221135,0.7005852369265622,real,57170.52608512,6392.124106161646,0.8473479948253557,gate_small_vehicle_resnet50,0.45646478213182823,0.43287758287300465,0.2053769694582858,0.3945822239293784,0.3307510746176966,0.2371878675597882,0.1353308171869394,0.053099277355075324,0.012136015406692086,0.0013201320132013201,1.992150925354105e-05,1586,1,,5297,,,0.5,349033.899892736,39008.25133138278
reports/small_vehicle/cascade/gate_small_vehicle_resnet50_temperature.json,,temperature,280453.834604544,31341.095770010725,0.7122899754578063,real,57170.52608512,6392.124106161646,0.8292367399741267,gate_small_vehicle_resnet50,0.4561520288802836,0.4325317280732101,0.2042589212451881,0.3893336172004472,0.32598557841195336,0.23695450172118873,0.1351541562943289,0.053010458067850375,0.012127090280163799,0.0013201320132013201,1.992150925354105e-05,1524,1,,5297,,,0.55,337624.36068966397,37733.21987617237
reports/small_vehicle/cascade/gate_small_vehicle_resnet50_temperature.json,,temperature,267388.071968768,29880.979103560094,0.7256937889371342,real,57170.52608512,6392.124106161646,0.8053040103492884,gate_small_vehicle_resnet50,0.4562367753637881,0.42708589947419606,0.2036287247703373,0.3892443805480542,0.3258153068714476,0.23667681050856493,0.1348670192975176,0.05284805626277081,0.012127383896687369,0.0013656538067599864,1.996167358671351e-05,1453,1,,5297,,,0.6000000000000001,324558.598053888,36273.10320972174
reports/small_vehicle/cascade/gate_small_vehicle_resnet50_temperature.json,,temperature,258002.805850112,28832.162906532176,0.7353218803096092,real,57170.52608512,6392.124106161646,0.7865459249676585,gate_small_vehicle_resnet50,0.4496191303381822,0.4261435694922361,0.20257978157537448,0.3882202889130734,0.32500881933135856,0.23612228168045413,0.13447395647090785,0.05269699407270738,0.012127159974478437,0.0013656538067599864,1.996167358671351e-05,1402,1,,5297,,,0.65,315173.331935232,35224.28701269382
reports/small_vehicle/cascade/gate_small_vehicle_resnet50_temperature.json,,temperature,245673.14251776002,27454.306333966088,0.7479705493675666,real,57170.52608512,6392.124106161646,0.7554980595084088,gate_small_vehicle_resnet50,0.449446336087628,0.4258892188504684,0.20209744891191478,0.387862405498557,0.32465167496733,0.23573226953726198,0.13146018788814368,0.052447754150440576,0.012098864368942149,0.0013656538067599864,2.0123963615873785e-05,1335,1,,5297,,,0.7000000000000001,302843.66860288003,33846.43044012773
reports/small_vehicle/cascade/gate_small_vehicle_resnet50_temperature.json,,temperature,229110.90819072002,25603.45422156388,0.7649612988484047,real,57170.52608512,6392.124106161646,0.7134540750323415,gate_small_vehicle_resnet50,0.4333935713228778,0.4100608342859734,0.19546090737154112,0.37287508453778284,0.3159544706747669,0.2285823582266473,0.12984701999422615,0.05041822944189692,0.012091562510342381,0.0013656538067599864,2.028891413731537e-05,1245,1,,5297,,,0.75,286281.43427584,31995.578327725525
reports/small_vehicle/cascade/gate_small_vehicle_resnet50_temperature.json,,temperature,211996.599386112,23690.907038748264,0.782518406645271,real,57170.52608512,6392.124106161646,0.666882276843467,gate_small_vehicle_resnet50,0.43400757083675473,0.4106103010790704,0.19442223806952774,0.37313100424720974,0.31142880212055263,0.22454318342432533,0.1267362548834562,0.05028229948079282,0.012096896403780363,0.0013656538067599864,2.0414412575278145e-05,1152,1,,5297,,,0.8,269167.125471232,30083.03114490991
reports/small_vehicle/cascade/gate_small_vehicle_resnet50_temperature.json,,temperature,191937.89336780802,21449.31948039448,0.8030960921276193,real,57170.52608512,6392.124106161646,0.6170763260025873,gate_small_vehicle_resnet50,0.42078821168916947,0.4038155713963298,0.1908322670755414,0.3666032234735146,0.30529833463146044,0.22317368153110342,0.12572990725917318,0.04947658395232611,0.011949455309569836,0.0014668133480014668,2.088816476584367e-05,1043,1,,5297,,,0.8500000000000001,249108.419452928,27841.443586556125
reports/small_vehicle/cascade/gate_small_vehicle_resnet50_temperature.json,,temperature,167462.59152896,18714.171358733438,0.8282046441381914,real,57170.52608512,6392.124106161646,0.5446313065976714,gate_small_vehicle_resnet50,0.3924199841036425,0.370090316789346,0.1769196712719403,0.3404495355243806,0.2867779191873288,0.20423470801992857,0.11562967699472812,0.04652880982308762,0.011693526839131262,0.0013501350135013501,2.2100424328147098e-05,910,1,,5297,,,0.9,224633.11761408002,25106.295464895084
reports/small_vehicle/cascade/gate_small_vehicle_resnet50_temperature.json,,temperature,131393.725661184,14683.426758390851,0.8652067207853502,real,57170.52608512,6392.124106161646,0.4359637774902975,gate_small_vehicle_resnet50,0.34814269091496874,0.3334001708705974,0.15836755859472654,0.29973696757566576,0.25566903636304666,0.1832215341235976,0.10468561778495415,0.04305759524747445,0.013990939063107976,0.0017472335468841002,2.38004569687738e-05,714,1,,5297,,,0.9500000000000001,188564.25174630398,21075.550864552497
reports/small_vehicle/cascade/gate_small_vehicle_resnet50_temperature.json,,temperature,0.0,0.0,1.0,real,57170.52608512,6392.124106161646,0.0,gate_small_vehicle_resnet50,0.0,0.0,0.0,0.0,0.0,0.0,0.0,0.0,0.0,0.0,0.0,0,1,,5297,,,1.0,57170.52608512,6392.124106161646
reports/small_vehicle/cascade/gate_small_vehicle_tiny_context_adaptive.json,,context_adaptive,974779.5025592321,108932.92932660552,0.0,real,26506.544636416,2931.176081983722,1.0,gate_small_vehicle_tiny,0.46409695057051303,0.43910603849569096,0.20722062508436018,0.39496210895724515,0.3307467165486183,0.2406085376887314,0.1353965551244907,0.053239632411228456,0.012709737370357202,0.0013201320132013201,1.984166352506994e-05,5297,1,,5297,,,0.0,1001286.0471956481,111864.10540858924
reports/small_vehicle/cascade/gate_small_vehicle_tiny_context_adaptive.json,,context_adaptive,610410.347364352,68214.18285375694,0.3737964885784406,real,26506.544636416,2931.176081983722,1.0,gate_small_vehicle_tiny,0.46409706409373347,0.43910612712056735,0.20722067111623352,0.39496204967598725,0.3307469918855232,0.2406086578219402,0.1353965551244907,0.053239546028309596,0.01270974573505696,0.0013201320132013201,1.984166352506994e-05,3317,1,,5297,,,0.05,636916.892000768,71145.35893574066
reports/small_vehicle/cascade/gate_small_vehicle_tiny_context_adaptive.json,,context_adaptive,610410.347364352,68214.18285375694,0.3737964885784406,real,26506.544636416,2931.176081983722,1.0,gate_small_vehicle_tiny,0.46409706409373347,0.43910612712056735,0.20722067111623352,0.39496204967598725,0.3307469918855232,0.2406086578219402,0.1353965551244907,0.053239546028309596,0.01270974573505696,0.0013201320132013201,1.984166352506994e-05,3317,1,,5297,,,0.1,636916.892000768,71145.35893574066
reports/small_vehicle/cascade/gate_small_vehicle_tiny_context_adaptive.json,,context_adaptive,610410.347364352,68214.18285375694,0.3737964885784406,real,26506.544636416,2931.176081983722,1.0,gate_small_vehicle_tiny,0.46409706409373347,0.43910612712056735,0.20722067111623352,0.39496204967598725,0.3307469918855232,0.2406086578219402,0.1353965551244907,0.053239546028309596,0.01270974573505696,0.0013201320132013201,1.984166352506994e-05,3317,1,,5297,,,0.15000000000000002,636916.892000768,71145.35893574066
reports/small_vehicle/cascade/gate_small_vehicle_tiny_context_adaptive.json,,context_adaptive,610410.347364352,68214.18285375694,0.3737964885784406,real,26506.544636416,2931.176081983722,1.0,gate_small_vehicle_tiny,0.46409706409373347,0.43910612712056735,0.20722067111623352,0.39496204967598725,0.3307469918855232,0.2406086578219402,0.1353965551244907,0.053239546028309596,0.01270974573505696,0.0013201320132013201,1.984166352506994e-05,3317,1,,5297,,,0.2,636916.892000768,71145.35893574066
reports/small_vehicle/cascade/gate_small_vehicle_tiny_context_adaptive.json,,context_adaptive,610410.347364352,68214.18285375694,0.3737964885784406,real,26506.544636416,2931.176081983722,1.0,gate_small_vehicle_tiny,0.46409706409373347,0.43910612712056735,0.20722067111623352,0.39496204967598725,0.3307469918855232,0.2406086578219402,0.1353965551244907,0.053239546028309596,0.01270974573505696,0.0013201320132013201,1.984166352506994e-05,3317,1,,5297,,,0.25,636916.892000768,71145.35893574066
reports/small_vehicle/cascade/gate_small_vehicle_tiny_context_adaptive.json,,context_adaptive,610410.347364352,68214.18285375694,0.3737964885784406,real,26506.544636416,2931.176081983722,1.0,gate_small_vehicle_tiny,0.46409706409373347,0.43910612712056735,0.20722067111623352,0.39496204967598725,0.3307469918855232,0.2406086578219402,0.1353965551244907,0.053239546028309596,0.01270974573505696,0.0013201320132013201,1.984166352506994e-05,3317,1,,5297,,,0.30000000000000004,636916.892000768,71145.35893574066
reports/small_vehicle/cascade/gate_small_vehicle_tiny_context_adaptive.json,,context_adaptive,610410.347364352,68214.18285375694,0.3737964885784406,real,26506.544636416,2931.176081983722,1.0,gate_small_vehicle_tiny,0.46409706409373347,0.43910612712056735,0.20722067111623352,0.39496204967598725,0.3307469918855232,0.2406086578219402,0.1353965551244907,0.053239546028309596,0.01270974573505696,0.0013201320132013201,1.984166352506994e-05,3317,1,,5297,,,0.35000000000000003,636916.892000768,71145.35893574066
reports/small_vehicle/cascade/gate_small_vehicle_tiny_context_adaptive.json,,context_adaptive,599184.832987136,66959.71642201766,0.38531244100434203,real,26506.544636416,2931.176081983722,1.0,gate_small_vehicle_tiny,0.46409706409373347,0.43910612712056735,0.20722067111623352,0.39496204967598725,0.3307469918855232,0.2406086578219402,0.1353965551244907,0.053239546028309596,0.01270974573505696,0.0013201320132013201,1.984166352506994e-05,3256,1,,5297,,,0.4,625691.377623552,69890.89250400139
reports/small_vehicle/cascade/gate_small_vehicle_tiny_context_adaptive.json,,context_adaptive,492634.458816512,55052.567832230125,0.49461959599773453,real,26506.544636416,2931.176081983722,0.9793014230271668,gate_small_vehicle_tiny,0.4638713566522178,0.4388190704171687,0.20698130192281963,0.39461360881412666,0.3304046512464507,0.24017235766606926,0.1349515059033223,0.05288854986314741,0.012604816403554606,0.0014668133480014668,2.028891413731537e-05,2677,1,,5297,,,0.45,519141.00345292804,57983.74391421385
reports/small_vehicle/cascade/gate_small_vehicle_tiny_context_adaptive.json,,context_adaptive,418840.503648256,46805.99342030473,0.5703228242401359,real,26506.544636416,2931.176081983722,0.9501940491591203,gate_small_vehicle_tiny,0.4637455941200347,0.43859743106722854,0.20676030053719224,0.39435544108140075,0.3301322454209276,0.2398777812222915,0.13470262898871796,0.05259783726624306,0.012050189896370434,0.0015232292460015233,2.0627062706270627e-05,2276,1,,5297,,,0.5,445347.048284672,49737.16950228845
reports/small_vehicle/cascade/gate_small_vehicle_tiny_context_adaptive.json,,context_adaptive,365841.353801728,40883.266660617664,0.6246932225788182,real,26506.544636416,2931.176081983722,0.9139715394566623,gate_small_vehicle_tiny,0.462940538773913,0.43281903936278404,0.2055472539760395,0.3937711958857864,0.32960482339304165,0.23597683106349296,0.13443451222248912,0.05236548144866499,0.012016044174539027,0.0015232292460015233,2.0844189682126108e-05,1988,1,,5297,,,0.55,392347.898438144,43814.442742601386
reports/small_vehicle/cascade/gate_small_vehicle_tiny_context_adaptive.json,,context_adaptive,332164.81067008,37119.86736539984,0.6592410798565226,real,26506.544636416,2931.176081983722,0.8777490297542044,gate_small_vehicle_tiny,0.45466144959494786,0.43018795368261753,0.20294109466860802,0.3866580977217855,0.32352107349899933,0.23492634161241596,0.13375117282240534,0.05214998413381402,0.012010712047302112,0.0015232292460015233,2.0932325790718607e-05,1805,1,,5297,,,0.6000000000000001,358671.355306496,40051.04344738356
reports/small_vehicle/cascade/gate_small_vehicle_tiny_context_adaptive.json,,context_adaptive,305113.161269248,34096.8089151429,0.6869926373418916,real,26506.544636416,2931.176081983722,0.8402328589909444,gate_small_vehicle_tiny,0.4539128172413429,0.4244279723164692,0.20216193923516,0.3862441863710737,0.3232476833945678,0.23468014220700797,0.1335226330609783,0.05204370208782525,0.01199609410054217,0.0015232292460015233,2.0932325790718607e-05,1658,1,,5297,,,0.65,331619.705905664,37027.98499712662
reports/small_vehicle/cascade/gate_small_vehicle_tiny_context_adaptive.json,,context_adaptive,280821.884256256,31382.225816952996,0.711912403247121,real,26506.544636416,2931.176081983722,0.797542043984476,gate_small_vehicle_tiny,0.4468232005401958,0.4232071587750379,0.20020203204552361,0.38033922406161313,0.3225614558999931,0.23426065527842338,0.130814216267291,0.05046953853621321,0.012000485888717277,0.0015232292460015233,2.1155961750021158e-05,1526,1,,5297,,,0.7000000000000001,307328.428892672,34313.40189893672
reports/small_vehicle/cascade/gate_small_vehicle_tiny_context_adaptive.json,,context_adaptive,257450.73137254402,28770.46783611877,0.7358882386256371,real,26506.544636416,2931.176081983722,0.7529107373868047,gate_small_vehicle_tiny,0.4390334267270057,0.4159762946897803,0.19739684123360451,0.3785784667569218,0.31668723943744564,0.22956215764235877,0.1302691446685705,0.05033681952077458,0.011980386887317222,0.0015232292460015233,2.124675986911996e-05,1399,1,,5297,,,0.75,283957.27600896003,31701.64391810249
reports/small_vehicle/cascade/gate_small_vehicle_tiny_context_adaptive.json,,context_adaptive,239048.24878694402,26713.965489005204,0.7547668491599018,real,26506.544636416,2931.176081983722,0.7173350582147477,gate_small_vehicle_tiny,0.4327431723886472,0.40995406494418,0.195351536668583,0.37296558787880785,0.3161183291415925,0.2290710085610266,0.12971179342863268,0.050026278545409995,0.011913462003102436,0.0009900990099009901,2.157078452943334e-05,1299,1,,5297,,,0.8,265554.79342336004,29645.141570988926
reports/small_vehicle/cascade/gate_small_vehicle_tiny_context_adaptive.json,,context_adaptive,220277.716549632,24616.33309494937,0.7740230319048518,real,26506.544636416,2931.176081983722,0.6727037516170763,gate_small_vehicle_tiny,0.424693309421954,0.40803140437490215,0.19306064272809306,0.3713399365619688,0.31028994920322517,0.2243273502654225,0.12911791011083362,0.0498897912757034,0.011904964359434732,0.0009900990099009901,2.1712697585548027e-05,1197,1,,5297,,,0.8500000000000001,246784.26118604798,27547.50917693309
reports/small_vehicle/cascade/gate_small_vehicle_tiny_context_adaptive.json,,context_adaptive,204451.581526016,22847.741076431703,0.7902586369643194,real,26506.544636416,2931.176081983722,0.6319534282018111,gate_small_vehicle_tiny,0.41618307052683434,0.399989823378411,0.18951074908758087,0.363811847319346,0.3036490680626864,0.2233740028079995,0.12572361346047678,0.049524172551781626,0.011840081060786552,0.0009900990099009901,2.1712697585548027e-05,1111,1,,5297,,,0.9,230958.12616243202,25778.917158415425
reports/small_vehicle/cascade/gate_small_vehicle_tiny_context_adaptive.json,,context_adaptive,186049.098940416,20791.23872931814,0.8091372474985841,real,26506.544636416,2931.176081983722,0.5827943078913325,gate_small_vehicle_tiny,0.40763138706330154,0.38609045137157827,0.18567301106234807,0.3562514118223089,0.3017814944469996,0.2179528317101676,0.12495317310002932,0.04922949494000669,0.011827910668902887,0.0009900990099009901,2.1856490284790067e-05,1011,1,,5297,,,0.9500000000000001,212555.64357683202,23722.41481130186
reports/small_vehicle/cascade/gate_small_vehicle_tiny_context_adaptive.json,,context_adaptive,169486.864613376,18940.38661691593,0.8261279969794223,real,26506.544636416,2931.176081983722,0.5336351875808538,gate_small_vehicle_tiny,0.39803400968961333,0.3768986001294239,0.18104464315154978,0.34754398418705823,0.2937301254224764,0.21119325833019953,0.12025697929377244,0.046700798833965045,0.014966563417767776,0.0011001100110011,2.2002200220022003e-05,921,1,,5297,,,1.0,195993.409249792,21871.562698899652
reports/small_vehicle/cascade/gate_small_vehicle_tiny_identity.json,,identity,974779.5025592321,108932.92932660552,0.0,real,26506.544636416,2931.176081983722,1.0,gate_small_vehicle_tiny,0.46409695057051303,0.43910603849569096,0.20722062508436018,0.39496210895724515,0.3307467165486183,0.2406085376887314,0.1353965551244907,0.053239632411228456,0.012709737370357202,0.0013201320132013201,1.984166352506994e-05,5297,1,,5297,,,0.0,1001286.0471956481,111864.10540858924
reports/small_vehicle/cascade/gate_small_vehicle_tiny_identity.json,,identity,497603.129114624,55607.82346595079,0.48952237115348307,real,26506.544636416,2931.176081983722,0.9805950840879689,gate_small_vehicle_tiny,0.463829073428286,0.43877955884856745,0.2069670904382607,0.3945824909166596,0.3303811803920167,0.24016333931088282,0.13495283716357942,0.052891368378918405,0.012603953681557964,0.0014668133480014668,2.028891413731537e-05,2704,1,,5297,,,0.05,524109.67375104,58538.99954793451
reports/small_vehicle/cascade/gate_small_vehicle_tiny_identity.json,,identity,421416.85121024004,47093.90374890063,0.5676798187653389,real,26506.544636416,2931.176081983722,0.9521345407503234,gate_small_vehicle_tiny,0.4637388051777202,0.43859063509331203,0.20675817030688481,0.3943530561252686,0.3301294468088698,0.23987581892842344,0.13470206898561526,0.0525978257445605,0.012050189896370434,0.0015232292460015233,2.0627062706270627e-05,2290,1,,5297,,,0.1,447923.39584665606,50025.07983088435
reports/small_vehicle/cascade/gate_small_vehicle_tiny_identity.json,,identity,367681.602060288,41088.91689532902,0.6228053615253917,real,26506.544636416,2931.176081983722,0.9146183699870634,gate_small_vehicle_tiny,0.4629567374702045,0.4328330273169669,0.20555127669061793,0.393774515743896,0.32960920678639444,0.23598018503774848,0.13443390729569019,0.05236510150255305,0.012016012317042081,0.0015232292460015233,2.0844189682126108e-05,1998,1,,5297,,,0.15000000000000002,394188.14669670403,44020.09297731274
reports/small_vehicle/cascade/gate_small_vehicle_tiny_identity.json,,identity,333637.00927692803,37284.38755316893,0.6577307910137814,real,26506.544636416,2931.176081983722,0.8803363518758085,gate_small_vehicle_tiny,0.45472465397526585,0.4302561286108229,0.2029728292614637,0.38670142491290393,0.3235721425291764,0.23496269168094455,0.1337875681732949,0.05216585304968326,0.012013668110752584,0.0015232292460015233,2.0932325790718607e-05,1813,1,,5297,,,0.2,360143.55391334405,40215.56363515265
reports/small_vehicle/cascade/gate_small_vehicle_tiny_identity.json,,identity,306769.384701952,34281.89412638312,0.6852935623938079,real,26506.544636416,2931.176081983722,0.8434670116429496,gate_small_vehicle_tiny,0.453910020723493,0.4244256277082251,0.20216475019265853,0.3862514418792692,0.3232549259498706,0.23469054073365658,0.1335333285730032,0.052041545479014,0.01199590930826103,0.0015232292460015233,2.0932325790718607e-05,1667,1,,5297,,,0.25,333275.929338368,37213.070208366844
reports/small_vehicle/cascade/gate_small_vehicle_tiny_identity.json,,identity,281926.033211392,31505.61595777981,0.7107796866150651,real,26506.544636416,2931.176081983722,0.7994825355756792,gate_small_vehicle_tiny,0.44695601093328047,0.42333885361900114,0.20025762573895162,0.3804296435909345,0.32267190651205496,0.23431927392835591,0.13085388425049688,0.05046432179963683,0.011998022656664466,0.0015232292460015233,2.111085308957335e-05,1532,1,,5297,,,0.30000000000000004,308432.577847808,34436.79203976353
reports/small_vehicle/cascade/gate_small_vehicle_tiny_identity.json,,identity,258922.929979392,28934.988023887854,0.734377949782896,real,26506.544636416,2931.176081983722,0.7567917205692108,gate_small_vehicle_tiny,0.4390849077593259,0.41603883041172957,0.1974309314051552,0.37863078443580556,0.31674262969244343,0.22962408909477047,0.1303000079580779,0.05035822594585872,0.011985362747669776,0.0015232292460015233,2.124675986911996e-05,1407,1,,5297,,,0.35000000000000003,285429.474615808,31866.164105871576
reports/small_vehicle/cascade/gate_small_vehicle_tiny_identity.json,,identity,239784.348090368,26796.225582889747,0.7540117047385313,real,26506.544636416,2931.176081983722,0.7199223803363519,gate_small_vehicle_tiny,0.4328269200178375,0.41005471690635337,0.195414637537667,0.3730919354034688,0.3162744471712068,0.22917381208362525,0.12979010256641849,0.050008517312568154,0.0119143010137709,0.0009900990099009901,2.152389151958674e-05,1303,1,,5297,,,0.4,266290.892726784,29727.40166487347
reports/small_vehicle/cascade/gate_small_vehicle_tiny_identity.json,,identity,221197.840678912,24719.158212305047,0.7730791013781386,real,26506.544636416,2931.176081983722,0.6739974126778784,gate_small_vehicle_tiny,0.4247542010208913,0.4080927231793193,0.19310486446881747,0.3713998138264573,0.3103650620158239,0.2243964071759013,0.12920933856423894,0.049914330644712575,0.011905004064716701,0.0009900990099009901,2.1665186212275495e-05,1202,1,,5297,,,0.45,247704.38531532802,27650.33429428877
reports/small_vehicle/cascade/gate_small_vehicle_tiny_identity.json,,identity,205923.78013286402,23012.261264200788,0.7887483481215782,real,26506.544636416,2931.176081983722,0.6358344113842174,gate_small_vehicle_tiny,0.4227094546596866,0.4005867776981689,0.19085581043412964,0.3644001910238772,0.30880139794544736,0.2236440004428669,0.12588243762402365,0.04965644298207252,0.011865590257666583,0.0009900990099009901,2.1712697585548027e-05,1119,1,,5297,,,0.5,232430.32476928004,25943.43734618451
reports/small_vehicle/cascade/gate_small_vehicle_tiny_identity.json,,identity,187153.24789555202,20914.628870144952,0.8080045308665282,real,26506.544636416,2931.176081983722,0.5860284605433377,gate_small_vehicle_tiny,0.4080162725367708,0.39217362585137233,0.18631636539994362,0.3563639670070511,0.3017579010512571,0.2178759390856372,0.1249234914479793,0.04921248022096589,0.011828021298216508,0.0009900990099009901,2.1856490284790067e-05,1017,1,,5297,,,0.55,213659.79253196804,23845.804952128674
reports/small_vehicle/cascade/gate_small_vehicle_tiny_identity.json,,identity,170038.939090944,19002.081687329337,0.8255616386633944,real,26506.544636416,2931.176081983722,0.535575679172057,gate_small_vehicle_tiny,0.39817035150344643,0.3770214129511103,0.18114093521523758,0.3476871082333741,0.2938794580791029,0.21134292846306116,0.12040406010229725,0.04680044460513762,0.014981476003625026,0.0011001100110011,2.2002200220022003e-05,924,1,,5297,,,0.6000000000000001,196545.48372736003,21933.25776931306
reports/small_vehicle/cascade/gate_small_vehicle_tiny_identity.json,,identity,149244.13376921602,16678.23403509101,0.8468944685671135,real,26506.544636416,2931.176081983722,0.48059508408796897,gate_small_vehicle_tiny,0.38266007656705153,0.36819721536237954,0.17587282520089773,0.3340357796422184,0.2819136460700961,0.20988840585711585,0.11949822292241902,0.04649540155837791,0.014916993588229835,0.0011001100110011,2.2400430088257698e-05,811,1,,5297,,,0.65,175750.67840563203,19609.41011707473
reports/small_vehicle/cascade/gate_small_vehicle_tiny_identity.json,,identity,131025.67600947201,14642.29671144858,0.8655842929960355,real,26506.544636416,2931.176081983722,0.425614489003881,gate_small_vehicle_tiny,0.36489699593080505,0.3451400986646452,0.16765642246617268,0.3185726988663083,0.2735382070951564,0.19923855854273415,0.11507051945983042,0.04421463837649599,0.01476984420655228,0.0011001100110011,2.255350819820023e-05,712,1,,5297,,,0.7000000000000001,157532.220645888,17573.472793432302
reports/small_vehicle/cascade/gate_small_vehicle_tiny_identity.json,,identity,111519.044468736,12462.404223508202,0.885595620162356,real,26506.544636416,2931.176081983722,0.3641655886157827,gate_small_vehicle_tiny,0.3383699643525425,0.32558198656980386,0.15639586496794045,0.29974792755015184,0.25104482560895147,0.18532649030754317,0.10573904801734144,0.04296515556144816,0.013922494794809101,0.0012376237623762376,2.313315443693902e-05,606,1,,5297,,,0.75,138025.589105152,15393.580305491923
reports/small_vehicle/cascade/gate_small_vehicle_tiny_identity.json,,identity,90908.263972864,10159.12159474101,0.9067396639607325,real,26506.544636416,2931.176081983722,0.30206985769728334,gate_small_vehicle_tiny,0.3136842657111817,0.30121990293395123,0.14503302446255667,0.2763189737187103,0.23487397940028817,0.17117617605690166,0.09880284212251461,0.03938955016482064,0.013603412963613096,0.0012376237623762376,2.3517791209049648e-05,494,1,,5297,,,0.8,117414.80860928001,13090.297676724731
reports/small_vehicle/cascade/gate_small_vehicle_tiny_identity.json,,identity,71953.706909696,8040.924177214038,0.9261846328110251,real,26506.544636416,2931.176081983722,0.24644243208279432,gate_small_vehicle_tiny,0.2809869346493661,0.27553144781680056,0.13044644908235895,0.2511819987880468,0.21162424991222398,0.15525366924572997,0.08758242427436137,0.03290635250542999,0.008380482670241876,0.0009900990099009901,2.683195148783171e-05,391,1,,5297,,,0.8500000000000001,98460.251546112,10972.10025919776
reports/small_vehicle/cascade/gate_small_vehicle_tiny_identity.json,,identity,52079.025717248005,5819.901642331388,0.946573532188031,real,26506.544636416,2931.176081983722,0.17981888745148772,gate_small_vehicle_tiny,0.24439153432927752,0.23341245908685632,0.11231263375362713,0.21740625691262522,0.18075503669007564,0.13497550163201866,0.07707363867243455,0.02724878308043949,0.006596036137730226,0.0012376237623762376,2.9467232437529467e-05,283,1,,5297,,,0.9,78585.570353664,8751.07772431511
reports/small_vehicle/cascade/gate_small_vehicle_tiny_identity.json,,identity,32388.369350656,3619.4441309198737,0.9667736454596941,real,26506.544636416,2931.176081983722,0.111254851228978,gate_small_vehicle_tiny,0.17890406836482817,0.16888041597334005,0.08332898693624279,0.15617336201255502,0.13833386872713932,0.10063048755983812,0.06094778143074865,0.022852648530958898,0.005733705365562316,0.0008027829810008029,3.074841645655248e-05,176,1,,5297,,,0.9500000000000001,58894.913987072,6550.6202129035955
reports/small_vehicle/cascade/gate_small_vehicle_tiny_identity.json,,identity,0.0,0.0,1.0,real,26506.544636416,2931.176081983722,0.0,gate_small_vehicle_tiny,0.0,0.0,0.0,0.0,0.0,0.0,0.0,0.0,0.0,0.0,0.0,0,1,,5297,,,1.0,26506.544636416,2931.176081983722
reports/small_vehicle/cascade/gate_small_vehicle_tiny_isotonic.json,,isotonic,974779.5025592321,108932.92932660552,0.0,real,26506.544636416,2931.176081983722,1.0,gate_small_vehicle_tiny,0.46409695057051303,0.43910603849569096,0.20722062508436018,0.39496210895724515,0.3307467165486183,0.2406085376887314,0.1353965551244907,0.053239632411228456,0.012709737370357202,0.0013201320132013201,1.984166352506994e-05,5297,1,,5297,,,0.0,1001286.0471956481,111864.10540858924
reports/small_vehicle/cascade/gate_small_vehicle_tiny_isotonic.json,,isotonic,542137.136971776,60584.55914596561,0.4438361336605626,real,26506.544636416,2931.176081983722,0.9941785252263907,gate_small_vehicle_tiny,0.4640066197667364,0.4389882528452067,0.20710924036263229,0.39480879967237853,0.33060923138921383,0.24035242075087543,0.1351991772916365,0.0530459448553629,0.012647446753693883,0.0014144271570014143,2.008314421705862e-05,2946,1,,5297,,,0.05,568643.681608192,63515.735227949335
reports/small_vehicle/cascade/gate_small_vehicle_tiny_isotonic.json,,isotonic,508460.59384012804,56821.15985074779,0.4783839909382669,real,26506.544636416,2931.176081983722,0.9864165588615783,gate_small_vehicle_tiny,0.46394755169004465,0.4389262735985205,0.20710142923966543,0.39477566325646285,0.33059676966482343,0.24040165956258522,0.1352222255907437,0.0530572422702001,0.01265239646205554,0.0014144271570014143,2.008314421705862e-05,2763,1,,5297,,,0.1,534967.1384765441,59752.33593273151
reports/small_vehicle/cascade/gate_small_vehicle_tiny_isotonic.json,,isotonic,423625.149120512,47340.68403055426,0.5654143855012271,real,26506.544636416,2931.176081983722,0.9540750323415266,gate_small_vehicle_tiny,0.46371618489113875,0.4385715598724496,0.20674971826070063,0.3943390432189185,0.3301149912527316,0.2398673971636349,0.1346983868699074,0.05259584159796394,0.0120499214315537,0.0015232292460015233,2.0627062706270627e-05,2302,1,,5297,,,0.15000000000000002,450131.693756928,50271.86011253798
reports/small_vehicle/cascade/gate_small_vehicle_tiny_isotonic.json,,isotonic,393997.152157696,44029.71525170142,0.5958089484613933,real,26506.544636416,2931.176081983722,0.9366106080206986,gate_small_vehicle_tiny,0.46357505002758115,0.43848757108913416,0.20671751914130318,0.3942995595047089,0.33007033316544865,0.23982996607359147,0.1346960475253175,0.05261989679529315,0.012052910923248922,0.0015232292460015233,2.0627062706270627e-05,2141,1,,5297,,,0.2,420503.69679411204,46960.89133368514
reports/small_vehicle/cascade/gate_small_vehicle_tiny_isotonic.json,,isotonic,364921.229672448,40780.441543261986,0.6256371531055314,real,26506.544636416,2931.176081983722,0.9139715394566623,gate_small_vehicle_tiny,0.46294174194054394,0.4328198211732839,0.20554764502252626,0.39377201808002316,0.3296054765846235,0.2359769877999906,0.13443471494845,0.05236557208812466,0.012016044174539027,0.0015232292460015233,2.0844189682126108e-05,1983,1,,5297,,,0.25,391427.774308864,43711.61762524571
reports/small_vehicle/cascade/gate_small_vehicle_tiny_isotonic.json,,isotonic,338237.629923328,37798.51313994732,0.6530111383802153,real,26506.544636416,2931.176081983722,0.8868046571798189,gate_small_vehicle_tiny,0.4556050119879426,0.43120022013953496,0.20339076618834592,0.3875538595158685,0.3243345980649705,0.2353995673627191,0.13402620413878785,0.05223103159137914,0.012013007510464009,0.0015232292460015233,2.0932325790718607e-05,1838,1,,5297,,,0.30000000000000004,364744.174559744,40729.68922193104
reports/small_vehicle/cascade/gate_small_vehicle_tiny_isotonic.json,,isotonic,337133.480968192,37675.122999120504,0.6541438550122711,real,26506.544636416,2931.176081983722,0.8855109961190168,gate_small_vehicle_tiny,0.45555029707113875,0.4311442374326551,0.2033596063376557,0.3874940594201721,0.3242937010453067,0.23535046879355837,0.13399814332619733,0.05220795227509735,0.012013042440638956,0.0015232292460015233,2.0932325790718607e-05,1832,1,,5297,,,0.35000000000000003,363640.025604608,40606.299081104225
reports/small_vehicle/cascade/gate_small_vehicle_tiny_isotonic.json,,isotonic,306769.384701952,34281.89412638312,0.6852935623938079,real,26506.544636416,2931.176081983722,0.8434670116429496,gate_small_vehicle_tiny,0.453910020723493,0.4244256277082251,0.20216475019265853,0.3862514418792692,0.3232549259498706,0.23469054073365658,0.1335333285730032,0.052041545479014,0.01199590930826103,0.0015232292460015233,2.0932325790718607e-05,1667,1,,5297,,,0.4,333275.929338368,37213.070208366844
reports/small_vehicle/cascade/gate_small_vehicle_tiny_isotonic.json,,isotonic,306769.384701952,34281.89412638312,0.6852935623938079,real,26506.544636416,2931.176081983722,0.8434670116429496,gate_small_vehicle_tiny,0.453910020723493,0.4244256277082251,0.20216475019265853,0.3862514418792692,0.3232549259498706,0.23469054073365658,0.1335333285730032,0.052041545479014,0.01199590930826103,0.0015232292460015233,2.0932325790718607e-05,1667,1,,5297,,,0.45,333275.929338368,37213.070208366844
reports/small_vehicle/cascade/gate_small_vehicle_tiny_isotonic.json,,isotonic,294623.746195456,32924.60257728817,0.6977534453464225,real,26506.544636416,2931.176081983722,0.8234152652005174,gate_small_vehicle_tiny,0.44777420027678655,0.4240122528832499,0.20140207688399162,0.38586241659884785,0.32300270719115937,0.2344838803071074,0.13340103085826255,0.05194831126291158,0.011991629362499692,0.0015232292460015233,2.111085308957335e-05,1601,1,,5297,,,0.5,321130.29083187203,35855.77865927189
reports/small_vehicle/cascade/gate_small_vehicle_tiny_isotonic.json,,isotonic,272540.76709273603,30456.799760751892,0.7204077779875402,real,26506.544636416,2931.176081983722,0.7846054333764554,gate_small_vehicle_tiny,0.44096540917800003,0.41772745766828273,0.1991036229342923,0.3803496310172307,0.3227044290738262,0.23436398752531634,0.13089447089869574,0.050485117318131364,0.01200134145568842,0.0015232292460015233,2.1155961750021158e-05,1481,1,,5297,,,0.55,299047.31172915205,33387.975842735614
reports/small_vehicle/cascade/gate_small_vehicle_tiny_isotonic.json,,isotonic,239968.372916224,26816.790606360883,0.7538229186331886,real,26506.544636416,2931.176081983722,0.720569210866753,gate_small_vehicle_tiny,0.4328028056482048,0.410036122713137,0.19540606075737182,0.3730780383242331,0.31625792356326654,0.22916565770581865,0.12978577812655984,0.050008357577307115,0.0119143010137709,0.0009900990099009901,2.152389151958674e-05,1304,1,,5297,,,0.6000000000000001,266474.91755264,29747.966688344604
reports/small_vehicle/cascade/gate_small_vehicle_tiny_isotonic.json,,isotonic,234447.628140544,26199.839902226813,0.759486501793468,real,26506.544636416,2931.176081983722,0.7082794307891332,gate_small_vehicle_tiny,0.43242853575939555,0.4097327062153788,0.19529110009185013,0.3728396069540438,0.31606865483867014,0.22912542138540487,0.12972893248484077,0.05005802970495856,0.01191744378137858,0.0009900990099009901,2.157078452943334e-05,1274,1,,5297,,,0.65,260954.17277696,29131.015984210535
reports/small_vehicle/cascade/gate_small_vehicle_tiny_isotonic.json,,isotonic,225430.4116736,25192.153752141166,0.7687370209552578,real,26506.544636416,2931.176081983722,0.6862871927554981,gate_small_vehicle_tiny,0.4310224917575873,0.40856853698391854,0.1943285446616412,0.37184139954728107,0.3107530942646734,0.2286553606056858,0.12950738431491252,0.05001513465489449,0.011910327595245617,0.0009900990099009901,2.161788231224869e-05,1225,1,,5297,,,0.7000000000000001,251936.956310016,28123.32983412489
reports/small_vehicle/cascade/gate_small_vehicle_tiny_isotonic.json,,isotonic,208132.07804313602,23259.041545854416,0.7864829148574665,real,26506.544636416,2931.176081983722,0.6429495472186287,gate_small_vehicle_tiny,0.42308324925660584,0.4009148353562868,0.19101875428413395,0.36475422278685615,0.3091050743096019,0.22375719205471503,0.1259846099465599,0.049714604172849695,0.011861943250377654,0.0009900990099009901,2.1712697585548027e-05,1131,1,,5297,,,0.75,234638.622679552,26190.217627838138
reports/small_vehicle/cascade/gate_small_vehicle_tiny_isotonic.json,,isotonic,150164.257898496,16781.059152446687,0.8459505380404002,real,26506.544636416,2931.176081983722,0.48382923673997413,gate_small_vehicle_tiny,0.38277719330616833,0.3683808598138228,0.17647824437430507,0.3341569557281639,0.28723739354703,0.21004484404447343,0.11960816412258425,0.046533097185723585,0.014921476119299948,0.0011001100110011,2.2349864783318057e-05,816,1,,5297,,,0.8,176670.802534912,19712.23523443041
reports/small_vehicle/cascade/gate_small_vehicle_tiny_isotonic.json,,isotonic,126057.00571136,14087.041077727918,0.8706815178402869,real,26506.544636416,2931.176081983722,0.41332470892626133,gate_small_vehicle_tiny,0.35753275253160494,0.34420232664551575,0.16560551837193377,0.31768396504563956,0.2673483593700701,0.19861664027152823,0.1114619030152325,0.044067647112591514,0.014018822988238614,0.0011001100110011,2.2656727915354465e-05,685,1,,5297,,,0.8500000000000001,152563.550347776,17018.21715971164
reports/small_vehicle/cascade/gate_small_vehicle_tiny_isotonic.json,,isotonic,73425.90551654401,8205.444364983123,0.924674343968284,real,26506.544636416,2931.176081983722,0.2516170763260026,gate_small_vehicle_tiny,0.2889072691370995,0.2765946690878312,0.13156575885465327,0.252109114428462,0.21208740121885847,0.1558476943777907,0.08766254757499761,0.032986677394689023,0.008445356884203286,0.0009900990099009901,2.675943270002676e-05,399,1,,5297,,,0.9,99932.45015296001,11136.620446966845
reports/small_vehicle/cascade/gate_small_vehicle_tiny_isotonic.json,,isotonic,73425.90551654401,8205.444364983123,0.924674343968284,real,26506.544636416,2931.176081983722,0.2516170763260026,gate_small_vehicle_tiny,0.2889072691370995,0.2765946690878312,0.13156575885465327,0.252109114428462,0.21208740121885847,0.1558476943777907,0.08766254757499761,0.032986677394689023,0.008445356884203286,0.0009900990099009901,2.675943270002676e-05,399,1,,5297,,,0.9500000000000001,99932.45015296001,11136.620446966845
reports/small_vehicle/cascade/gate_small_vehicle_tiny_isotonic.json,,isotonic,14169.911590912001,1583.5068072774448,0.9854634698886162,real,26506.544636416,2931.176081983722,0.04980595084087969,gate_small_vehicle_tiny,0.09724662160289399,0.0964003795093722,0.04751872860910543,0.08570772004340818,0.0811627127099925,0.05797813565164318,0.03890918101046258,0.012362731808895173,0.004813630139186139,0.0006000600060006001,6.113609199759124e-06,77,1,,5297,,,1.0,40676.456227328,4514.682889261167
reports/small_vehicle/cascade/gate_small_vehicle_tiny_platt.json,,platt,974779.5025592321,108932.92932660552,0.0,real,26506.544636416,2931.176081983722,1.0,gate_small_vehicle_tiny,0.46409695057051303,0.43910603849569096,0.20722062508436018,0.39496210895724515,0.3307467165486183,0.2406085376887314,0.1353965551244907,0.053239632411228456,0.012709737370357202,0.0013201320132013201,1.984166352506994e-05,5297,1,,5297,,,0.0,1001286.0471956481,111864.10540858924
reports/small_vehicle/cascade/gate_small_vehicle_tiny_platt.json,,platt,540296.8887132161,60378.90891125426,0.44572399471398905,real,26506.544636416,2931.176081983722,0.9928848641655886,gate_small_vehicle_tiny,0.46400196275965244,0.4389858593799524,0.2071057272968735,0.3948063106196379,0.33060337253165295,0.2403457190420082,0.13519767832917068,0.05303439767586405,0.012647462329578047,0.0014144271570014143,2.008314421705862e-05,2936,1,,5297,,,0.05,566803.4333496321,63310.08499323798
reports/small_vehicle/cascade/gate_small_vehicle_tiny_platt.json,,platt,476624.29896704,53263.41079024132,0.5110439871625448,real,26506.544636416,2931.176081983722,0.9734799482535575,gate_small_vehicle_tiny,0.46389280128316923,0.4388286104079168,0.20693421611709897,0.3946247673698796,0.3304265614399313,0.24017791614946332,0.13494243308693676,0.05287224816584755,0.012089721005706537,0.0014668133480014668,2.028891413731537e-05,2590,1,,5297,,,0.1,503130.84360345604,56194.586872225045
reports/small_vehicle/cascade/gate_small_vehicle_tiny_platt.json,,platt,433010.41523916804,48389.500227582175,0.5557862941287521,real,26506.544636416,2931.176081983722,0.9586028460543338,gate_small_vehicle_tiny,0.4637471212923794,0.4386102595949241,0.20676723729894725,0.39439170879964636,0.3301549769664341,0.23987762281638836,0.1346900682493663,0.052606521778245915,0.012050237183380214,0.0015232292460015233,2.0627062706270627e-05,2353,1,,5297,,,0.15000000000000002,459516.95987558406,51320.6763095659
reports/small_vehicle/cascade/gate_small_vehicle_tiny_platt.json,,platt,400806.070714368,44790.62112013344,0.5888238625637153,real,26506.544636416,2931.176081983722,0.9398447606727037,gate_small_vehicle_tiny,0.4636478246049791,0.43848545597810096,0.20670603717666833,0.3942497490046961,0.3300096284478649,0.23978823596755783,0.13467282751078608,0.052610511579775684,0.012052282364214604,0.0015232292460015233,2.0627062706270627e-05,2178,1,,5297,,,0.2,427312.61535078404,47721.79720211716
reports/small_vehicle/cascade/gate_small_vehicle_tiny_platt.json,,platt,370441.974448128,41397.392247396056,0.619973569945252,real,26506.544636416,2931.176081983722,0.9178525226390686,gate_small_vehicle_tiny,0.46298495441154774,0.4328684004171464,0.20556317053196865,0.3937945179944323,0.329622287488376,0.2360010455108388,0.13443989549572016,0.05236096364040693,0.012015566925534673,0.0015232292460015233,2.0844189682126108e-05,2013,1,,5297,,,0.25,396948.51908454404,44328.56832937978
reports/small_vehicle/cascade/gate_small_vehicle_tiny_platt.json,,platt,347806.92086784,38867.89436044637,0.6431942609023975,real,26506.544636416,2931.176081983722,0.8926261319534282,gate_small_vehicle_tiny,0.4563786517225398,0.4319799618913131,0.20465945995110904,0.3931355377325529,0.32922784668044186,0.2357571985338301,0.13424071625820735,0.05231732659603909,0.012013198524373627,0.0015232292460015233,2.0932325790718607e-05,1890,1,,5297,,,0.30000000000000004,374313.465504256,41799.07044243009
reports/small_vehicle/cascade/gate_small_vehicle_tiny_platt.json,,platt,327380.165197824,36585.176755150314,0.6641495185954314,real,26506.544636416,2931.176081983722,0.8680465717981889,gate_small_vehicle_tiny,0.4539840839038928,0.42451555403328545,0.2022268372849479,0.38636518005615295,0.32336570387018254,0.23479795213723129,0.13362400080693904,0.05206711021775445,0.012004626252247986,0.0015232292460015233,2.0932325790718607e-05,1779,1,,5297,,,0.35000000000000003,353886.70983424,39516.352837134036
reports/small_vehicle/cascade/gate_small_vehicle_tiny_platt.json,,platt,309529.757089792,34590.36947845016,0.6824617708136681,real,26506.544636416,2931.176081983722,0.8447606727037517,gate_small_vehicle_tiny,0.45391294149889155,0.424443011306155,0.20217951389895344,0.38627864040947807,0.3232943641958072,0.23470913703019708,0.1335576623508871,0.05205592888061196,0.011999291745714125,0.0015232292460015233,2.0932325790718607e-05,1682,1,,5297,,,0.4,336036.301726208,37521.54556043388
reports/small_vehicle/cascade/gate_small_vehicle_tiny_platt.json,,platt,291863.373807616,32616.127225221135,0.7005852369265622,real,26506.544636416,2931.176081983722,0.8169469598965071,gate_small_vehicle_tiny,0.44760425641719026,0.4238933305982458,0.20110131916609708,0.38578113918592394,0.32295706598279555,0.2344557273711998,0.13084179182458588,0.051940876192581364,0.011994663989357045,0.0015232292460015233,2.111085308957335e-05,1586,1,,5297,,,0.45,318369.918444032,35547.30330720486
reports/small_vehicle/cascade/gate_small_vehicle_tiny_platt.json,,platt,274749.065003008,30703.58004240552,0.7181423447234283,real,26506.544636416,2931.176081983722,0.7871927554980596,gate_small_vehicle_tiny,0.4409385983854377,0.41771193522247874,0.19910619740282715,0.3803487937482642,0.3227052009831211,0.23437584065268738,0.1309193850584446,0.05051253402130666,0.01200530074877942,0.0015232292460015233,2.1155961750021158e-05,1493,1,,5297,,,0.5,301255.609639424,33634.75612438924
reports/small_vehicle/cascade/gate_small_vehicle_tiny_platt.json,,platt,255978.532765696,28605.947648349684,0.7373985274683783,real,26506.544636416,2931.176081983722,0.7509702457956016,gate_small_vehicle_tiny,0.4390879618276769,0.41601348469183863,0.19739733599529713,0.3786000038608551,0.3166708125975886,0.22954129124614742,0.13023083371984998,0.05030988505309444,0.011974610950049716,0.0015232292460015233,2.124675986911996e-05,1391,1,,5297,,,0.55,282485.077402112,31537.123730333406
reports/small_vehicle/cascade/gate_small_vehicle_tiny_platt.json,,platt,239784.348090368,26796.225582889747,0.7540117047385313,real,26506.544636416,2931.176081983722,0.7199223803363519,gate_small_vehicle_tiny,0.4328269200178375,0.41005471690635337,0.195414637537667,0.3730919354034688,0.3162744471712068,0.22917381208362525,0.12979010256641849,0.050008517312568154,0.0119143010137709,0.0009900990099009901,2.152389151958674e-05,1303,1,,5297,,,0.6000000000000001,266290.892726784,29727.40166487347
reports/small_vehicle/cascade/gate_small_vehicle_tiny_platt.json,,platt,222670.03928576,24883.67840007413,0.7715688125353974,real,26506.544636416,2931.176081983722,0.6778783958602846,gate_small_vehicle_tiny,0.4307732922545453,0.40831810071672303,0.19418092890511254,0.3715732561781627,0.31053120628299596,0.22838362483457392,0.12932346374161027,0.049985997291072407,0.011908630859228329,0.0009900990099009901,2.161788231224869e-05,1210,1,,5297,,,0.65,249176.58392217598,27814.854482057854
reports/small_vehicle/cascade/gate_small_vehicle_tiny_platt.json,,platt,206659.879436288,23094.52135808533,0.7879932037002076,real,26506.544636416,2931.176081983722,0.6384217335058214,gate_small_vehicle_tiny,0.4227818911597947,0.40066595613158174,0.19089309271631857,0.36448796510323633,0.3088981111048087,0.22364507005706002,0.1259077636573318,0.04966805417385344,0.011864304068032629,0.0009900990099009901,2.1712697585548027e-05,1123,1,,5297,,,0.7000000000000001,233166.424072704,26025.697440069052
reports/small_vehicle/cascade/gate_small_vehicle_tiny_platt.json,,platt,186049.098940416,20791.23872931814,0.8091372474985841,real,26506.544636416,2931.176081983722,0.5827943078913325,gate_small_vehicle_tiny,0.40763138706330154,0.38609045137157827,0.18567301106234807,0.3562514118223089,0.3017814944469996,0.2179528317101676,0.12495317310002932,0.04922949494000669,0.011827910668902887,0.0009900990099009901,2.1856490284790067e-05,1011,1,,5297,,,0.75,212555.64357683202,23722.41481130186
reports/small_vehicle/cascade/gate_small_vehicle_tiny_platt.json,,platt,163414.04536012802,18261.740842368454,0.8323579384557297,real,26506.544636416,2931.176081983722,0.5161707632600259,gate_small_vehicle_tiny,0.3908737971190599,0.3759491283059506,0.17890840649009643,0.34116812589601064,0.288029860622024,0.21064846896031658,0.11981948245706649,0.046556531645295815,0.014916508681345945,0.0011001100110011,2.205120289311782e-05,888,1,,5297,,,0.8,189920.589996544,21192.916924352176
reports/small_vehicle/cascade/gate_small_vehicle_tiny_platt.json,,platt,136546.420785152,15259.24741558265,0.8599207098357561,real,26506.544636416,2931.176081983722,0.44307891332470895,gate_small_vehicle_tiny,0.3742946692644753,0.36015132080647366,0.17229210524940128,0.3264315220532207,0.2803346687703675,0.20428536054039176,0.11551762533251991,0.04596619457030623,0.014817078895031628,0.0011001100110011,2.25022502250225e-05,742,1,,5297,,,0.8500000000000001,163052.96542156802,18190.42349756637
reports/small_vehicle/cascade/gate_small_vehicle_tiny_platt.json,,platt,105262.20038963201,11763.19342548959,0.892014347744006,real,26506.544636416,2931.176081983722,0.34670116429495473,gate_small_vehicle_tiny,0.3301943867649647,0.3174558149176453,0.1531225675484847,0.29190834010035954,0.2490612605852702,0.1831288088511919,0.10411963227830132,0.04032883267050731,0.013767679106938885,0.0012376237623762376,2.3296447291788e-05,572,1,,5297,,,0.9,131768.745026048,14694.369507473311
reports/small_vehicle/cascade/gate_small_vehicle_tiny_platt.json,,platt,67537.11108915201,7547.363613906782,0.9307154993392486,real,26506.544636416,2931.176081983722,0.2315653298835705,gate_small_vehicle_tiny,0.272028451649109,0.2668045472952393,0.12602193382464255,0.2429743593955151,0.20391772147398082,0.14924809170257095,0.08631375909416375,0.03035086152960492,0.007564468921684085,0.0009900990099009901,2.6978174656702727e-05,367,1,,5297,,,0.9500000000000001,94043.65572556801,10478.539695890504
reports/small_vehicle/cascade/gate_small_vehicle_tiny_platt.json,,platt,0.0,0.0,1.0,real,26506.544636416,2931.176081983722,0.0,gate_small_vehicle_tiny,0.0,0.0,0.0,0.0,0.0,0.0,0.0,0.0,0.0,0.0,0.0,0,1,,5297,,,1.0,26506.544636416,2931.176081983722
reports/small_vehicle/cascade/gate_small_vehicle_tiny_temperature.json,,temperature,974779.5025592321,108932.92932660552,0.0,real,26506.544636416,2931.176081983722,1.0,gate_small_vehicle_tiny,0.46409695057051303,0.43910603849569096,0.20722062508436018,0.39496210895724515,0.3307467165486183,0.2406085376887314,0.1353965551244907,0.053239632411228456,0.012709737370357202,0.0013201320132013201,1.984166352506994e-05,5297,1,,5297,,,0.0,1001286.0471956481,111864.10540858924
reports/small_vehicle/cascade/gate_small_vehicle_tiny_temperature.json,,temperature,530359.548116992,59268.39764381293,0.45591844440249196,real,26506.544636416,2931.176081983722,0.9909443725743855,gate_small_vehicle_tiny,0.4640093034217698,0.43899453842148656,0.2071086337611116,0.3948108506446285,0.33060672375909417,0.24034966012619896,0.13519826616299946,0.05303450013083514,0.012647984642885407,0.0014144271570014143,2.008314421705862e-05,2882,1,,5297,,,0.05,556866.092753408,62199.573725796654
reports/small_vehicle/cascade/gate_small_vehicle_tiny_temperature.json,,temperature,446996.30200422404,49952.442011388484,0.541438550122711,real,26506.544636416,2931.176081983722,0.963777490297542,gate_small_vehicle_tiny,0.46390443485674576,0.4388272185387879,0.20693287813060857,0.394598924832655,0.33041803785069535,0.24016237615049216,0.13496818171572522,0.05287164959443742,0.012090855504407957,0.0014668133480014668,2.028891413731537e-05,2429,1,,5297,,,0.1,473502.84664064005,52883.618093372206
reports/small_vehicle/cascade/gate_small_vehicle_tiny_temperature.json,,temperature,394365.201809408,44070.84529864369,0.595431376250708,real,26506.544636416,2931.176081983722,0.9366106080206986,gate_small_vehicle_tiny,0.46357096470242376,0.43848383156425436,0.20671592595805385,0.3942963404236652,0.3300680201132619,0.23982834184350876,0.13469533056461716,0.05261969518269541,0.012052878877404374,0.0015232292460015233,2.0627062706270627e-05,2143,1,,5297,,,0.15000000000000002,420871.74644582404,47002.02138062741
reports/small_vehicle/cascade/gate_small_vehicle_tiny_temperature.json,,temperature,349647.1691264,39073.54459515773,0.6413063998489712,real,26506.544636416,2931.176081983722,0.8958602846054333,gate_small_vehicle_tiny,0.45633607784668245,0.4319364950859276,0.20464206577156857,0.39309888042884605,0.3292000771053823,0.23574383529955958,0.1342332125867093,0.052314719266412554,0.012013198524373627,0.0015232292460015233,2.0932325790718607e-05,1900,1,,5297,,,0.2,376153.71376281604,42004.72067714145
reports/small_vehicle/cascade/gate_small_vehicle_tiny_temperature.json,,temperature,318915.023208448,35639.185675478075,0.6728336794411931,real,26506.544636416,2931.176081983722,0.8570504527813713,gate_small_vehicle_tiny,0.4539629220999501,0.4245030029733064,0.20220369111587216,0.38633219988664175,0.3233300781615179,0.2347396978568516,0.1335609337897484,0.05206206642813993,0.012001848390773317,0.0015232292460015233,2.0932325790718607e-05,1733,1,,5297,,,0.25,345421.56784486404,38570.3617574618
reports/small_vehicle/cascade/gate_small_vehicle_tiny_temperature.json,,temperature,291863.373807616,32616.127225221135,0.7005852369265622,real,26506.544636416,2931.176081983722,0.8169469598965071,gate_small_vehicle_tiny,0.44760425641719026,0.4238933305982458,0.20110131916609708,0.38578113918592394,0.32295706598279555,0.2344557273711998,0.13084179182458588,0.051940876192581364,0.011994663989357045,0.0015232292460015233,2.111085308957335e-05,1586,1,,5297,,,0.30000000000000004,318369.918444032,35547.30330720486
reports/small_vehicle/cascade/gate_small_vehicle_tiny_temperature.json,,temperature,266835.9974912,29819.284033146687,0.7262601472531622,real,26506.544636416,2931.176081983722,0.7723156532988357,gate_small_vehicle_tiny,0.4405608597864156,0.4173114202068585,0.19810468637144954,0.37995931140196165,0.3178086346664299,0.23048167572069778,0.1308447657147944,0.05052339175934765,0.012012328452119157,0.0015232292460015233,2.124675986911996e-05,1450,1,,5297,,,0.35000000000000003,293342.542127616,32750.46011513041
reports/small_vehicle/cascade/gate_small_vehicle_tiny_temperature.json,,temperature,243280.81978163202,27186.961028841324,0.7504247687370209,real,26506.544636416,2931.176081983722,0.7270375161707633,gate_small_vehicle_tiny,0.43855916184365684,0.4154964882039244,0.19701374420836498,0.37809106140187676,0.3161373157808666,0.22909649635879248,0.1297964045851153,0.05003074120378331,0.011918149804213492,0.0009900990099009901,2.152389151958674e-05,1322,1,,5297,,,0.4,269787.364418048,30118.137110825046
reports/small_vehicle/cascade/gate_small_vehicle_tiny_temperature.json,,temperature,223222.113763328,24945.37347048754,0.7710024542193694,real,26506.544636416,2931.176081983722,0.6791720569210866,gate_small_vehicle_tiny,0.43085606601735393,0.408414379347869,0.1942338285435523,0.37167024172741336,0.3106236009419855,0.22851178292060664,0.12937531330443794,0.04996933388059649,0.011905850403047239,0.0009900990099009901,2.161788231224869e-05,1213,1,,5297,,,0.45,249728.65839974402,27876.54955247126
reports/small_vehicle/cascade/gate_small_vehicle_tiny_temperature.json,,temperature,205923.78013286402,23012.261264200788,0.7887483481215782,real,26506.544636416,2931.176081983722,0.6358344113842174,gate_small_vehicle_tiny,0.4227094546596866,0.4005867776981689,0.19085581043412964,0.3644001910238772,0.30880139794544736,0.2236440004428669,0.12588243762402365,0.04965644298207252,0.011865590257666583,0.0009900990099009901,2.1712697585548027e-05,1119,1,,5297,,,0.5,232430.32476928004,25943.43734618451
reports/small_vehicle/cascade/gate_small_vehicle_tiny_temperature.json,,temperature,185497.024462848,20729.54365890473,0.8097036058146121,real,26506.544636416,2931.176081983722,0.5808538163001293,gate_small_vehicle_tiny,0.40753719471243094,0.38602335589632264,0.18563533046661257,0.35617738438791646,0.30170699824140235,0.21789711466609338,0.12492695757261699,0.049241629160365535,0.011830714528791765,0.0009900990099009901,2.1856490284790067e-05,1008,1,,5297,,,0.55,212003.569099264,23660.719740888453
reports/small_vehicle/cascade/gate_small_vehicle_tiny_temperature.json,,temperature,165438.318444544,18487.956100550946,0.8302812912969606,real,26506.544636416,2931.176081983722,0.5219922380336351,gate_small_vehicle_tiny,0.3977662174592874,0.376682817539229,0.18042516830012573,0.34742782935142374,0.2885314585972909,0.21106321793555155,0.1201090201621578,0.04660640461440288,0.01494260513069307,0.0011001100110011,2.2002200220022003e-05,899,1,,5297,,,0.6000000000000001,191944.86308096,21419.132182534668
reports/small_vehicle/cascade/gate_small_vehicle_tiny_temperature.json,,temperature,143539.36416768,16040.718307485804,0.8527468378327355,real,26506.544636416,2931.176081983722,0.4644243208279431,gate_small_vehicle_tiny,0.38207939313443795,0.3614827839007193,0.17419298392106844,0.3334782786784638,0.2814477904347791,0.20509729352469763,0.11608582081323404,0.04626601598564745,0.014869901502989743,0.0011001100110011,2.2451224714308165e-05,780,1,,5297,,,0.65,170045.908804096,18971.894389469526
reports/small_vehicle/cascade/gate_small_vehicle_tiny_temperature.json,,temperature,123848.707801088,13840.26079607429,0.8729469511043987,real,26506.544636416,2931.176081983722,0.4055627425614489,gate_small_vehicle_tiny,0.3571825946129199,0.34385830191300804,0.16539419508997463,0.3173056543181553,0.26700391099969095,0.19825597961447788,0.11122433446827015,0.04397589164620872,0.01401235997477266,0.0011001100110011,2.2813341241958298e-05,673,1,,5297,,,0.7000000000000001,150355.252437504,16771.43687805801
reports/small_vehicle/cascade/gate_small_vehicle_tiny_temperature.json,,temperature,100845.604569088,11269.632862182334,0.8965452142722296,real,26506.544636416,2931.176081983722,0.33376455368693403,gate_small_vehicle_tiny,0.32230290314837223,0.3098105986612652,0.15018659451689606,0.29076189214182036,0.2425238502436864,0.17776132322314928,0.10347560536137011,0.040226052634791,0.013742799544838253,0.0012376237623762376,2.3296447291788e-05,548,1,,5297,,,0.75,127352.149205504,14200.808944166056
reports/small_vehicle/cascade/gate_small_vehicle_tiny_temperature.json,,temperature,81338.973028352,9089.740374241956,0.9165565414385501,real,26506.544636416,2931.176081983722,0.27360931435963776,gate_small_vehicle_tiny,0.2966854968050424,0.2842788551074754,0.13574337125529093,0.2594733474317335,0.21887836353591883,0.16154306100620577,0.09170836086064155,0.034649620320858464,0.008540792235114553,0.00165016501650165,2.5650233417124096e-05,442,1,,5297,,,0.8,107845.517664768,12020.916456225677
reports/small_vehicle/cascade/gate_small_vehicle_tiny_temperature.json,,temperature,65144.788353024,7280.018308782019,0.933169718708703,real,26506.544636416,2931.176081983722,0.22315653298835705,gate_small_vehicle_tiny,0.2711822274270249,0.2593705479572095,0.1246199250930808,0.24193806547183702,0.2033613636813117,0.14871582143173231,0.08275657253086431,0.030305813947603986,0.0075516134730520745,0.0009900990099009901,2.712600027126e-05,354,1,,5297,,,0.8500000000000001,91651.33298944001,10211.19439076574
reports/small_vehicle/cascade/gate_small_vehicle_tiny_temperature.json,,temperature,43613.883727872,4873.910562659148,0.9552576930337927,real,26506.544636416,2931.176081983722,0.15071151358344115,gate_small_vehicle_tiny,0.22532014283470508,0.21487113421173087,0.10412647347906709,0.199964154722138,0.1712153158958278,0.1226096033611379,0.07231040123296369,0.02710606037956627,0.006600565687224972,0.0012376237623762376,2.9732703000029733e-05,237,1,,5297,,,0.9,70120.428364288,7805.08664464287
reports/small_vehicle/cascade/gate_small_vehicle_tiny_temperature.json,,temperature,25579.450793984,2858.538262487855,0.9737587313573721,real,26506.544636416,2931.176081983722,0.08861578266494179,gate_small_vehicle_tiny,0.15225431149851354,0.15059367195355852,0.07299187938518173,0.13835700761358047,0.121326537969314,0.09121474979919013,0.05026650388283443,0.019436324201723382,0.005589498823300051,0.0008486562942008486,3.153181560194236e-05,139,1,,5297,,,0.9500000000000001,52085.9954304,5789.714344471577
reports/small_vehicle/cascade/gate_small_vehicle_tiny_temperature.json,,temperature,0.0,0.0,1.0,real,26506.544636416,2931.176081983722,0.0,gate_small_vehicle_tiny,0.0,0.0,0.0,0.0,0.0,0.0,0.0,0.0,0.0,0.0,0.0,0,1,,5297,,,1.0,26506.544636416,2931.176081983722
reports/small_vehicle/cascade/oracle.json,,identity,974779.5025592321,108932.92932660552,0.0,oracle,0.0,0.0,1.0,oracle_small_vehicle,0.46409690953724775,0.4391056277789862,0.20722048393258308,0.39496199089035017,0.3307468975945087,0.24060763437528337,0.1353965551244907,0.053239546028309596,0.012709704319927531,0.0013201320132013201,1.984166352506994e-05,5297,1,,5297,,,0.0,974779.5025592321,108932.92932660552
reports/small_vehicle/cascade/oracle.json,,identity,284502.38077337603,31793.52628637571,0.7081366811402681,oracle,0.0,0.0,1.0,oracle_small_vehicle,0.481204976830402,0.45485284350583666,0.21393983360910607,0.4078756296869897,0.3408379559477504,0.24746219169744987,0.1386138805511925,0.054299935257289086,0.012910948937424185,0.0013201320132013201,1.984166352506994e-05,1546,1,,5297,,,0.05,284502.38077337603,31793.52628637571
reports/small_vehicle/cascade/oracle.json,,identity,284502.38077337603,31793.52628637571,0.7081366811402681,oracle,0.0,0.0,1.0,oracle_small_vehicle,0.481204976830402,0.45485284350583666,0.21393983360910607,0.4078756296869897,0.3408379559477504,0.24746219169744987,0.1386138805511925,0.054299935257289086,0.012910948937424185,0.0013201320132013201,1.984166352506994e-05,1546,1,,5297,,,0.1,284502.38077337603,31793.52628637571
reports/small_vehicle/cascade/oracle.json,,identity,284502.38077337603,31793.52628637571,0.7081366811402681,oracle,0.0,0.0,1.0,oracle_small_vehicle,0.481204976830402,0.45485284350583666,0.21393983360910607,0.4078756296869897,0.3408379559477504,0.24746219169744987,0.1386138805511925,0.054299935257289086,0.012910948937424185,0.0013201320132013201,1.984166352506994e-05,1546,1,,5297,,,0.15000000000000002,284502.38077337603,31793.52628637571
reports/small_vehicle/cascade/oracle.json,,identity,284502.38077337603,31793.52628637571,0.7081366811402681,oracle,0.0,0.0,1.0,oracle_small_vehicle,0.481204976830402,0.45485284350583666,0.21393983360910607,0.4078756296869897,0.3408379559477504,0.24746219169744987,0.1386138805511925,0.054299935257289086,0.012910948937424185,0.0013201320132013201,1.984166352506994e-05,1546,1,,5297,,,0.2,284502.38077337603,31793.52628637571
reports/small_vehicle/cascade/oracle.json,,identity,284502.38077337603,31793.52628637571,0.7081366811402681,oracle,0.0,0.0,1.0,oracle_small_vehicle,0.481204976830402,0.45485284350583666,0.21393983360910607,0.4078756296869897,0.3408379559477504,0.24746219169744987,0.1386138805511925,0.054299935257289086,0.012910948937424185,0.0013201320132013201,1.984166352506994e-05,1546,1,,5297,,,0.25,284502.38077337603,31793.52628637571
reports/small_vehicle/cascade/oracle.json,,identity,284502.38077337603,31793.52628637571,0.7081366811402681,oracle,0.0,0.0,1.0,oracle_small_vehicle,0.481204976830402,0.45485284350583666,0.21393983360910607,0.4078756296869897,0.3408379559477504,0.24746219169744987,0.1386138805511925,0.054299935257289086,0.012910948937424185,0.0013201320132013201,1.984166352506994e-05,1546,1,,5297,,,0.30000000000000004,284502.38077337603,31793.52628637571
reports/small_vehicle/cascade/oracle.json,,identity,284502.38077337603,31793.52628637571,0.7081366811402681,oracle,0.0,0.0,1.0,oracle_small_vehicle,0.481204976830402,0.45485284350583666,0.21393983360910607,0.4078756296869897,0.3408379559477504,0.24746219169744987,0.1386138805511925,0.054299935257289086,0.012910948937424185,0.0013201320132013201,1.984166352506994e-05,1546,1,,5297,,,0.35000000000000003,284502.38077337603,31793.52628637571
reports/small_vehicle/cascade/oracle.json,,identity,284502.38077337603,31793.52628637571,0.7081366811402681,oracle,0.0,0.0,1.0,oracle_small_vehicle,0.481204976830402,0.45485284350583666,0.21393983360910607,0.4078756296869897,0.3408379559477504,0.24746219169744987,0.1386138805511925,0.054299935257289086,0.012910948937424185,0.0013201320132013201,1.984166352506994e-05,1546,1,,5297,,,0.4,284502.38077337603,31793.52628637571
reports/small_vehicle/cascade/oracle.json,,identity,284502.38077337603,31793.52628637571,0.7081366811402681,oracle,0.0,0.0,1.0,oracle_small_vehicle,0.481204976830402,0.45485284350583666,0.21393983360910607,0.4078756296869897,0.3408379559477504,0.24746219169744987,0.1386138805511925,0.054299935257289086,0.012910948937424185,0.0013201320132013201,1.984166352506994e-05,1546,1,,5297,,,0.45,284502.38077337603,31793.52628637571
reports/small_vehicle/cascade/oracle.json,,identity,284502.38077337603,31793.52628637571,0.7081366811402681,oracle,0.0,0.0,1.0,oracle_small_vehicle,0.481204976830402,0.45485284350583666,0.21393983360910607,0.4078756296869897,0.3408379559477504,0.24746219169744987,0.1386138805511925,0.054299935257289086,0.012910948937424185,0.0013201320132013201,1.984166352506994e-05,1546,1,,5297,,,0.5,284502.38077337603,31793.52628637571
reports/small_vehicle/cascade/oracle.json,,identity,284502.38077337603,31793.52628637571,0.7081366811402681,oracle,0.0,0.0,1.0,oracle_small_vehicle,0.481204976830402,0.45485284350583666,0.21393983360910607,0.4078756296869897,0.3408379559477504,0.24746219169744987,0.1386138805511925,0.054299935257289086,0.012910948937424185,0.0013201320132013201,1.984166352506994e-05,1546,1,,5297,,,0.55,284502.38077337603,31793.52628637571
reports/small_vehicle/cascade/oracle.json,,identity,284502.38077337603,31793.52628637571,0.7081366811402681,oracle,0.0,0.0,1.0,oracle_small_vehicle,0.481204976830402,0.45485284350583666,0.21393983360910607,0.4078756296869897,0.3408379559477504,0.24746219169744987,0.1386138805511925,0.054299935257289086,0.012910948937424185,0.0013201320132013201,1.984166352506994e-05,1546,1,,5297,,,0.6000000000000001,284502.38077337603,31793.52628637571
reports/small_vehicle/cascade/oracle.json,,identity,284502.38077337603,31793.52628637571,0.7081366811402681,oracle,0.0,0.0,1.0,oracle_small_vehicle,0.481204976830402,0.45485284350583666,0.21393983360910607,0.4078756296869897,0.3408379559477504,0.24746219169744987,0.1386138805511925,0.054299935257289086,0.012910948937424185,0.0013201320132013201,1.984166352506994e-05,1546,1,,5297,,,0.65,284502.38077337603,31793.52628637571
reports/small_vehicle/cascade/oracle.json,,identity,284502.38077337603,31793.52628637571,0.7081366811402681,oracle,0.0,0.0,1.0,oracle_small_vehicle,0.481204976830402,0.45485284350583666,0.21393983360910607,0.4078756296869897,0.3408379559477504,0.24746219169744987,0.1386138805511925,0.054299935257289086,0.012910948937424185,0.0013201320132013201,1.984166352506994e-05,1546,1,,5297,,,0.7000000000000001,284502.38077337603,31793.52628637571
reports/small_vehicle/cascade/oracle.json,,identity,284502.38077337603,31793.52628637571,0.7081366811402681,oracle,0.0,0.0,1.0,oracle_small_vehicle,0.481204976830402,0.45485284350583666,0.21393983360910607,0.4078756296869897,0.3408379559477504,0.24746219169744987,0.1386138805511925,0.054299935257289086,0.012910948937424185,0.0013201320132013201,1.984166352506994e-05,1546,1,,5297,,,0.75,284502.38077337603,31793.52628637571
reports/small_vehicle/cascade/oracle.json,,identity,284502.38077337603,31793.52628637571,0.7081366811402681,oracle,0.0,0.0,1.0,oracle_small_vehicle,0.481204976830402,0.45485284350583666,0.21393983360910607,0.4078756296869897,0.3408379559477504,0.24746219169744987,0.1386138805511925,0.054299935257289086,0.012910948937424185,0.0013201320132013201,1.984166352506994e-05,1546,1,,5297,,,0.8,284502.38077337603,31793.52628637571
reports/small_vehicle/cascade/oracle.json,,identity,284502.38077337603,31793.52628637571,0.7081366811402681,oracle,0.0,0.0,1.0,oracle_small_vehicle,0.481204976830402,0.45485284350583666,0.21393983360910607,0.4078756296869897,0.3408379559477504,0.24746219169744987,0.1386138805511925,0.054299935257289086,0.012910948937424185,0.0013201320132013201,1.984166352506994e-05,1546,1,,5297,,,0.8500000000000001,284502.38077337603,31793.52628637571
reports/small_vehicle/cascade/oracle.json,,identity,284502.38077337603,31793.52628637571,0.7081366811402681,oracle,0.0,0.0,1.0,oracle_small_vehicle,0.481204976830402,0.45485284350583666,0.21393983360910607,0.4078756296869897,0.3408379559477504,0.24746219169744987,0.1386138805511925,0.054299935257289086,0.012910948937424185,0.0013201320132013201,1.984166352506994e-05,1546,1,,5297,,,0.9,284502.38077337603,31793.52628637571
reports/small_vehicle/cascade/oracle.json,,identity,284502.38077337603,31793.52628637571,0.7081366811402681,oracle,0.0,0.0,1.0,oracle_small_vehicle,0.481204976830402,0.45485284350583666,0.21393983360910607,0.4078756296869897,0.3408379559477504,0.24746219169744987,0.1386138805511925,0.054299935257289086,0.012910948937424185,0.0013201320132013201,1.984166352506994e-05,1546,1,,5297,,,0.9500000000000001,284502.38077337603,31793.52628637571
reports/small_vehicle/cascade/oracle.json,,identity,284502.38077337603,31793.52628637571,0.7081366811402681,oracle,0.0,0.0,1.0,oracle_small_vehicle,0.481204976830402,0.45485284350583666,0.21393983360910607,0.4078756296869897,0.3408379559477504,0.24746219169744987,0.1386138805511925,0.054299935257289086,0.012910948937424185,0.0013201320132013201,1.984166352506994e-05,1546,1,,5297,,,1.0,284502.38077337603,31793.52628637571
